"UF","MUNICÍPIO","UNIDADE","SUCURSAL"
"AC","ACRELANDIA","DISTRITO FEDERAL","SUDF"
"AC","ASSIS BRASIL","DISTRITO FEDERAL","SUDF"
"AC","BRASILEIA","DISTRITO FEDERAL","SUDF"
"AC","BUJARI","DISTRITO FEDERAL","SUDF"
"AC","CAPIXABA","DISTRITO FEDERAL","SUDF"
"AC","CRUZEIRO DO SUL","DISTRITO FEDERAL","SUDF"
"AC","EPITACIOLANDIA","DISTRITO FEDERAL","SUDF"
"AC","FEIJO","DISTRITO FEDERAL","SUDF"
"AC","JORDAO","DISTRITO FEDERAL","SUDF"
"AC","MANCIO LIMA","DISTRITO FEDERAL","SUDF"
"AC","MANOEL URBANO","DISTRITO FEDERAL","SUDF"
"AC","MARECHAL THAUMATURGO","DISTRITO FEDERAL","SUDF"
"AC","PLACIDO DE CASTRO","DISTRITO FEDERAL","SUDF"
"AC","PORTO ACRE","DISTRITO FEDERAL","SUDF"
"AC","PORTO WALTER","DISTRITO FEDERAL","SUDF"
"AC","RIO BRANCO","DISTRITO FEDERAL","SUDF"
"AC","RODRIGUES ALVES","DISTRITO FEDERAL","SUDF"
"AC","SANTA ROSA DO PURUS","DISTRITO FEDERAL","SUDF"
"AC","SENA MADUREIRA","DISTRITO FEDERAL","SUDF"
"AC","SENADOR GUIOMARD","DISTRITO FEDERAL","SUDF"
"AC","TARAUACA","DISTRITO FEDERAL","SUDF"
"AC","XAPURI","DISTRITO FEDERAL","SUDF"
"AL","AGUA BRANCA","PERNAMBUCO","SUPE"
"AL","BELO MONTE","PERNAMBUCO","SUPE"
"AL","CANAPI","PERNAMBUCO","SUPE"
"AL","CARNEIROS","PERNAMBUCO","SUPE"
"AL","DELMIRO GOUVEIA","PERNAMBUCO","SUPE"
"AL","INHAPI","PERNAMBUCO","SUPE"
"AL","MARAVILHA","PERNAMBUCO","SUPE"
"AL","MATA GRANDE","PERNAMBUCO","SUPE"
"AL","OLHO D'AGUA DO CASADO","PERNAMBUCO","SUPE"
"AL","OURO BRANCO","PERNAMBUCO","SUPE"
"AL","PALESTINA","PERNAMBUCO","SUPE"
"AL","PAO DE ACUCAR","PERNAMBUCO","SUPE"
"AL","PARICONHA","PERNAMBUCO","SUPE"
"AL","PIRANHAS","PERNAMBUCO","SUPE"
"AL","POCO DAS TRINCHEIRAS","PERNAMBUCO","SUPE"
"AL","SANTANA DO IPANEMA","PERNAMBUCO","SUPE"
"AL","SAO JOSE DA TAPERA","PERNAMBUCO","SUPE"
"AL","SENADOR RUI PALMEIRA","PERNAMBUCO","SUPE"
"AM","ALVARAES","DISTRITO FEDERAL","SUDF"
"AM","AMATURA","DISTRITO FEDERAL","SUDF"
"AM","ANAMA","DISTRITO FEDERAL","SUDF"
"AM","ANORI","DISTRITO FEDERAL","SUDF"
"AM","APUI","DISTRITO FEDERAL","SUDF"
"AM","ATALAIA DO NORTE","DISTRITO FEDERAL","SUDF"
"AM","AUTAZES","DISTRITO FEDERAL","SUDF"
"AM","BARCELOS","DISTRITO FEDERAL","SUDF"
"AM","BARREIRINHA","DISTRITO FEDERAL","SUDF"
"AM","BENJAMIN CONSTANT","DISTRITO FEDERAL","SUDF"
"AM","BERURI","DISTRITO FEDERAL","SUDF"
"AM","BOA VISTA DO RAMOS","DISTRITO FEDERAL","SUDF"
"AM","BOCA DO ACRE","DISTRITO FEDERAL","SUDF"
"AM","BORBA","DISTRITO FEDERAL","SUDF"
"AM","CAAPIRANGA","DISTRITO FEDERAL","SUDF"
"AM","CANUTAMA","DISTRITO FEDERAL","SUDF"
"AM","CARAUARI","DISTRITO FEDERAL","SUDF"
"AM","CAREIRO","DISTRITO FEDERAL","SUDF"
"AM","CAREIRO DA VARZEA","DISTRITO FEDERAL","SUDF"
"AM","COARI","DISTRITO FEDERAL","SUDF"
"AM","CODAJAS","DISTRITO FEDERAL","SUDF"
"AM","EIRUNEPE","DISTRITO FEDERAL","SUDF"
"AM","ENVIRA","DISTRITO FEDERAL","SUDF"
"AM","FONTE BOA","DISTRITO FEDERAL","SUDF"
"AM","GUAJARA","DISTRITO FEDERAL","SUDF"
"AM","HUMAITA","DISTRITO FEDERAL","SUDF"
"AM","IPIXUNA","DISTRITO FEDERAL","SUDF"
"AM","IRANDUBA","DISTRITO FEDERAL","SUDF"
"AM","ITACOATIARA","DISTRITO FEDERAL","SUDF"
"AM","ITAMARATI","DISTRITO FEDERAL","SUDF"
"AM","ITAPIRANGA","DISTRITO FEDERAL","SUDF"
"AM","JAPURA","DISTRITO FEDERAL","SUDF"
"AM","JURUA","DISTRITO FEDERAL","SUDF"
"AM","JUTAI","DISTRITO FEDERAL","SUDF"
"AM","LABREA","DISTRITO FEDERAL","SUDF"
"AM","MANACAPURU","DISTRITO FEDERAL","SUDF"
"AM","MANAQUIRI","DISTRITO FEDERAL","SUDF"
"AM","MANAUS","DISTRITO FEDERAL","SUDF"
"AM","MANICORE","DISTRITO FEDERAL","SUDF"
"AM","MARAA","DISTRITO FEDERAL","SUDF"
"AM","MAUES","DISTRITO FEDERAL","SUDF"
"AM","NHAMUNDA","DISTRITO FEDERAL","SUDF"
"AM","NOVA OLINDA DO NORTE","DISTRITO FEDERAL","SUDF"
"AM","NOVO AIRAO","DISTRITO FEDERAL","SUDF"
"AM","NOVO ARIPUANA","DISTRITO FEDERAL","SUDF"
"AM","PARINTINS","DISTRITO FEDERAL","SUDF"
"AM","PAUINI","DISTRITO FEDERAL","SUDF"
"AM","PRESIDENTE FIGUEIREDO","DISTRITO FEDERAL","SUDF"
"AM","RIO PRETO DA EVA","DISTRITO FEDERAL","SUDF"
"AM","SANTA ISABEL DO RIO NEGRO","DISTRITO FEDERAL","SUDF"
"AM","SANTO ANTONIO DO ICA","DISTRITO FEDERAL","SUDF"
"AM","SAO GABRIEL DA CACHOEIRA","DISTRITO FEDERAL","SUDF"
"AM","SAO PAULO DE OLIVENCA","DISTRITO FEDERAL","SUDF"
"AM","SAO SEBASTIAO DO UATUMA","DISTRITO FEDERAL","SUDF"
"AM","SILVES","DISTRITO FEDERAL","SUDF"
"AM","TABATINGA","DISTRITO FEDERAL","SUDF"
"AM","TAPAUA","DISTRITO FEDERAL","SUDF"
"AM","TEFE","DISTRITO FEDERAL","SUDF"
"AM","TONANTINS","DISTRITO FEDERAL","SUDF"
"AM","UARINI","DISTRITO FEDERAL","SUDF"
"AM","URUCARA","DISTRITO FEDERAL","SUDF"
"AM","URUCURITUBA","DISTRITO FEDERAL","SUDF"
"BA","ABAIRA","BAHIA","SUBA"
"BA","ABARE","BAHIA","SUBA"
"BA","ACAJUTIBA","BAHIA","SUBA"
"BA","ADUSTINA","BAHIA","SUBA"
"BA","AGUA FRIA","BAHIA","SUBA"
"BA","AIQUARA","BAHIA","SUBA"
"BA","ALAGOINHAS","BAHIA","SUBA"
"BA","ALCOBACA","BAHIA","SUBA"
"BA","ALMADINA","BAHIA","SUBA"
"BA","AMARGOSA","BAHIA","SUBA"
"BA","AMELIA RODRIGUES","BAHIA","SUBA"
"BA","AMERICA DOURADA","BAHIA","SUBA"
"BA","ANAGE","BAHIA","SUBA"
"BA","ANDARAI","BAHIA","SUBA"
"BA","ANDORINHA","BAHIA","SUBA"
"BA","ANGICAL","BAHIA","SUBA"
"BA","ANGUERA","BAHIA","SUBA"
"BA","ANTAS","BAHIA","SUBA"
"BA","ANTONIO CARDOSO","BAHIA","SUBA"
"BA","ANTONIO GONCALVES","BAHIA","SUBA"
"BA","APORA","BAHIA","SUBA"
"BA","APUAREMA","BAHIA","SUBA"
"BA","ARACAS","BAHIA","SUBA"
"BA","ARACATU","BAHIA","SUBA"
"BA","ARACI","BAHIA","SUBA"
"BA","ARAMARI","BAHIA","SUBA"
"BA","ARATACA","BAHIA","SUBA"
"BA","ARATUIPE","BAHIA","SUBA"
"BA","AURELINO LEAL","BAHIA","SUBA"
"BA","BAIANOPOLIS","BAHIA","SUBA"
"BA","BAIXA GRANDE","BAHIA","SUBA"
"BA","BANZAE","BAHIA","SUBA"
"BA","BARRA","BAHIA","SUBA"
"BA","BARRA DA ESTIVA","BAHIA","SUBA"
"BA","BARRA DO CHOCA","BAHIA","SUBA"
"BA","BARRA DO MENDES","BAHIA","SUBA"
"BA","BARRA DO ROCHA","BAHIA","SUBA"
"BA","BARREIRAS","BAHIA","SUBA"
"BA","BARRO ALTO","BAHIA","SUBA"
"BA","BARRO PRETO","BAHIA","SUBA"
"BA","BARROCAS","BAHIA","SUBA"
"BA","BELMONTE","BAHIA","SUBA"
"BA","BELO CAMPO","BAHIA","SUBA"
"BA","BIRITINGA","BAHIA","SUBA"
"BA","BOA NOVA","BAHIA","SUBA"
"BA","BOA VISTA DO TUPIM","BAHIA","SUBA"
"BA","BOM JESUS DA LAPA","BAHIA","SUBA"
"BA","BOM JESUS DA SERRA","BAHIA","SUBA"
"BA","BONINAL","BAHIA","SUBA"
"BA","BONITO","BAHIA","SUBA"
"BA","BOQUIRA","BAHIA","SUBA"
"BA","BOTUPORA","BAHIA","SUBA"
"BA","BREJOES","BAHIA","SUBA"
"BA","BREJOLANDIA","BAHIA","SUBA"
"BA","BROTAS DE MACAUBAS","BAHIA","SUBA"
"BA","BRUMADO","BAHIA","SUBA"
"BA","BUERAREMA","BAHIA","SUBA"
"BA","BURITIRAMA","BAHIA","SUBA"
"BA","CAATIBA","BAHIA","SUBA"
"BA","CABACEIRAS DO PARAGUACU","BAHIA","SUBA"
"BA","CACHOEIRA","BAHIA","SUBA"
"BA","CACULE","BAHIA","SUBA"
"BA","CAEM","BAHIA","SUBA"
"BA","CAETANOS","BAHIA","SUBA"
"BA","CAETITE","BAHIA","SUBA"
"BA","CAFARNAUM","BAHIA","SUBA"
"BA","CAIRU","BAHIA","SUBA"
"BA","CALDEIRAO GRANDE","BAHIA","SUBA"
"BA","CAMACAN","BAHIA","SUBA"
"BA","CAMACARI","BAHIA","SUBA"
"BA","CAMAMU","BAHIA","SUBA"
"BA","CAMPO ALEGRE DE LOURDES","BAHIA","SUBA"
"BA","CAMPO FORMOSO","BAHIA","SUBA"
"BA","CANAPOLIS","BAHIA","SUBA"
"BA","CANARANA","BAHIA","SUBA"
"BA","CANAVIEIRAS","BAHIA","SUBA"
"BA","CANDEAL","BAHIA","SUBA"
"BA","CANDEIAS","BAHIA","SUBA"
"BA","CANDIBA","BAHIA","SUBA"
"BA","CANDIDO SALES","BAHIA","SUBA"
"BA","CANSANCAO","BAHIA","SUBA"
"BA","CANUDOS","BAHIA","SUBA"
"BA","CAPELA DO ALTO ALEGRE","BAHIA","SUBA"
"BA","CAPIM GROSSO","BAHIA","SUBA"
"BA","CARAIBAS","BAHIA","SUBA"
"BA","CARAVELAS","BAHIA","SUBA"
"BA","CARDEAL DA SILVA","BAHIA","SUBA"
"BA","CARINHANHA","BAHIA","SUBA"
"BA","CASA NOVA","BAHIA","SUBA"
"BA","CASTRO ALVES","BAHIA","SUBA"
"BA","CATOLANDIA","BAHIA","SUBA"
"BA","CATU","BAHIA","SUBA"
"BA","CATURAMA","BAHIA","SUBA"
"BA","CENTRAL","BAHIA","SUBA"
"BA","CHORROCHO","BAHIA","SUBA"
"BA","CICERO DANTAS","BAHIA","SUBA"
"BA","CIPO","BAHIA","SUBA"
"BA","COARACI","BAHIA","SUBA"
"BA","COCOS","BAHIA","SUBA"
"BA","CONCEICAO DA FEIRA","BAHIA","SUBA"
"BA","CONCEICAO DO ALMEIDA","BAHIA","SUBA"
"BA","CONCEICAO DO COITE","BAHIA","SUBA"
"BA","CONCEICAO DO JACUIPE","BAHIA","SUBA"
"BA","CONDE","BAHIA","SUBA"
"BA","CONDEUBA","BAHIA","SUBA"
"BA","CONTENDAS DO SINCORA","BAHIA","SUBA"
"BA","CORACAO DE MARIA","BAHIA","SUBA"
"BA","CORDEIROS","BAHIA","SUBA"
"BA","CORIBE","BAHIA","SUBA"
"BA","CORONEL JOAO SA","BAHIA","SUBA"
"BA","CORRENTINA","BAHIA","SUBA"
"BA","COTEGIPE","BAHIA","SUBA"
"BA","CRAVOLANDIA","BAHIA","SUBA"
"BA","CRISOPOLIS","BAHIA","SUBA"
"BA","CRISTOPOLIS","BAHIA","SUBA"
"BA","CRUZ DAS ALMAS","BAHIA","SUBA"
"BA","CURACA","BAHIA","SUBA"
"BA","DARIO MEIRA","BAHIA","SUBA"
"BA","DIAS D'AVILA","BAHIA","SUBA"
"BA","DOM BASILIO","BAHIA","SUBA"
"BA","DOM MACEDO COSTA","BAHIA","SUBA"
"BA","ELISIO MEDRADO","BAHIA","SUBA"
"BA","ENCRUZILHADA","BAHIA","SUBA"
"BA","ENTRE RIOS","BAHIA","SUBA"
"BA","ERICO CARDOSO","BAHIA","SUBA"
"BA","ESPLANADA","BAHIA","SUBA"
"BA","EUCLIDES DA CUNHA","BAHIA","SUBA"
"BA","EUNAPOLIS","BAHIA","SUBA"
"BA","FATIMA","BAHIA","SUBA"
"BA","FEIRA DA MATA","BAHIA","SUBA"
"BA","FEIRA DE SANTANA","BAHIA","SUBA"
"BA","FILADELFIA","BAHIA","SUBA"
"BA","FIRMINO ALVES","BAHIA","SUBA"
"BA","FLORESTA AZUL","BAHIA","SUBA"
"BA","FORMOSA DO RIO PRETO","BAHIA","SUBA"
"BA","GANDU","BAHIA","SUBA"
"BA","GAVIAO","BAHIA","SUBA"
"BA","GENTIO DO OURO","BAHIA","SUBA"
"BA","GLORIA","BAHIA","SUBA"
"BA","GONGOGI","BAHIA","SUBA"
"BA","GOVERNADOR MANGABEIRA","BAHIA","SUBA"
"BA","GUAJERU","BAHIA","SUBA"
"BA","GUANAMBI","BAHIA","SUBA"
"BA","GUARATINGA","BAHIA","SUBA"
"BA","HELIOPOLIS","BAHIA","SUBA"
"BA","IACU","BAHIA","SUBA"
"BA","IBIASSUCE","BAHIA","SUBA"
"BA","IBICARAI","BAHIA","SUBA"
"BA","IBICOARA","BAHIA","SUBA"
"BA","IBICUI","BAHIA","SUBA"
"BA","IBIPEBA","BAHIA","SUBA"
"BA","IBIPITANGA","BAHIA","SUBA"
"BA","IBIQUERA","BAHIA","SUBA"
"BA","IBIRAPITANGA","BAHIA","SUBA"
"BA","IBIRAPUA","BAHIA","SUBA"
"BA","IBIRATAIA","BAHIA","SUBA"
"BA","IBITIARA","BAHIA","SUBA"
"BA","IBITITA","BAHIA","SUBA"
"BA","IBOTIRAMA","BAHIA","SUBA"
"BA","ICHU","BAHIA","SUBA"
"BA","IGAPORA","BAHIA","SUBA"
"BA","IGRAPIUNA","BAHIA","SUBA"
"BA","IGUAI","BAHIA","SUBA"
"BA","ILHEUS","BAHIA","SUBA"
"BA","INHAMBUPE","BAHIA","SUBA"
"BA","IPECAETA","BAHIA","SUBA"
"BA","IPIAU","BAHIA","SUBA"
"BA","IPIRA","BAHIA","SUBA"
"BA","IPUPIARA","BAHIA","SUBA"
"BA","IRAJUBA","BAHIA","SUBA"
"BA","IRAMAIA","BAHIA","SUBA"
"BA","IRAQUARA","BAHIA","SUBA"
"BA","IRARA","BAHIA","SUBA"
"BA","IRECE","BAHIA","SUBA"
"BA","ITABELA","BAHIA","SUBA"
"BA","ITABERABA","BAHIA","SUBA"
"BA","ITABUNA","BAHIA","SUBA"
"BA","ITACARE","BAHIA","SUBA"
"BA","ITAETE","BAHIA","SUBA"
"BA","ITAGI","BAHIA","SUBA"
"BA","ITAGIBA","BAHIA","SUBA"
"BA","ITAGIMIRIM","BAHIA","SUBA"
"BA","ITAGUACU DA BAHIA","BAHIA","SUBA"
"BA","ITAJU DO COLONIA","BAHIA","SUBA"
"BA","ITAJUIPE","BAHIA","SUBA"
"BA","ITAMARAJU","BAHIA","SUBA"
"BA","ITAMARI","BAHIA","SUBA"
"BA","ITAMBE","BAHIA","SUBA"
"BA","ITANAGRA","BAHIA","SUBA"
"BA","ITANHEM","BAHIA","SUBA"
"BA","ITAPARICA","BAHIA","SUBA"
"BA","ITAPE","BAHIA","SUBA"
"BA","ITAPEBI","BAHIA","SUBA"
"BA","ITAPETINGA","BAHIA","SUBA"
"BA","ITAPICURU","BAHIA","SUBA"
"BA","ITAPITANGA","BAHIA","SUBA"
"BA","ITAQUARA","BAHIA","SUBA"
"BA","ITARANTIM","BAHIA","SUBA"
"BA","ITATIM","BAHIA","SUBA"
"BA","ITIRUCU","BAHIA","SUBA"
"BA","ITIUBA","BAHIA","SUBA"
"BA","ITORORO","BAHIA","SUBA"
"BA","ITUACU","BAHIA","SUBA"
"BA","ITUBERA","BAHIA","SUBA"
"BA","IUIU","BAHIA","SUBA"
"BA","JABORANDI","BAHIA","SUBA"
"BA","JACARACI","BAHIA","SUBA"
"BA","JACOBINA","BAHIA","SUBA"
"BA","JAGUAQUARA","BAHIA","SUBA"
"BA","JAGUARARI","BAHIA","SUBA"
"BA","JAGUARIPE","BAHIA","SUBA"
"BA","JANDAIRA","BAHIA","SUBA"
"BA","JEQUIE","BAHIA","SUBA"
"BA","JEREMOABO","BAHIA","SUBA"
"BA","JIQUIRICA","BAHIA","SUBA"
"BA","JITAUNA","BAHIA","SUBA"
"BA","JOAO DOURADO","BAHIA","SUBA"
"BA","JUAZEIRO","BAHIA","SUBA"
"BA","JUCURUCU","BAHIA","SUBA"
"BA","JUSSARA","BAHIA","SUBA"
"BA","JUSSARI","BAHIA","SUBA"
"BA","JUSSIAPE","BAHIA","SUBA"
"BA","LAFAIETE COUTINHO","BAHIA","SUBA"
"BA","LAGOA REAL","BAHIA","SUBA"
"BA","LAJE","BAHIA","SUBA"
"BA","LAJEDAO","BAHIA","SUBA"
"BA","LAJEDINHO","BAHIA","SUBA"
"BA","LAJEDO DO TABOCAL","BAHIA","SUBA"
"BA","LAMARAO","BAHIA","SUBA"
"BA","LAPAO","BAHIA","SUBA"
"BA","LAURO DE FREITAS","BAHIA","SUBA"
"BA","LENCOIS","BAHIA","SUBA"
"BA","LICINIO DE ALMEIDA","BAHIA","SUBA"
"BA","LIVRAMENTO DE NOSSA SENHORA","BAHIA","SUBA"
"BA","LUIS EDUARDO MAGALHAES","BAHIA","SUBA"
"BA","MACAJUBA","BAHIA","SUBA"
"BA","MACARANI","BAHIA","SUBA"
"BA","MACAUBAS","BAHIA","SUBA"
"BA","MACURURE","BAHIA","SUBA"
"BA","MADRE DE DEUS","BAHIA","SUBA"
"BA","MAETINGA","BAHIA","SUBA"
"BA","MAIQUINIQUE","BAHIA","SUBA"
"BA","MAIRI","BAHIA","SUBA"
"BA","MALHADA","BAHIA","SUBA"
"BA","MALHADA DE PEDRAS","BAHIA","SUBA"
"BA","MANOEL VITORINO","BAHIA","SUBA"
"BA","MANSIDAO","BAHIA","SUBA"
"BA","MARACAS","BAHIA","SUBA"
"BA","MARAGOGIPE","BAHIA","SUBA"
"BA","MARAU","BAHIA","SUBA"
"BA","MARCIONILIO SOUZA","BAHIA","SUBA"
"BA","MASCOTE","BAHIA","SUBA"
"BA","MATA DE SAO JOAO","BAHIA","SUBA"
"BA","MATINA","BAHIA","SUBA"
"BA","MEDEIROS NETO","BAHIA","SUBA"
"BA","MIGUEL CALMON","BAHIA","SUBA"
"BA","MILAGRES","BAHIA","SUBA"
"BA","MIRANGABA","BAHIA","SUBA"
"BA","MIRANTE","BAHIA","SUBA"
"BA","MONTE SANTO","BAHIA","SUBA"
"BA","MORPARA","BAHIA","SUBA"
"BA","MORRO DO CHAPEU","BAHIA","SUBA"
"BA","MORTUGABA","BAHIA","SUBA"
"BA","MUCUGE","BAHIA","SUBA"
"BA","MUCURI","BAHIA","SUBA"
"BA","MULUNGU DO MORRO","BAHIA","SUBA"
"BA","MUNDO NOVO","BAHIA","SUBA"
"BA","MUNIZ FERREIRA","BAHIA","SUBA"
"BA","MUQUEM DE SAO FRANCISCO","BAHIA","SUBA"
"BA","MURITIBA","BAHIA","SUBA"
"BA","MUTUIPE","BAHIA","SUBA"
"BA","NAZARE","BAHIA","SUBA"
"BA","NILO PECANHA","BAHIA","SUBA"
"BA","NORDESTINA","BAHIA","SUBA"
"BA","NOVA CANAA","BAHIA","SUBA"
"BA","NOVA FATIMA","BAHIA","SUBA"
"BA","NOVA IBIA","BAHIA","SUBA"
"BA","NOVA ITARANA","BAHIA","SUBA"
"BA","NOVA REDENCAO","BAHIA","SUBA"
"BA","NOVA SOURE","BAHIA","SUBA"
"BA","NOVA VICOSA","BAHIA","SUBA"
"BA","NOVO HORIZONTE","BAHIA","SUBA"
"BA","NOVO TRIUNFO","BAHIA","SUBA"
"BA","OLINDINA","BAHIA","SUBA"
"BA","OLIVEIRA DOS BREJINHOS","BAHIA","SUBA"
"BA","OURICANGAS","BAHIA","SUBA"
"BA","OUROLANDIA","BAHIA","SUBA"
"BA","PALMAS DE MONTE ALTO","BAHIA","SUBA"
"BA","PALMEIRAS","BAHIA","SUBA"
"BA","PARAMIRIM","BAHIA","SUBA"
"BA","PARATINGA","BAHIA","SUBA"
"BA","PARIPIRANGA","BAHIA","SUBA"
"BA","PAU BRASIL","BAHIA","SUBA"
"BA","PAULO AFONSO","BAHIA","SUBA"
"BA","PE DE SERRA","BAHIA","SUBA"
"BA","PEDRAO","BAHIA","SUBA"
"BA","PEDRO ALEXANDRE","BAHIA","SUBA"
"BA","PIATA","BAHIA","SUBA"
"BA","PILAO ARCADO","BAHIA","SUBA"
"BA","PINDAI","BAHIA","SUBA"
"BA","PINDOBACU","BAHIA","SUBA"
"BA","PINTADAS","BAHIA","SUBA"
"BA","PIRAI DO NORTE","BAHIA","SUBA"
"BA","PIRIPA","BAHIA","SUBA"
"BA","PIRITIBA","BAHIA","SUBA"
"BA","PLANALTINO","BAHIA","SUBA"
"BA","PLANALTO","BAHIA","SUBA"
"BA","POCOES","BAHIA","SUBA"
"BA","POJUCA","BAHIA","SUBA"
"BA","PONTO NOVO","BAHIA","SUBA"
"BA","PORTO SEGURO","BAHIA","SUBA"
"BA","POTIRAGUA","BAHIA","SUBA"
"BA","PRADO","BAHIA","SUBA"
"BA","PRESIDENTE DUTRA","BAHIA","SUBA"
"BA","PRESIDENTE JANIO QUADROS","BAHIA","SUBA"
"BA","PRESIDENTE TANCREDO NEVES","BAHIA","SUBA"
"BA","QUEIMADAS","BAHIA","SUBA"
"BA","QUIJINGUE","BAHIA","SUBA"
"BA","QUIXABEIRA","BAHIA","SUBA"
"BA","RAFAEL JAMBEIRO","BAHIA","SUBA"
"BA","REMANSO","BAHIA","SUBA"
"BA","RETIROLANDIA","BAHIA","SUBA"
"BA","RIACHAO DAS NEVES","BAHIA","SUBA"
"BA","RIACHAO DO JACUIPE","BAHIA","SUBA"
"BA","RIACHO DE SANTANA","BAHIA","SUBA"
"BA","RIBEIRA DO AMPARO","BAHIA","SUBA"
"BA","RIBEIRA DO POMBAL","BAHIA","SUBA"
"BA","RIBEIRAO DO LARGO","BAHIA","SUBA"
"BA","RIO DE CONTAS","BAHIA","SUBA"
"BA","RIO DO ANTONIO","BAHIA","SUBA"
"BA","RIO DO PIRES","BAHIA","SUBA"
"BA","RIO REAL","BAHIA","SUBA"
"BA","RODELAS","BAHIA","SUBA"
"BA","RUY BARBOSA","BAHIA","SUBA"
"BA","SALINAS DA MARGARIDA","BAHIA","SUBA"
"BA","SALVADOR","BAHIA","SUBA"
"BA","SANTA BARBARA","BAHIA","SUBA"
"BA","SANTA BRIGIDA","BAHIA","SUBA"
"BA","SANTA CRUZ CABRALIA","BAHIA","SUBA"
"BA","SANTA CRUZ DA VITORIA","BAHIA","SUBA"
"BA","SANTA INES","BAHIA","SUBA"
"BA","SANTA LUZIA","BAHIA","SUBA"
"BA","SANTA MARIA DA VITORIA","BAHIA","SUBA"
"BA","SANTA RITA DE CASSIA","BAHIA","SUBA"
"BA","SANTA TERESINHA","BAHIA","SUBA"
"BA","SANTALUZ","BAHIA","SUBA"
"BA","SANTANA","BAHIA","SUBA"
"BA","SANTANOPOLIS","BAHIA","SUBA"
"BA","SANTO AMARO","BAHIA","SUBA"
"BA","SANTO ANTONIO DE JESUS","BAHIA","SUBA"
"BA","SANTO ESTEVAO","BAHIA","SUBA"
"BA","SAO DESIDERIO","BAHIA","SUBA"
"BA","SAO DOMINGOS","BAHIA","SUBA"
"BA","SAO FELIPE","BAHIA","SUBA"
"BA","SAO FELIX","BAHIA","SUBA"
"BA","SAO FELIX DO CORIBE","BAHIA","SUBA"
"BA","SAO FRANCISCO DO CONDE","BAHIA","SUBA"
"BA","SAO GABRIEL","BAHIA","SUBA"
"BA","SAO GONCALO DOS CAMPOS","BAHIA","SUBA"
"BA","SAO JOSE DA VITORIA","BAHIA","SUBA"
"BA","SAO JOSE DO JACUIPE","BAHIA","SUBA"
"BA","SAO MIGUEL DAS MATAS","BAHIA","SUBA"
"BA","SAO SEBASTIAO DO PASSE","BAHIA","SUBA"
"BA","SAPEACU","BAHIA","SUBA"
"BA","SATIRO DIAS","BAHIA","SUBA"
"BA","SAUBARA","BAHIA","SUBA"
"BA","SAUDE","BAHIA","SUBA"
"BA","SEABRA","BAHIA","SUBA"
"BA","SEBASTIAO LARANJEIRAS","BAHIA","SUBA"
"BA","SENHOR DO BONFIM","BAHIA","SUBA"
"BA","SENTO SE","BAHIA","SUBA"
"BA","SERRA DO RAMALHO","BAHIA","SUBA"
"BA","SERRA DOURADA","BAHIA","SUBA"
"BA","SERRA PRETA","BAHIA","SUBA"
"BA","SERRINHA","BAHIA","SUBA"
"BA","SERROLANDIA","BAHIA","SUBA"
"BA","SIMOES FILHO","BAHIA","SUBA"
"BA","SITIO DO MATO","BAHIA","SUBA"
"BA","SITIO DO QUINTO","BAHIA","SUBA"
"BA","SOBRADINHO","BAHIA","SUBA"
"BA","SOUTO SOARES","BAHIA","SUBA"
"BA","TABOCAS DO BREJO VELHO","BAHIA","SUBA"
"BA","TANHACU","BAHIA","SUBA"
"BA","TANQUE NOVO","BAHIA","SUBA"
"BA","TANQUINHO","BAHIA","SUBA"
"BA","TAPEROA","BAHIA","SUBA"
"BA","TAPIRAMUTA","BAHIA","SUBA"
"BA","TEIXEIRA DE FREITAS","BAHIA","SUBA"
"BA","TEODORO SAMPAIO","BAHIA","SUBA"
"BA","TEOFILANDIA","BAHIA","SUBA"
"BA","TEOLANDIA","BAHIA","SUBA"
"BA","TERRA NOVA","BAHIA","SUBA"
"BA","TREMEDAL","BAHIA","SUBA"
"BA","TUCANO","BAHIA","SUBA"
"BA","UAUA","BAHIA","SUBA"
"BA","UBAIRA","BAHIA","SUBA"
"BA","UBAITABA","BAHIA","SUBA"
"BA","UBATA","BAHIA","SUBA"
"BA","UIBAI","BAHIA","SUBA"
"BA","UMBURANAS","BAHIA","SUBA"
"BA","UNA","BAHIA","SUBA"
"BA","URANDI","BAHIA","SUBA"
"BA","URUCUCA","BAHIA","SUBA"
"BA","UTINGA","BAHIA","SUBA"
"BA","VALENCA","BAHIA","SUBA"
"BA","VALENTE","BAHIA","SUBA"
"BA","VARZEA DA ROCA","BAHIA","SUBA"
"BA","VARZEA DO POCO","BAHIA","SUBA"
"BA","VARZEA NOVA","BAHIA","SUBA"
"BA","VARZEDO","BAHIA","SUBA"
"BA","VERA CRUZ","BAHIA","SUBA"
"BA","VEREDA","BAHIA","SUBA"
"BA","VITORIA DA CONQUISTA","BAHIA","SUBA"
"BA","WAGNER","BAHIA","SUBA"
"BA","WANDERLEY","BAHIA","SUBA"
"BA","WENCESLAU GUIMARAES","BAHIA","SUBA"
"BA","XIQUE-XIQUE","BAHIA","SUBA"
"CE","ABAIARA","PERNAMBUCO","SUPE"
"CE","ACARAPE","PERNAMBUCO","SUPE"
"CE","ACARAU","PERNAMBUCO","SUPE"
"CE","ACOPIARA","PERNAMBUCO","SUPE"
"CE","AIUABA","PERNAMBUCO","SUPE"
"CE","ALCANTARAS","PERNAMBUCO","SUPE"
"CE","ALTANEIRA","PERNAMBUCO","SUPE"
"CE","ALTO SANTO","PERNAMBUCO","SUPE"
"CE","AMONTADA","PERNAMBUCO","SUPE"
"CE","ANTONINA DO NORTE","PERNAMBUCO","SUPE"
"CE","APUIARES","PERNAMBUCO","SUPE"
"CE","AQUIRAZ","PERNAMBUCO","SUPE"
"CE","ARACATI","PERNAMBUCO","SUPE"
"CE","ARACOIABA","PERNAMBUCO","SUPE"
"CE","ARARENDA","PERNAMBUCO","SUPE"
"CE","ARARIPE","PERNAMBUCO","SUPE"
"CE","ARATUBA","PERNAMBUCO","SUPE"
"CE","ARNEIROZ","PERNAMBUCO","SUPE"
"CE","ASSARE","PERNAMBUCO","SUPE"
"CE","AURORA","PERNAMBUCO","SUPE"
"CE","BAIXIO","PERNAMBUCO","SUPE"
"CE","BANABUIU","PERNAMBUCO","SUPE"
"CE","BARBALHA","PERNAMBUCO","SUPE"
"CE","BARREIRA","PERNAMBUCO","SUPE"
"CE","BARRO","PERNAMBUCO","SUPE"
"CE","BARROQUINHA","PERNAMBUCO","SUPE"
"CE","BATURITE","PERNAMBUCO","SUPE"
"CE","BEBERIBE","PERNAMBUCO","SUPE"
"CE","BELA CRUZ","PERNAMBUCO","SUPE"
"CE","BOA VIAGEM","PERNAMBUCO","SUPE"
"CE","BREJO SANTO","PERNAMBUCO","SUPE"
"CE","CAMOCIM","PERNAMBUCO","SUPE"
"CE","CAMPOS SALES","PERNAMBUCO","SUPE"
"CE","CANINDE","PERNAMBUCO","SUPE"
"CE","CAPISTRANO","PERNAMBUCO","SUPE"
"CE","CARIDADE","PERNAMBUCO","SUPE"
"CE","CARIRE","PERNAMBUCO","SUPE"
"CE","CARIRIACU","PERNAMBUCO","SUPE"
"CE","CARIUS","PERNAMBUCO","SUPE"
"CE","CARNAUBAL","PERNAMBUCO","SUPE"
"CE","CASCAVEL","PERNAMBUCO","SUPE"
"CE","CATARINA","PERNAMBUCO","SUPE"
"CE","CATUNDA","PERNAMBUCO","SUPE"
"CE","CAUCAIA","PERNAMBUCO","SUPE"
"CE","CEDRO","PERNAMBUCO","SUPE"
"CE","CHAVAL","PERNAMBUCO","SUPE"
"CE","CHORO","PERNAMBUCO","SUPE"
"CE","CHOROZINHO","PERNAMBUCO","SUPE"
"CE","COREAU","PERNAMBUCO","SUPE"
"CE","CRATEUS","PERNAMBUCO","SUPE"
"CE","CRATO","PERNAMBUCO","SUPE"
"CE","CROATA","PERNAMBUCO","SUPE"
"CE","CRUZ","PERNAMBUCO","SUPE"
"CE","DEPUTADO IRAPUAN PINHEIRO","PERNAMBUCO","SUPE"
"CE","ERERE","PERNAMBUCO","SUPE"
"CE","EUSEBIO","PERNAMBUCO","SUPE"
"CE","FARIAS BRITO","PERNAMBUCO","SUPE"
"CE","FORQUILHA","PERNAMBUCO","SUPE"
"CE","FORTALEZA","PERNAMBUCO","SUPE"
"CE","FORTIM","PERNAMBUCO","SUPE"
"CE","FRECHEIRINHA","PERNAMBUCO","SUPE"
"CE","GENERAL SAMPAIO","PERNAMBUCO","SUPE"
"CE","GRACA","PERNAMBUCO","SUPE"
"CE","GRANJA","PERNAMBUCO","SUPE"
"CE","GRANJEIRO","PERNAMBUCO","SUPE"
"CE","GROAIRAS","PERNAMBUCO","SUPE"
"CE","GUAIUBA","PERNAMBUCO","SUPE"
"CE","GUARACIABA DO NORTE","PERNAMBUCO","SUPE"
"CE","GUARAMIRANGA","PERNAMBUCO","SUPE"
"CE","HIDROLANDIA","PERNAMBUCO","SUPE"
"CE","HORIZONTE","PERNAMBUCO","SUPE"
"CE","IBARETAMA","PERNAMBUCO","SUPE"
"CE","IBIAPINA","PERNAMBUCO","SUPE"
"CE","IBICUITINGA","PERNAMBUCO","SUPE"
"CE","ICAPUI","PERNAMBUCO","SUPE"
"CE","ICO","PERNAMBUCO","SUPE"
"CE","IGUATU","PERNAMBUCO","SUPE"
"CE","INDEPENDENCIA","PERNAMBUCO","SUPE"
"CE","IPAPORANGA","PERNAMBUCO","SUPE"
"CE","IPAUMIRIM","PERNAMBUCO","SUPE"
"CE","IPU","PERNAMBUCO","SUPE"
"CE","IPUEIRAS","PERNAMBUCO","SUPE"
"CE","IRACEMA","PERNAMBUCO","SUPE"
"CE","IRAUCUBA","PERNAMBUCO","SUPE"
"CE","ITAICABA","PERNAMBUCO","SUPE"
"CE","ITAITINGA","PERNAMBUCO","SUPE"
"CE","ITAPAJE","PERNAMBUCO","SUPE"
"CE","ITAPIPOCA","PERNAMBUCO","SUPE"
"CE","ITAPIUNA","PERNAMBUCO","SUPE"
"CE","ITAREMA","PERNAMBUCO","SUPE"
"CE","ITATIRA","PERNAMBUCO","SUPE"
"CE","JAGUARETAMA","PERNAMBUCO","SUPE"
"CE","JAGUARIBARA","PERNAMBUCO","SUPE"
"CE","JAGUARIBE","PERNAMBUCO","SUPE"
"CE","JAGUARUANA","PERNAMBUCO","SUPE"
"CE","JARDIM","PERNAMBUCO","SUPE"
"CE","JATI","PERNAMBUCO","SUPE"
"CE","JIJOCA DE JERICOACOARA","PERNAMBUCO","SUPE"
"CE","JUAZEIRO DO NORTE","PERNAMBUCO","SUPE"
"CE","JUCAS","PERNAMBUCO","SUPE"
"CE","LAVRAS DA MANGABEIRA","PERNAMBUCO","SUPE"
"CE","LIMOEIRO DO NORTE","PERNAMBUCO","SUPE"
"CE","MADALENA","PERNAMBUCO","SUPE"
"CE","MARACANAU","PERNAMBUCO","SUPE"
"CE","MARANGUAPE","PERNAMBUCO","SUPE"
"CE","MARCO","PERNAMBUCO","SUPE"
"CE","MARTINOPOLE","PERNAMBUCO","SUPE"
"CE","MASSAPE","PERNAMBUCO","SUPE"
"CE","MAURITI","PERNAMBUCO","SUPE"
"CE","MERUOCA","PERNAMBUCO","SUPE"
"CE","MILAGRES","PERNAMBUCO","SUPE"
"CE","MILHA","PERNAMBUCO","SUPE"
"CE","MIRAIMA","PERNAMBUCO","SUPE"
"CE","MISSAO VELHA","PERNAMBUCO","SUPE"
"CE","MOMBACA","PERNAMBUCO","SUPE"
"CE","MONSENHOR TABOSA","PERNAMBUCO","SUPE"
"CE","MORADA NOVA","PERNAMBUCO","SUPE"
"CE","MORAUJO","PERNAMBUCO","SUPE"
"CE","MORRINHOS","PERNAMBUCO","SUPE"
"CE","MUCAMBO","PERNAMBUCO","SUPE"
"CE","MULUNGU","PERNAMBUCO","SUPE"
"CE","NOVA OLINDA","PERNAMBUCO","SUPE"
"CE","NOVA RUSSAS","PERNAMBUCO","SUPE"
"CE","NOVO ORIENTE","PERNAMBUCO","SUPE"
"CE","OCARA","PERNAMBUCO","SUPE"
"CE","OROS","PERNAMBUCO","SUPE"
"CE","PACAJUS","PERNAMBUCO","SUPE"
"CE","PACATUBA","PERNAMBUCO","SUPE"
"CE","PACOTI","PERNAMBUCO","SUPE"
"CE","PACUJA","PERNAMBUCO","SUPE"
"CE","PALHANO","PERNAMBUCO","SUPE"
"CE","PALMACIA","PERNAMBUCO","SUPE"
"CE","PARACURU","PERNAMBUCO","SUPE"
"CE","PARAIPABA","PERNAMBUCO","SUPE"
"CE","PARAMBU","PERNAMBUCO","SUPE"
"CE","PARAMOTI","PERNAMBUCO","SUPE"
"CE","PEDRA BRANCA","PERNAMBUCO","SUPE"
"CE","PENAFORTE","PERNAMBUCO","SUPE"
"CE","PENTECOSTE","PERNAMBUCO","SUPE"
"CE","PEREIRO","PERNAMBUCO","SUPE"
"CE","PINDORETAMA","PERNAMBUCO","SUPE"
"CE","PIQUET CARNEIRO","PERNAMBUCO","SUPE"
"CE","PIRES FERREIRA","PERNAMBUCO","SUPE"
"CE","PORANGA","PERNAMBUCO","SUPE"
"CE","PORTEIRAS","PERNAMBUCO","SUPE"
"CE","POTENGI","PERNAMBUCO","SUPE"
"CE","POTIRETAMA","PERNAMBUCO","SUPE"
"CE","QUITERIANOPOLIS","PERNAMBUCO","SUPE"
"CE","QUIXADA","PERNAMBUCO","SUPE"
"CE","QUIXELO","PERNAMBUCO","SUPE"
"CE","QUIXERAMOBIM","PERNAMBUCO","SUPE"
"CE","QUIXERE","PERNAMBUCO","SUPE"
"CE","REDENCAO","PERNAMBUCO","SUPE"
"CE","RERIUTABA","PERNAMBUCO","SUPE"
"CE","RUSSAS","PERNAMBUCO","SUPE"
"CE","SABOEIRO","PERNAMBUCO","SUPE"
"CE","SALITRE","PERNAMBUCO","SUPE"
"CE","SANTA QUITERIA","PERNAMBUCO","SUPE"
"CE","SANTANA DO ACARAU","PERNAMBUCO","SUPE"
"CE","SANTANA DO CARIRI","PERNAMBUCO","SUPE"
"CE","SAO BENEDITO","PERNAMBUCO","SUPE"
"CE","SAO GONCALO DO AMARANTE","PERNAMBUCO","SUPE"
"CE","SAO JOAO DO JAGUARIBE","PERNAMBUCO","SUPE"
"CE","SAO LUIS DO CURU","PERNAMBUCO","SUPE"
"CE","SENADOR POMPEU","PERNAMBUCO","SUPE"
"CE","SENADOR SA","PERNAMBUCO","SUPE"
"CE","SOBRAL","PERNAMBUCO","SUPE"
"CE","SOLONOPOLE","PERNAMBUCO","SUPE"
"CE","TABULEIRO DO NORTE","PERNAMBUCO","SUPE"
"CE","TAMBORIL","PERNAMBUCO","SUPE"
"CE","TARRAFAS","PERNAMBUCO","SUPE"
"CE","TAUA","PERNAMBUCO","SUPE"
"CE","TEJUCUOCA","PERNAMBUCO","SUPE"
"CE","TIANGUA","PERNAMBUCO","SUPE"
"CE","TRAIRI","PERNAMBUCO","SUPE"
"CE","TURURU","PERNAMBUCO","SUPE"
"CE","UBAJARA","PERNAMBUCO","SUPE"
"CE","UMARI","PERNAMBUCO","SUPE"
"CE","UMIRIM","PERNAMBUCO","SUPE"
"CE","URUBURETAMA","PERNAMBUCO","SUPE"
"CE","URUOCA","PERNAMBUCO","SUPE"
"CE","VARJOTA","PERNAMBUCO","SUPE"
"CE","VARZEA ALEGRE","PERNAMBUCO","SUPE"
"CE","VICOSA DO CEARA","PERNAMBUCO","SUPE"
"DF","AGUA QUENTE","DISTRITO FEDERAL","SUDF"
"DF","AGUAS CLARAS","DISTRITO FEDERAL","SUDF"
"DF","ARAPOANGA","DISTRITO FEDERAL","SUDF"
"DF","ARNIQUEIRA","DISTRITO FEDERAL","SUDF"
"DF","BRASILIA","DISTRITO FEDERAL","SUDF"
"DF","BRAZLANDIA","DISTRITO FEDERAL","SUDF"
"DF","CANDANGOLANDIA","DISTRITO FEDERAL","SUDF"
"DF","CEILANDIA","DISTRITO FEDERAL","SUDF"
"DF","CRUZEIRO","DISTRITO FEDERAL","SUDF"
"DF","FERCAL","DISTRITO FEDERAL","SUDF"
"DF","GAMA","DISTRITO FEDERAL","SUDF"
"DF","GUARA","DISTRITO FEDERAL","SUDF"
"DF","ITAPOA","DISTRITO FEDERAL","SUDF"
"DF","JARDIM BOTANICO","DISTRITO FEDERAL","SUDF"
"DF","LAGO NORTE","DISTRITO FEDERAL","SUDF"
"DF","LAGO SUL","DISTRITO FEDERAL","SUDF"
"DF","NUCLEO BANDEIRANTE","DISTRITO FEDERAL","SUDF"
"DF","PARANOA","DISTRITO FEDERAL","SUDF"
"DF","PARK WAY","DISTRITO FEDERAL","SUDF"
"DF","PLANALTINA","DISTRITO FEDERAL","SUDF"
"DF","PLANO PILOTO","DISTRITO FEDERAL","SUDF"
"DF","RECANTO DAS EMAS","DISTRITO FEDERAL","SUDF"
"DF","RIACHO FUNDO","DISTRITO FEDERAL","SUDF"
"DF","RIACHO FUNDO II","DISTRITO FEDERAL","SUDF"
"DF","SAMAMBAIA","DISTRITO FEDERAL","SUDF"
"DF","SANTA MARIA","DISTRITO FEDERAL","SUDF"
"DF","SAO SEBASTIAO","DISTRITO FEDERAL","SUDF"
"DF","SCIA","DISTRITO FEDERAL","SUDF"
"DF","SIA","DISTRITO FEDERAL","SUDF"
"DF","SOBRADINHO","DISTRITO FEDERAL","SUDF"
"DF","SOBRADINHO II","DISTRITO FEDERAL","SUDF"
"DF","SOL NASCENTE / POR DO SOL","DISTRITO FEDERAL","SUDF"
"DF","SUDOESTE/OCTOGONAL","DISTRITO FEDERAL","SUDF"
"DF","TAGUATINGA","DISTRITO FEDERAL","SUDF"
"DF","VARJAO","DISTRITO FEDERAL","SUDF"
"DF","VICENTE PIRES","DISTRITO FEDERAL","SUDF"
"ES","AFONSO CLAUDIO","RIO DE JANEIRO","SURJ"
"ES","AGUA DOCE DO NORTE","RIO DE JANEIRO","SURJ"
"ES","AGUIA BRANCA","RIO DE JANEIRO","SURJ"
"ES","ALEGRE","RIO DE JANEIRO","SURJ"
"ES","ALFREDO CHAVES","RIO DE JANEIRO","SURJ"
"ES","ALTO RIO NOVO","RIO DE JANEIRO","SURJ"
"ES","ANCHIETA","RIO DE JANEIRO","SURJ"
"ES","APIACA","RIO DE JANEIRO","SURJ"
"ES","ARACRUZ","RIO DE JANEIRO","SURJ"
"ES","ATILIO VIVACQUA","RIO DE JANEIRO","SURJ"
"ES","BAIXO GUANDU","RIO DE JANEIRO","SURJ"
"ES","BARRA DE SAO FRANCISCO","RIO DE JANEIRO","SURJ"
"ES","BOA ESPERANCA","RIO DE JANEIRO","SURJ"
"ES","BOM JESUS DO NORTE","RIO DE JANEIRO","SURJ"
"ES","BREJETUBA","RIO DE JANEIRO","SURJ"
"ES","CACHOEIRO DE ITAPEMIRIM","RIO DE JANEIRO","SURJ"
"ES","CARIACICA","RIO DE JANEIRO","SURJ"
"ES","CASTELO","RIO DE JANEIRO","SURJ"
"ES","COLATINA","RIO DE JANEIRO","SURJ"
"ES","CONCEICAO DA BARRA","RIO DE JANEIRO","SURJ"
"ES","CONCEICAO DO CASTELO","RIO DE JANEIRO","SURJ"
"ES","DIVINO DE SAO LOURENCO","RIO DE JANEIRO","SURJ"
"ES","DOMINGOS MARTINS","RIO DE JANEIRO","SURJ"
"ES","DORES DO RIO PRETO","RIO DE JANEIRO","SURJ"
"ES","ECOPORANGA","RIO DE JANEIRO","SURJ"
"ES","FUNDAO","RIO DE JANEIRO","SURJ"
"ES","GOVERNADOR LINDENBERG","RIO DE JANEIRO","SURJ"
"ES","GUACUI","RIO DE JANEIRO","SURJ"
"ES","GUARAPARI","RIO DE JANEIRO","SURJ"
"ES","IBATIBA","RIO DE JANEIRO","SURJ"
"ES","IBIRACU","RIO DE JANEIRO","SURJ"
"ES","IBITIRAMA","RIO DE JANEIRO","SURJ"
"ES","ICONHA","RIO DE JANEIRO","SURJ"
"ES","IRUPI","RIO DE JANEIRO","SURJ"
"ES","ITAGUACU","RIO DE JANEIRO","SURJ"
"ES","ITAPEMIRIM","RIO DE JANEIRO","SURJ"
"ES","ITARANA","RIO DE JANEIRO","SURJ"
"ES","IUNA","RIO DE JANEIRO","SURJ"
"ES","JAGUARE","RIO DE JANEIRO","SURJ"
"ES","JERONIMO MONTEIRO","RIO DE JANEIRO","SURJ"
"ES","JOAO NEIVA","RIO DE JANEIRO","SURJ"
"ES","LARANJA DA TERRA","RIO DE JANEIRO","SURJ"
"ES","LINHARES","RIO DE JANEIRO","SURJ"
"ES","MANTENOPOLIS","RIO DE JANEIRO","SURJ"
"ES","MARATAIZES","RIO DE JANEIRO","SURJ"
"ES","MARECHAL FLORIANO","RIO DE JANEIRO","SURJ"
"ES","MARILANDIA","RIO DE JANEIRO","SURJ"
"ES","MIMOSO DO SUL","RIO DE JANEIRO","SURJ"
"ES","MONTANHA","RIO DE JANEIRO","SURJ"
"ES","MUCURICI","RIO DE JANEIRO","SURJ"
"ES","MUNIZ FREIRE","RIO DE JANEIRO","SURJ"
"ES","MUQUI","RIO DE JANEIRO","SURJ"
"ES","NOVA VENECIA","RIO DE JANEIRO","SURJ"
"ES","PANCAS","RIO DE JANEIRO","SURJ"
"ES","PEDRO CANARIO","RIO DE JANEIRO","SURJ"
"ES","PINHEIROS","RIO DE JANEIRO","SURJ"
"ES","PIUMA","RIO DE JANEIRO","SURJ"
"ES","PONTO BELO","RIO DE JANEIRO","SURJ"
"ES","PRESIDENTE KENNEDY","RIO DE JANEIRO","SURJ"
"ES","RIO BANANAL","RIO DE JANEIRO","SURJ"
"ES","RIO NOVO DO SUL","RIO DE JANEIRO","SURJ"
"ES","SANTA LEOPOLDINA","RIO DE JANEIRO","SURJ"
"ES","SANTA MARIA DE JETIBA","RIO DE JANEIRO","SURJ"
"ES","SANTA TERESA","RIO DE JANEIRO","SURJ"
"ES","SAO DOMINGOS DO NORTE","RIO DE JANEIRO","SURJ"
"ES","SAO GABRIEL DA PALHA","RIO DE JANEIRO","SURJ"
"ES","SAO JOSE DO CALCADO","RIO DE JANEIRO","SURJ"
"ES","SAO MATEUS","RIO DE JANEIRO","SURJ"
"ES","SAO ROQUE DO CANAA","RIO DE JANEIRO","SURJ"
"ES","SERRA","RIO DE JANEIRO","SURJ"
"ES","SOORETAMA","RIO DE JANEIRO","SURJ"
"ES","VARGEM ALTA","RIO DE JANEIRO","SURJ"
"ES","VENDA NOVA DO IMIGRANTE","RIO DE JANEIRO","SURJ"
"ES","VIANA","RIO DE JANEIRO","SURJ"
"ES","VILA PAVAO","RIO DE JANEIRO","SURJ"
"ES","VILA VALERIO","RIO DE JANEIRO","SURJ"
"ES","VILA VELHA","RIO DE JANEIRO","SURJ"
"ES","VITORIA","RIO DE JANEIRO","SURJ"
"GO","ABADIA DE GOIAS","DISTRITO FEDERAL","SUDF"
"GO","ABADIANIA","DISTRITO FEDERAL","SUDF"
"GO","ACREUNA","DISTRITO FEDERAL","SUDF"
"GO","ADELANDIA","DISTRITO FEDERAL","SUDF"
"GO","AGUA FRIA DE GOIAS","DISTRITO FEDERAL","SUDF"
"GO","AGUA LIMPA","DISTRITO FEDERAL","SUDF"
"GO","AGUAS LINDAS DE GOIAS","DISTRITO FEDERAL","SUDF"
"GO","ALEXANIA","DISTRITO FEDERAL","SUDF"
"GO","ALOANDIA","DISTRITO FEDERAL","SUDF"
"GO","ALTO HORIZONTE","DISTRITO FEDERAL","SUDF"
"GO","ALTO PARAISO DE GOIAS","DISTRITO FEDERAL","SUDF"
"GO","ALVORADA DO NORTE","DISTRITO FEDERAL","SUDF"
"GO","AMARALINA","DISTRITO FEDERAL","SUDF"
"GO","AMERICANO DO BRASIL","DISTRITO FEDERAL","SUDF"
"GO","AMORINOPOLIS","DISTRITO FEDERAL","SUDF"
"GO","ANAPOLIS","DISTRITO FEDERAL","SUDF"
"GO","ANHANGUERA","DISTRITO FEDERAL","SUDF"
"GO","ANICUNS","DISTRITO FEDERAL","SUDF"
"GO","APARECIDA DE GOIANIA","DISTRITO FEDERAL","SUDF"
"GO","APARECIDA DO RIO DOCE","DISTRITO FEDERAL","SUDF"
"GO","APORE","DISTRITO FEDERAL","SUDF"
"GO","ARACU","DISTRITO FEDERAL","SUDF"
"GO","ARAGARCAS","DISTRITO FEDERAL","SUDF"
"GO","ARAGOIANIA","DISTRITO FEDERAL","SUDF"
"GO","ARAGUAPAZ","DISTRITO FEDERAL","SUDF"
"GO","ARENOPOLIS","DISTRITO FEDERAL","SUDF"
"GO","ARUANA","DISTRITO FEDERAL","SUDF"
"GO","AURILANDIA","DISTRITO FEDERAL","SUDF"
"GO","AVELINOPOLIS","DISTRITO FEDERAL","SUDF"
"GO","BALIZA","DISTRITO FEDERAL","SUDF"
"GO","BARRO ALTO","DISTRITO FEDERAL","SUDF"
"GO","BELA VISTA DE GOIAS","DISTRITO FEDERAL","SUDF"
"GO","BOM JARDIM DE GOIAS","DISTRITO FEDERAL","SUDF"
"GO","BOM JESUS","DISTRITO FEDERAL","SUDF"
"GO","BONFINOPOLIS","DISTRITO FEDERAL","SUDF"
"GO","BONOPOLIS","DISTRITO FEDERAL","SUDF"
"GO","BRAZABRANTES","DISTRITO FEDERAL","SUDF"
"GO","BRITANIA","DISTRITO FEDERAL","SUDF"
"GO","BURITI ALEGRE","DISTRITO FEDERAL","SUDF"
"GO","BURITI DE GOIAS","DISTRITO FEDERAL","SUDF"
"GO","BURITINOPOLIS","DISTRITO FEDERAL","SUDF"
"GO","CABECEIRAS","DISTRITO FEDERAL","SUDF"
"GO","CACHOEIRA ALTA","DISTRITO FEDERAL","SUDF"
"GO","CACHOEIRA DE GOIAS","DISTRITO FEDERAL","SUDF"
"GO","CACHOEIRA DOURADA","DISTRITO FEDERAL","SUDF"
"GO","CACU","DISTRITO FEDERAL","SUDF"
"GO","CAIAPONIA","DISTRITO FEDERAL","SUDF"
"GO","CALDAS NOVAS","DISTRITO FEDERAL","SUDF"
"GO","CALDAZINHA","DISTRITO FEDERAL","SUDF"
"GO","CAMPESTRE DE GOIAS","DISTRITO FEDERAL","SUDF"
"GO","CAMPINACU","DISTRITO FEDERAL","SUDF"
"GO","CAMPINORTE","DISTRITO FEDERAL","SUDF"
"GO","CAMPO ALEGRE DE GOIAS","DISTRITO FEDERAL","SUDF"
"GO","CAMPO LIMPO DE GOIAS","DISTRITO FEDERAL","SUDF"
"GO","CAMPOS BELOS","DISTRITO FEDERAL","SUDF"
"GO","CAMPOS VERDES","DISTRITO FEDERAL","SUDF"
"GO","CARMO DO RIO VERDE","DISTRITO FEDERAL","SUDF"
"GO","CASTELANDIA","DISTRITO FEDERAL","SUDF"
"GO","CATALAO","DISTRITO FEDERAL","SUDF"
"GO","CATURAI","DISTRITO FEDERAL","SUDF"
"GO","CAVALCANTE","DISTRITO FEDERAL","SUDF"
"GO","CERES","DISTRITO FEDERAL","SUDF"
"GO","CEZARINA","DISTRITO FEDERAL","SUDF"
"GO","CHAPADAO DO CEU","DISTRITO FEDERAL","SUDF"
"GO","CIDADE OCIDENTAL","DISTRITO FEDERAL","SUDF"
"GO","COCALZINHO DE GOIAS","DISTRITO FEDERAL","SUDF"
"GO","COLINAS DO SUL","DISTRITO FEDERAL","SUDF"
"GO","CORREGO DO OURO","DISTRITO FEDERAL","SUDF"
"GO","CORUMBA DE GOIAS","DISTRITO FEDERAL","SUDF"
"GO","CORUMBAIBA","DISTRITO FEDERAL","SUDF"
"GO","CRISTALINA","DISTRITO FEDERAL","SUDF"
"GO","CRISTIANOPOLIS","DISTRITO FEDERAL","SUDF"
"GO","CRIXAS","DISTRITO FEDERAL","SUDF"
"GO","CROMINIA","DISTRITO FEDERAL","SUDF"
"GO","CUMARI","DISTRITO FEDERAL","SUDF"
"GO","DAMIANOPOLIS","DISTRITO FEDERAL","SUDF"
"GO","DAMOLANDIA","DISTRITO FEDERAL","SUDF"
"GO","DAVINOPOLIS","DISTRITO FEDERAL","SUDF"
"GO","DIORAMA","DISTRITO FEDERAL","SUDF"
"GO","DIVINOPOLIS DE GOIAS","DISTRITO FEDERAL","SUDF"
"GO","DOVERLANDIA","DISTRITO FEDERAL","SUDF"
"GO","EDEALINA","DISTRITO FEDERAL","SUDF"
"GO","EDEIA","DISTRITO FEDERAL","SUDF"
"GO","ESTRELA DO NORTE","DISTRITO FEDERAL","SUDF"
"GO","FAINA","DISTRITO FEDERAL","SUDF"
"GO","FAZENDA NOVA","DISTRITO FEDERAL","SUDF"
"GO","FIRMINOPOLIS","DISTRITO FEDERAL","SUDF"
"GO","FLORES DE GOIAS","DISTRITO FEDERAL","SUDF"
"GO","FORMOSA","DISTRITO FEDERAL","SUDF"
"GO","FORMOSO","DISTRITO FEDERAL","SUDF"
"GO","GAMELEIRA DE GOIAS","DISTRITO FEDERAL","SUDF"
"GO","GOIANAPOLIS","DISTRITO FEDERAL","SUDF"
"GO","GOIANDIRA","DISTRITO FEDERAL","SUDF"
"GO","GOIANESIA","DISTRITO FEDERAL","SUDF"
"GO","GOIANIA","DISTRITO FEDERAL","SUDF"
"GO","GOIANIRA","DISTRITO FEDERAL","SUDF"
"GO","GOIAS","DISTRITO FEDERAL","SUDF"
"GO","GOIATUBA","DISTRITO FEDERAL","SUDF"
"GO","GOUVELANDIA","DISTRITO FEDERAL","SUDF"
"GO","GUAPO","DISTRITO FEDERAL","SUDF"
"GO","GUARAITA","DISTRITO FEDERAL","SUDF"
"GO","GUARANI DE GOIAS","DISTRITO FEDERAL","SUDF"
"GO","GUARINOS","DISTRITO FEDERAL","SUDF"
"GO","HEITORAI","DISTRITO FEDERAL","SUDF"
"GO","HIDROLANDIA","DISTRITO FEDERAL","SUDF"
"GO","HIDROLINA","DISTRITO FEDERAL","SUDF"
"GO","IACIARA","DISTRITO FEDERAL","SUDF"
"GO","INACIOLANDIA","DISTRITO FEDERAL","SUDF"
"GO","INDIARA","DISTRITO FEDERAL","SUDF"
"GO","INHUMAS","DISTRITO FEDERAL","SUDF"
"GO","IPAMERI","DISTRITO FEDERAL","SUDF"
"GO","IPIRANGA DE GOIAS","DISTRITO FEDERAL","SUDF"
"GO","IPORA","DISTRITO FEDERAL","SUDF"
"GO","ISRAELANDIA","DISTRITO FEDERAL","SUDF"
"GO","ITABERAI","DISTRITO FEDERAL","SUDF"
"GO","ITAGUARI","DISTRITO FEDERAL","SUDF"
"GO","ITAGUARU","DISTRITO FEDERAL","SUDF"
"GO","ITAJA","DISTRITO FEDERAL","SUDF"
"GO","ITAPACI","DISTRITO FEDERAL","SUDF"
"GO","ITAPIRAPUA","DISTRITO FEDERAL","SUDF"
"GO","ITAPURANGA","DISTRITO FEDERAL","SUDF"
"GO","ITARUMA","DISTRITO FEDERAL","SUDF"
"GO","ITAUCU","DISTRITO FEDERAL","SUDF"
"GO","ITUMBIARA","DISTRITO FEDERAL","SUDF"
"GO","IVOLANDIA","DISTRITO FEDERAL","SUDF"
"GO","JANDAIA","DISTRITO FEDERAL","SUDF"
"GO","JARAGUA","DISTRITO FEDERAL","SUDF"
"GO","JATAI","DISTRITO FEDERAL","SUDF"
"GO","JAUPACI","DISTRITO FEDERAL","SUDF"
"GO","JESUPOLIS","DISTRITO FEDERAL","SUDF"
"GO","JOVIANIA","DISTRITO FEDERAL","SUDF"
"GO","JUSSARA","DISTRITO FEDERAL","SUDF"
"GO","LAGOA SANTA","DISTRITO FEDERAL","SUDF"
"GO","LEOPOLDO DE BULHOES","DISTRITO FEDERAL","SUDF"
"GO","LUZIANIA","DISTRITO FEDERAL","SUDF"
"GO","MAIRIPOTABA","DISTRITO FEDERAL","SUDF"
"GO","MAMBAI","DISTRITO FEDERAL","SUDF"
"GO","MARA ROSA","DISTRITO FEDERAL","SUDF"
"GO","MARZAGAO","DISTRITO FEDERAL","SUDF"
"GO","MATRINCHA","DISTRITO FEDERAL","SUDF"
"GO","MAURILANDIA","DISTRITO FEDERAL","SUDF"
"GO","MIMOSO DE GOIAS","DISTRITO FEDERAL","SUDF"
"GO","MINACU","DISTRITO FEDERAL","SUDF"
"GO","MINEIROS","DISTRITO FEDERAL","SUDF"
"GO","MOIPORA","DISTRITO FEDERAL","SUDF"
"GO","MONTE ALEGRE DE GOIAS","DISTRITO FEDERAL","SUDF"
"GO","MONTES CLAROS DE GOIAS","DISTRITO FEDERAL","SUDF"
"GO","MONTIVIDIU","DISTRITO FEDERAL","SUDF"
"GO","MONTIVIDIU DO NORTE","DISTRITO FEDERAL","SUDF"
"GO","MORRINHOS","DISTRITO FEDERAL","SUDF"
"GO","MORRO AGUDO DE GOIAS","DISTRITO FEDERAL","SUDF"
"GO","MOSSAMEDES","DISTRITO FEDERAL","SUDF"
"GO","MOZARLANDIA","DISTRITO FEDERAL","SUDF"
"GO","MUNDO NOVO","DISTRITO FEDERAL","SUDF"
"GO","MUTUNOPOLIS","DISTRITO FEDERAL","SUDF"
"GO","NAZARIO","DISTRITO FEDERAL","SUDF"
"GO","NEROPOLIS","DISTRITO FEDERAL","SUDF"
"GO","NIQUELANDIA","DISTRITO FEDERAL","SUDF"
"GO","NOVA AMERICA","DISTRITO FEDERAL","SUDF"
"GO","NOVA AURORA","DISTRITO FEDERAL","SUDF"
"GO","NOVA CRIXAS","DISTRITO FEDERAL","SUDF"
"GO","NOVA GLORIA","DISTRITO FEDERAL","SUDF"
"GO","NOVA IGUACU DE GOIAS","DISTRITO FEDERAL","SUDF"
"GO","NOVA ROMA","DISTRITO FEDERAL","SUDF"
"GO","NOVA VENEZA","DISTRITO FEDERAL","SUDF"
"GO","NOVO BRASIL","DISTRITO FEDERAL","SUDF"
"GO","NOVO GAMA","DISTRITO FEDERAL","SUDF"
"GO","NOVO PLANALTO","DISTRITO FEDERAL","SUDF"
"GO","ORIZONA","DISTRITO FEDERAL","SUDF"
"GO","OURO VERDE DE GOIAS","DISTRITO FEDERAL","SUDF"
"GO","OUVIDOR","DISTRITO FEDERAL","SUDF"
"GO","PADRE BERNARDO","DISTRITO FEDERAL","SUDF"
"GO","PALESTINA DE GOIAS","DISTRITO FEDERAL","SUDF"
"GO","PALMEIRAS DE GOIAS","DISTRITO FEDERAL","SUDF"
"GO","PALMELO","DISTRITO FEDERAL","SUDF"
"GO","PALMINOPOLIS","DISTRITO FEDERAL","SUDF"
"GO","PANAMA","DISTRITO FEDERAL","SUDF"
"GO","PARANAIGUARA","DISTRITO FEDERAL","SUDF"
"GO","PARAUNA","DISTRITO FEDERAL","SUDF"
"GO","PEROLANDIA","DISTRITO FEDERAL","SUDF"
"GO","PETROLINA DE GOIAS","DISTRITO FEDERAL","SUDF"
"GO","PILAR DE GOIAS","DISTRITO FEDERAL","SUDF"
"GO","PIRACANJUBA","DISTRITO FEDERAL","SUDF"
"GO","PIRANHAS","DISTRITO FEDERAL","SUDF"
"GO","PIRENOPOLIS","DISTRITO FEDERAL","SUDF"
"GO","PIRES DO RIO","DISTRITO FEDERAL","SUDF"
"GO","PLANALTINA","DISTRITO FEDERAL","SUDF"
"GO","PONTALINA","DISTRITO FEDERAL","SUDF"
"GO","PORANGATU","DISTRITO FEDERAL","SUDF"
"GO","PORTEIRAO","DISTRITO FEDERAL","SUDF"
"GO","PORTELANDIA","DISTRITO FEDERAL","SUDF"
"GO","POSSE","DISTRITO FEDERAL","SUDF"
"GO","PROFESSOR JAMIL","DISTRITO FEDERAL","SUDF"
"GO","QUIRINOPOLIS","DISTRITO FEDERAL","SUDF"
"GO","RIALMA","DISTRITO FEDERAL","SUDF"
"GO","RIANAPOLIS","DISTRITO FEDERAL","SUDF"
"GO","RIO QUENTE","DISTRITO FEDERAL","SUDF"
"GO","RIO VERDE","DISTRITO FEDERAL","SUDF"
"GO","RUBIATABA","DISTRITO FEDERAL","SUDF"
"GO","SANCLERLANDIA","DISTRITO FEDERAL","SUDF"
"GO","SANTA BARBARA DE GOIAS","DISTRITO FEDERAL","SUDF"
"GO","SANTA CRUZ DE GOIAS","DISTRITO FEDERAL","SUDF"
"GO","SANTA FE DE GOIAS","DISTRITO FEDERAL","SUDF"
"GO","SANTA HELENA DE GOIAS","DISTRITO FEDERAL","SUDF"
"GO","SANTA ISABEL","DISTRITO FEDERAL","SUDF"
"GO","SANTA RITA DO ARAGUAIA","DISTRITO FEDERAL","SUDF"
"GO","SANTA RITA DO NOVO DESTINO","DISTRITO FEDERAL","SUDF"
"GO","SANTA ROSA DE GOIAS","DISTRITO FEDERAL","SUDF"
"GO","SANTA TEREZA DE GOIAS","DISTRITO FEDERAL","SUDF"
"GO","SANTA TEREZINHA DE GOIAS","DISTRITO FEDERAL","SUDF"
"GO","SANTO ANTONIO DA BARRA","DISTRITO FEDERAL","SUDF"
"GO","SANTO ANTONIO DE GOIAS","DISTRITO FEDERAL","SUDF"
"GO","SANTO ANTONIO DO DESCOBERTO","DISTRITO FEDERAL","SUDF"
"GO","SAO DOMINGOS","DISTRITO FEDERAL","SUDF"
"GO","SAO FRANCISCO DE GOIAS","DISTRITO FEDERAL","SUDF"
"GO","SAO JOAO DA PARAUNA","DISTRITO FEDERAL","SUDF"
"GO","SAO JOAO D'ALIANCA","DISTRITO FEDERAL","SUDF"
"GO","SAO LUIS DE MONTES BELOS","DISTRITO FEDERAL","SUDF"
"GO","SAO LUIZ DO NORTE","DISTRITO FEDERAL","SUDF"
"GO","SAO MIGUEL DO ARAGUAIA","DISTRITO FEDERAL","SUDF"
"GO","SAO MIGUEL DO PASSA QUATRO","DISTRITO FEDERAL","SUDF"
"GO","SAO PATRICIO","DISTRITO FEDERAL","SUDF"
"GO","SAO SIMAO","DISTRITO FEDERAL","SUDF"
"GO","SENADOR CANEDO","DISTRITO FEDERAL","SUDF"
"GO","SERRANOPOLIS","DISTRITO FEDERAL","SUDF"
"GO","SILVANIA","DISTRITO FEDERAL","SUDF"
"GO","SIMOLANDIA","DISTRITO FEDERAL","SUDF"
"GO","SITIO D'ABADIA","DISTRITO FEDERAL","SUDF"
"GO","TAQUARAL DE GOIAS","DISTRITO FEDERAL","SUDF"
"GO","TERESINA DE GOIAS","DISTRITO FEDERAL","SUDF"
"GO","TEREZOPOLIS DE GOIAS","DISTRITO FEDERAL","SUDF"
"GO","TRES RANCHOS","DISTRITO FEDERAL","SUDF"
"GO","TRINDADE","DISTRITO FEDERAL","SUDF"
"GO","TROMBAS","DISTRITO FEDERAL","SUDF"
"GO","TURVANIA","DISTRITO FEDERAL","SUDF"
"GO","TURVELANDIA","DISTRITO FEDERAL","SUDF"
"GO","UIRAPURU","DISTRITO FEDERAL","SUDF"
"GO","URUACU","DISTRITO FEDERAL","SUDF"
"GO","URUANA","DISTRITO FEDERAL","SUDF"
"GO","URUTAI","DISTRITO FEDERAL","SUDF"
"GO","VALPARAISO DE GOIAS","DISTRITO FEDERAL","SUDF"
"GO","VARJAO","DISTRITO FEDERAL","SUDF"
"GO","VIANOPOLIS","DISTRITO FEDERAL","SUDF"
"GO","VICENTINOPOLIS","DISTRITO FEDERAL","SUDF"
"GO","VILA BOA","DISTRITO FEDERAL","SUDF"
"GO","VILA PROPICIO","DISTRITO FEDERAL","SUDF"
"MA","ACAILANDIA","DISTRITO FEDERAL","SUDF"
"MA","AFONSO CUNHA","DISTRITO FEDERAL","SUDF"
"MA","AGUA DOCE DO MARANHAO","DISTRITO FEDERAL","SUDF"
"MA","ALCANTARA","DISTRITO FEDERAL","SUDF"
"MA","ALDEIAS ALTAS","DISTRITO FEDERAL","SUDF"
"MA","ALTAMIRA DO MARANHAO","DISTRITO FEDERAL","SUDF"
"MA","ALTO ALEGRE DO MARANHAO","DISTRITO FEDERAL","SUDF"
"MA","ALTO ALEGRE DO PINDARE","DISTRITO FEDERAL","SUDF"
"MA","ALTO PARNAIBA","DISTRITO FEDERAL","SUDF"
"MA","AMAPA DO MARANHAO","DISTRITO FEDERAL","SUDF"
"MA","AMARANTE DO MARANHAO","DISTRITO FEDERAL","SUDF"
"MA","ANAJATUBA","DISTRITO FEDERAL","SUDF"
"MA","ANAPURUS","DISTRITO FEDERAL","SUDF"
"MA","APICUM-ACU","DISTRITO FEDERAL","SUDF"
"MA","ARAGUANA","DISTRITO FEDERAL","SUDF"
"MA","ARAIOSES","DISTRITO FEDERAL","SUDF"
"MA","ARAME","DISTRITO FEDERAL","SUDF"
"MA","ARARI","DISTRITO FEDERAL","SUDF"
"MA","AXIXA","DISTRITO FEDERAL","SUDF"
"MA","BACABAL","DISTRITO FEDERAL","SUDF"
"MA","BACABEIRA","DISTRITO FEDERAL","SUDF"
"MA","BACURI","DISTRITO FEDERAL","SUDF"
"MA","BACURITUBA","DISTRITO FEDERAL","SUDF"
"MA","BALSAS","DISTRITO FEDERAL","SUDF"
"MA","BARAO DE GRAJAU","DISTRITO FEDERAL","SUDF"
"MA","BARRA DO CORDA","DISTRITO FEDERAL","SUDF"
"MA","BARREIRINHAS","DISTRITO FEDERAL","SUDF"
"MA","BELA VISTA DO MARANHAO","DISTRITO FEDERAL","SUDF"
"MA","BELAGUA","DISTRITO FEDERAL","SUDF"
"MA","BENEDITO LEITE","DISTRITO FEDERAL","SUDF"
"MA","BEQUIMAO","DISTRITO FEDERAL","SUDF"
"MA","BERNARDO DO MEARIM","DISTRITO FEDERAL","SUDF"
"MA","BOA VISTA DO GURUPI","DISTRITO FEDERAL","SUDF"
"MA","BOM JARDIM","DISTRITO FEDERAL","SUDF"
"MA","BOM JESUS DAS SELVAS","DISTRITO FEDERAL","SUDF"
"MA","BOM LUGAR","DISTRITO FEDERAL","SUDF"
"MA","BREJO","DISTRITO FEDERAL","SUDF"
"MA","BREJO DE AREIA","DISTRITO FEDERAL","SUDF"
"MA","BURITI","DISTRITO FEDERAL","SUDF"
"MA","BURITI BRAVO","DISTRITO FEDERAL","SUDF"
"MA","BURITICUPU","DISTRITO FEDERAL","SUDF"
"MA","BURITIRANA","DISTRITO FEDERAL","SUDF"
"MA","CACHOEIRA GRANDE","DISTRITO FEDERAL","SUDF"
"MA","CAJAPIO","DISTRITO FEDERAL","SUDF"
"MA","CAJARI","DISTRITO FEDERAL","SUDF"
"MA","CAMPESTRE DO MARANHAO","DISTRITO FEDERAL","SUDF"
"MA","CANDIDO MENDES","DISTRITO FEDERAL","SUDF"
"MA","CANTANHEDE","DISTRITO FEDERAL","SUDF"
"MA","CAPINZAL DO NORTE","DISTRITO FEDERAL","SUDF"
"MA","CAROLINA","DISTRITO FEDERAL","SUDF"
"MA","CARUTAPERA","DISTRITO FEDERAL","SUDF"
"MA","CAXIAS","DISTRITO FEDERAL","SUDF"
"MA","CEDRAL","DISTRITO FEDERAL","SUDF"
"MA","CENTRAL DO MARANHAO","DISTRITO FEDERAL","SUDF"
"MA","CENTRO DO GUILHERME","DISTRITO FEDERAL","SUDF"
"MA","CENTRO NOVO DO MARANHAO","DISTRITO FEDERAL","SUDF"
"MA","CHAPADINHA","DISTRITO FEDERAL","SUDF"
"MA","CIDELANDIA","DISTRITO FEDERAL","SUDF"
"MA","CODO","DISTRITO FEDERAL","SUDF"
"MA","COELHO NETO","DISTRITO FEDERAL","SUDF"
"MA","COLINAS","DISTRITO FEDERAL","SUDF"
"MA","CONCEICAO DO LAGO-ACU","DISTRITO FEDERAL","SUDF"
"MA","COROATA","DISTRITO FEDERAL","SUDF"
"MA","CURURUPU","DISTRITO FEDERAL","SUDF"
"MA","DAVINOPOLIS","DISTRITO FEDERAL","SUDF"
"MA","DOM PEDRO","DISTRITO FEDERAL","SUDF"
"MA","DUQUE BACELAR","DISTRITO FEDERAL","SUDF"
"MA","ESPERANTINOPOLIS","DISTRITO FEDERAL","SUDF"
"MA","ESTREITO","DISTRITO FEDERAL","SUDF"
"MA","FEIRA NOVA DO MARANHAO","DISTRITO FEDERAL","SUDF"
"MA","FERNANDO FALCAO","DISTRITO FEDERAL","SUDF"
"MA","FORMOSA DA SERRA NEGRA","DISTRITO FEDERAL","SUDF"
"MA","FORTALEZA DOS NOGUEIRAS","DISTRITO FEDERAL","SUDF"
"MA","FORTUNA","DISTRITO FEDERAL","SUDF"
"MA","GODOFREDO VIANA","DISTRITO FEDERAL","SUDF"
"MA","GONCALVES DIAS","DISTRITO FEDERAL","SUDF"
"MA","GOVERNADOR ARCHER","DISTRITO FEDERAL","SUDF"
"MA","GOVERNADOR EDISON LOBAO","DISTRITO FEDERAL","SUDF"
"MA","GOVERNADOR EUGENIO BARROS","DISTRITO FEDERAL","SUDF"
"MA","GOVERNADOR LUIZ ROCHA","DISTRITO FEDERAL","SUDF"
"MA","GOVERNADOR NEWTON BELLO","DISTRITO FEDERAL","SUDF"
"MA","GOVERNADOR NUNES FREIRE","DISTRITO FEDERAL","SUDF"
"MA","GRACA ARANHA","DISTRITO FEDERAL","SUDF"
"MA","GRAJAU","DISTRITO FEDERAL","SUDF"
"MA","GUIMARAES","DISTRITO FEDERAL","SUDF"
"MA","HUMBERTO DE CAMPOS","DISTRITO FEDERAL","SUDF"
"MA","ICATU","DISTRITO FEDERAL","SUDF"
"MA","IGARAPE DO MEIO","DISTRITO FEDERAL","SUDF"
"MA","IGARAPE GRANDE","DISTRITO FEDERAL","SUDF"
"MA","IMPERATRIZ","DISTRITO FEDERAL","SUDF"
"MA","ITAIPAVA DO GRAJAU","DISTRITO FEDERAL","SUDF"
"MA","ITAPECURU MIRIM","DISTRITO FEDERAL","SUDF"
"MA","ITINGA DO MARANHAO","DISTRITO FEDERAL","SUDF"
"MA","JATOBA","DISTRITO FEDERAL","SUDF"
"MA","JENIPAPO DOS VIEIRAS","DISTRITO FEDERAL","SUDF"
"MA","JOAO LISBOA","DISTRITO FEDERAL","SUDF"
"MA","JOSELANDIA","DISTRITO FEDERAL","SUDF"
"MA","JUNCO DO MARANHAO","DISTRITO FEDERAL","SUDF"
"MA","LAGO DA PEDRA","DISTRITO FEDERAL","SUDF"
"MA","LAGO DO JUNCO","DISTRITO FEDERAL","SUDF"
"MA","LAGO DOS RODRIGUES","DISTRITO FEDERAL","SUDF"
"MA","LAGO VERDE","DISTRITO FEDERAL","SUDF"
"MA","LAGOA DO MATO","DISTRITO FEDERAL","SUDF"
"MA","LAGOA GRANDE DO MARANHAO","DISTRITO FEDERAL","SUDF"
"MA","LAJEADO NOVO","DISTRITO FEDERAL","SUDF"
"MA","LIMA CAMPOS","DISTRITO FEDERAL","SUDF"
"MA","LORETO","DISTRITO FEDERAL","SUDF"
"MA","LUIS DOMINGUES","DISTRITO FEDERAL","SUDF"
"MA","MAGALHAES DE ALMEIDA","DISTRITO FEDERAL","SUDF"
"MA","MARACACUME","DISTRITO FEDERAL","SUDF"
"MA","MARAJA DO SENA","DISTRITO FEDERAL","SUDF"
"MA","MARANHAOZINHO","DISTRITO FEDERAL","SUDF"
"MA","MATA ROMA","DISTRITO FEDERAL","SUDF"
"MA","MATINHA","DISTRITO FEDERAL","SUDF"
"MA","MATOES","DISTRITO FEDERAL","SUDF"
"MA","MATOES DO NORTE","DISTRITO FEDERAL","SUDF"
"MA","MILAGRES DO MARANHAO","DISTRITO FEDERAL","SUDF"
"MA","MIRADOR","DISTRITO FEDERAL","SUDF"
"MA","MIRANDA DO NORTE","DISTRITO FEDERAL","SUDF"
"MA","MIRINZAL","DISTRITO FEDERAL","SUDF"
"MA","MONCAO","DISTRITO FEDERAL","SUDF"
"MA","MONTES ALTOS","DISTRITO FEDERAL","SUDF"
"MA","MORROS","DISTRITO FEDERAL","SUDF"
"MA","NINA RODRIGUES","DISTRITO FEDERAL","SUDF"
"MA","NOVA COLINAS","DISTRITO FEDERAL","SUDF"
"MA","NOVA IORQUE","DISTRITO FEDERAL","SUDF"
"MA","NOVA OLINDA DO MARANHAO","DISTRITO FEDERAL","SUDF"
"MA","OLHO D'AGUA DAS CUNHAS","DISTRITO FEDERAL","SUDF"
"MA","OLINDA NOVA DO MARANHAO","DISTRITO FEDERAL","SUDF"
"MA","PACO DO LUMIAR","DISTRITO FEDERAL","SUDF"
"MA","PALMEIRANDIA","DISTRITO FEDERAL","SUDF"
"MA","PARAIBANO","DISTRITO FEDERAL","SUDF"
"MA","PARNARAMA","DISTRITO FEDERAL","SUDF"
"MA","PASSAGEM FRANCA","DISTRITO FEDERAL","SUDF"
"MA","PASTOS BONS","DISTRITO FEDERAL","SUDF"
"MA","PAULINO NEVES","DISTRITO FEDERAL","SUDF"
"MA","PAULO RAMOS","DISTRITO FEDERAL","SUDF"
"MA","PEDREIRAS","DISTRITO FEDERAL","SUDF"
"MA","PEDRO DO ROSARIO","DISTRITO FEDERAL","SUDF"
"MA","PENALVA","DISTRITO FEDERAL","SUDF"
"MA","PERI MIRIM","DISTRITO FEDERAL","SUDF"
"MA","PERITORO","DISTRITO FEDERAL","SUDF"
"MA","PINDARE MIRIM","DISTRITO FEDERAL","SUDF"
"MA","PINHEIRO","DISTRITO FEDERAL","SUDF"
"MA","PIO XII","DISTRITO FEDERAL","SUDF"
"MA","PIRAPEMAS","DISTRITO FEDERAL","SUDF"
"MA","POCAO DE PEDRAS","DISTRITO FEDERAL","SUDF"
"MA","PORTO FRANCO","DISTRITO FEDERAL","SUDF"
"MA","PORTO RICO DO MARANHAO","DISTRITO FEDERAL","SUDF"
"MA","PRESIDENTE DUTRA","DISTRITO FEDERAL","SUDF"
"MA","PRESIDENTE JUSCELINO","DISTRITO FEDERAL","SUDF"
"MA","PRESIDENTE MEDICI","DISTRITO FEDERAL","SUDF"
"MA","PRESIDENTE SARNEY","DISTRITO FEDERAL","SUDF"
"MA","PRESIDENTE VARGAS","DISTRITO FEDERAL","SUDF"
"MA","PRIMEIRA CRUZ","DISTRITO FEDERAL","SUDF"
"MA","RAPOSA","DISTRITO FEDERAL","SUDF"
"MA","RIACHAO","DISTRITO FEDERAL","SUDF"
"MA","RIBAMAR FIQUENE","DISTRITO FEDERAL","SUDF"
"MA","ROSARIO","DISTRITO FEDERAL","SUDF"
"MA","SAMBAIBA","DISTRITO FEDERAL","SUDF"
"MA","SANTA FILOMENA DO MARANHAO","DISTRITO FEDERAL","SUDF"
"MA","SANTA HELENA","DISTRITO FEDERAL","SUDF"
"MA","SANTA INES","DISTRITO FEDERAL","SUDF"
"MA","SANTA LUZIA","DISTRITO FEDERAL","SUDF"
"MA","SANTA LUZIA DO PARUA","DISTRITO FEDERAL","SUDF"
"MA","SANTA QUITERIA DO MARANHAO","DISTRITO FEDERAL","SUDF"
"MA","SANTA RITA","DISTRITO FEDERAL","SUDF"
"MA","SANTANA DO MARANHAO","DISTRITO FEDERAL","SUDF"
"MA","SANTO AMARO DO MARANHAO","DISTRITO FEDERAL","SUDF"
"MA","SANTO ANTONIO DOS LOPES","DISTRITO FEDERAL","SUDF"
"MA","SAO BENEDITO DO RIO PRETO","DISTRITO FEDERAL","SUDF"
"MA","SAO BENTO","DISTRITO FEDERAL","SUDF"
"MA","SAO BERNARDO","DISTRITO FEDERAL","SUDF"
"MA","SAO DOMINGOS DO AZEITAO","DISTRITO FEDERAL","SUDF"
"MA","SAO DOMINGOS DO MARANHAO","DISTRITO FEDERAL","SUDF"
"MA","SAO FELIX DE BALSAS","DISTRITO FEDERAL","SUDF"
"MA","SAO FRANCISCO DO BREJAO","DISTRITO FEDERAL","SUDF"
"MA","SAO FRANCISCO DO MARANHAO","DISTRITO FEDERAL","SUDF"
"MA","SAO JOAO BATISTA","DISTRITO FEDERAL","SUDF"
"MA","SAO JOAO DO CARU","DISTRITO FEDERAL","SUDF"
"MA","SAO JOAO DO PARAISO","DISTRITO FEDERAL","SUDF"
"MA","SAO JOAO DO SOTER","DISTRITO FEDERAL","SUDF"
"MA","SAO JOAO DOS PATOS","DISTRITO FEDERAL","SUDF"
"MA","SAO JOSE DE RIBAMAR","DISTRITO FEDERAL","SUDF"
"MA","SAO JOSE DOS BASILIOS","DISTRITO FEDERAL","SUDF"
"MA","SAO LUIS","DISTRITO FEDERAL","SUDF"
"MA","SAO LUIS GONZAGA DO MARANHAO","DISTRITO FEDERAL","SUDF"
"MA","SAO MATEUS DO MARANHAO","DISTRITO FEDERAL","SUDF"
"MA","SAO PEDRO DA AGUA BRANCA","DISTRITO FEDERAL","SUDF"
"MA","SAO PEDRO DOS CRENTES","DISTRITO FEDERAL","SUDF"
"MA","SAO RAIMUNDO DAS MANGABEIRAS","DISTRITO FEDERAL","SUDF"
"MA","SAO RAIMUNDO DO DOCA BEZERRA","DISTRITO FEDERAL","SUDF"
"MA","SAO ROBERTO","DISTRITO FEDERAL","SUDF"
"MA","SAO VICENTE FERRER","DISTRITO FEDERAL","SUDF"
"MA","SATUBINHA","DISTRITO FEDERAL","SUDF"
"MA","SENADOR ALEXANDRE COSTA","DISTRITO FEDERAL","SUDF"
"MA","SENADOR LA ROCQUE","DISTRITO FEDERAL","SUDF"
"MA","SERRANO DO MARANHAO","DISTRITO FEDERAL","SUDF"
"MA","SITIO NOVO","DISTRITO FEDERAL","SUDF"
"MA","SUCUPIRA DO NORTE","DISTRITO FEDERAL","SUDF"
"MA","SUCUPIRA DO RIACHAO","DISTRITO FEDERAL","SUDF"
"MA","TASSO FRAGOSO","DISTRITO FEDERAL","SUDF"
"MA","TIMBIRAS","DISTRITO FEDERAL","SUDF"
"MA","TIMON","DISTRITO FEDERAL","SUDF"
"MA","TRIZIDELA DO VALE","DISTRITO FEDERAL","SUDF"
"MA","TUFILANDIA","DISTRITO FEDERAL","SUDF"
"MA","TUNTUM","DISTRITO FEDERAL","SUDF"
"MA","TURIACU","DISTRITO FEDERAL","SUDF"
"MA","TURILANDIA","DISTRITO FEDERAL","SUDF"
"MA","TUTOIA","DISTRITO FEDERAL","SUDF"
"MA","URBANO SANTOS","DISTRITO FEDERAL","SUDF"
"MA","VARGEM GRANDE","DISTRITO FEDERAL","SUDF"
"MA","VIANA","DISTRITO FEDERAL","SUDF"
"MA","VILA NOVA DOS MARTIRIOS","DISTRITO FEDERAL","SUDF"
"MA","VITORIA DO MEARIM","DISTRITO FEDERAL","SUDF"
"MA","VITORINO FREIRE","DISTRITO FEDERAL","SUDF"
"MA","ZE DOCA","DISTRITO FEDERAL","SUDF"
"MG","ABADIA DOS DOURADOS","MINAS GERAIS","SUMG"
"MG","ABAETE","MINAS GERAIS","SUMG"
"MG","ABRE CAMPO","MINAS GERAIS","SUMG"
"MG","ACAIACA","MINAS GERAIS","SUMG"
"MG","ACUCENA","MINAS GERAIS","SUMG"
"MG","AGUA BOA","MINAS GERAIS","SUMG"
"MG","AGUA COMPRIDA","MINAS GERAIS","SUMG"
"MG","AGUAS FORMOSAS","MINAS GERAIS","SUMG"
"MG","AGUAS VERMELHAS","MINAS GERAIS","SUMG"
"MG","AIMORES","MINAS GERAIS","SUMG"
"MG","AIURUOCA","MINAS GERAIS","SUMG"
"MG","ALAGOA","MINAS GERAIS","SUMG"
"MG","ALBERTINA","MINAS GERAIS","SUMG"
"MG","ALEM PARAIBA","MINAS GERAIS","SUMG"
"MG","ALFENAS","MINAS GERAIS","SUMG"
"MG","ALFREDO VASCONCELOS","MINAS GERAIS","SUMG"
"MG","ALMENARA","MINAS GERAIS","SUMG"
"MG","ALPERCATA","MINAS GERAIS","SUMG"
"MG","ALPINOPOLIS","MINAS GERAIS","SUMG"
"MG","ALTEROSA","MINAS GERAIS","SUMG"
"MG","ALTO CAPARAO","MINAS GERAIS","SUMG"
"MG","ALTO JEQUITIBA","MINAS GERAIS","SUMG"
"MG","ALTO RIO DOCE","MINAS GERAIS","SUMG"
"MG","ALVARENGA","MINAS GERAIS","SUMG"
"MG","ALVINOPOLIS","MINAS GERAIS","SUMG"
"MG","ALVORADA DE MINAS","MINAS GERAIS","SUMG"
"MG","AMPARO DA SERRA","MINAS GERAIS","SUMG"
"MG","ANDRADAS","MINAS GERAIS","SUMG"
"MG","ANDRELANDIA","MINAS GERAIS","SUMG"
"MG","ANGELANDIA","MINAS GERAIS","SUMG"
"MG","ANTONIO CARLOS","MINAS GERAIS","SUMG"
"MG","ANTONIO DIAS","MINAS GERAIS","SUMG"
"MG","ANTONIO PRADO DE MINAS","MINAS GERAIS","SUMG"
"MG","ARACAI","MINAS GERAIS","SUMG"
"MG","ARACITABA","MINAS GERAIS","SUMG"
"MG","ARACUAI","MINAS GERAIS","SUMG"
"MG","ARAGUARI","MINAS GERAIS","SUMG"
"MG","ARANTINA","MINAS GERAIS","SUMG"
"MG","ARAPONGA","MINAS GERAIS","SUMG"
"MG","ARAPORA","MINAS GERAIS","SUMG"
"MG","ARAPUA","MINAS GERAIS","SUMG"
"MG","ARAXA","MINAS GERAIS","SUMG"
"MG","ARCEBURGO","MINAS GERAIS","SUMG"
"MG","AREADO","MINAS GERAIS","SUMG"
"MG","ARGIRITA","MINAS GERAIS","SUMG"
"MG","ARICANDUVA","MINAS GERAIS","SUMG"
"MG","ARINOS","MINAS GERAIS","SUMG"
"MG","ASTOLFO DUTRA","MINAS GERAIS","SUMG"
"MG","ATALEIA","MINAS GERAIS","SUMG"
"MG","AUGUSTO DE LIMA","MINAS GERAIS","SUMG"
"MG","BAEPENDI","MINAS GERAIS","SUMG"
"MG","BALDIM","MINAS GERAIS","SUMG"
"MG","BANDEIRA","MINAS GERAIS","SUMG"
"MG","BANDEIRA DO SUL","MINAS GERAIS","SUMG"
"MG","BARAO DE COCAIS","MINAS GERAIS","SUMG"
"MG","BARAO DE MONTE ALTO","MINAS GERAIS","SUMG"
"MG","BARBACENA","MINAS GERAIS","SUMG"
"MG","BARRA LONGA","MINAS GERAIS","SUMG"
"MG","BARROSO","MINAS GERAIS","SUMG"
"MG","BELA VISTA DE MINAS","MINAS GERAIS","SUMG"
"MG","BELMIRO BRAGA","MINAS GERAIS","SUMG"
"MG","BELO HORIZONTE","MINAS GERAIS","SUMG"
"MG","BELO ORIENTE","MINAS GERAIS","SUMG"
"MG","BELO VALE","MINAS GERAIS","SUMG"
"MG","BERILO","MINAS GERAIS","SUMG"
"MG","BERIZAL","MINAS GERAIS","SUMG"
"MG","BERTOPOLIS","MINAS GERAIS","SUMG"
"MG","BETIM","MINAS GERAIS","SUMG"
"MG","BIAS FORTES","MINAS GERAIS","SUMG"
"MG","BICAS","MINAS GERAIS","SUMG"
"MG","BIQUINHAS","MINAS GERAIS","SUMG"
"MG","BOA ESPERANCA","MINAS GERAIS","SUMG"
"MG","BOCAINA DE MINAS","MINAS GERAIS","SUMG"
"MG","BOCAIUVA","MINAS GERAIS","SUMG"
"MG","BOM JARDIM DE MINAS","MINAS GERAIS","SUMG"
"MG","BOM JESUS DA PENHA","MINAS GERAIS","SUMG"
"MG","BOM JESUS DO AMPARO","MINAS GERAIS","SUMG"
"MG","BOM JESUS DO GALHO","MINAS GERAIS","SUMG"
"MG","BOM REPOUSO","MINAS GERAIS","SUMG"
"MG","BOM SUCESSO","MINAS GERAIS","SUMG"
"MG","BONFIM","MINAS GERAIS","SUMG"
"MG","BONFINOPOLIS DE MINAS","MINAS GERAIS","SUMG"
"MG","BONITO DE MINAS","MINAS GERAIS","SUMG"
"MG","BORDA DA MATA","MINAS GERAIS","SUMG"
"MG","BOTELHOS","MINAS GERAIS","SUMG"
"MG","BOTUMIRIM","MINAS GERAIS","SUMG"
"MG","BRAS PIRES","MINAS GERAIS","SUMG"
"MG","BRASILANDIA DE MINAS","MINAS GERAIS","SUMG"
"MG","BRASILIA DE MINAS","MINAS GERAIS","SUMG"
"MG","BRAUNAS","MINAS GERAIS","SUMG"
"MG","BRAZOPOLIS","MINAS GERAIS","SUMG"
"MG","BRUMADINHO","MINAS GERAIS","SUMG"
"MG","BUENO BRANDAO","MINAS GERAIS","SUMG"
"MG","BUENOPOLIS","MINAS GERAIS","SUMG"
"MG","BUGRE","MINAS GERAIS","SUMG"
"MG","BURITIS","MINAS GERAIS","SUMG"
"MG","BURITIZEIRO","MINAS GERAIS","SUMG"
"MG","CABECEIRA GRANDE","MINAS GERAIS","SUMG"
"MG","CABO VERDE","MINAS GERAIS","SUMG"
"MG","CACHOEIRA DA PRATA","MINAS GERAIS","SUMG"
"MG","CACHOEIRA DE MINAS","MINAS GERAIS","SUMG"
"MG","CACHOEIRA DE PAJEU","MINAS GERAIS","SUMG"
"MG","CACHOEIRA DOURADA","MINAS GERAIS","SUMG"
"MG","CAETANOPOLIS","MINAS GERAIS","SUMG"
"MG","CAETE","MINAS GERAIS","SUMG"
"MG","CAIANA","MINAS GERAIS","SUMG"
"MG","CAJURI","MINAS GERAIS","SUMG"
"MG","CALDAS","MINAS GERAIS","SUMG"
"MG","CAMANDUCAIA","MINAS GERAIS","SUMG"
"MG","CAMBUI","MINAS GERAIS","SUMG"
"MG","CAMBUQUIRA","MINAS GERAIS","SUMG"
"MG","CAMPANARIO","MINAS GERAIS","SUMG"
"MG","CAMPANHA","MINAS GERAIS","SUMG"
"MG","CAMPESTRE","MINAS GERAIS","SUMG"
"MG","CAMPINA VERDE","MINAS GERAIS","SUMG"
"MG","CAMPO AZUL","MINAS GERAIS","SUMG"
"MG","CAMPO DO MEIO","MINAS GERAIS","SUMG"
"MG","CAMPO FLORIDO","MINAS GERAIS","SUMG"
"MG","CAMPOS ALTOS","MINAS GERAIS","SUMG"
"MG","CAMPOS GERAIS","MINAS GERAIS","SUMG"
"MG","CANA VERDE","MINAS GERAIS","SUMG"
"MG","CANAA","MINAS GERAIS","SUMG"
"MG","CANAPOLIS","MINAS GERAIS","SUMG"
"MG","CANTAGALO","MINAS GERAIS","SUMG"
"MG","CAPARAO","MINAS GERAIS","SUMG"
"MG","CAPELA NOVA","MINAS GERAIS","SUMG"
"MG","CAPELINHA","MINAS GERAIS","SUMG"
"MG","CAPETINGA","MINAS GERAIS","SUMG"
"MG","CAPIM BRANCO","MINAS GERAIS","SUMG"
"MG","CAPINOPOLIS","MINAS GERAIS","SUMG"
"MG","CAPITAO ANDRADE","MINAS GERAIS","SUMG"
"MG","CAPITAO ENEAS","MINAS GERAIS","SUMG"
"MG","CAPUTIRA","MINAS GERAIS","SUMG"
"MG","CARAI","MINAS GERAIS","SUMG"
"MG","CARANAIBA","MINAS GERAIS","SUMG"
"MG","CARANDAI","MINAS GERAIS","SUMG"
"MG","CARANGOLA","MINAS GERAIS","SUMG"
"MG","CARATINGA","MINAS GERAIS","SUMG"
"MG","CARBONITA","MINAS GERAIS","SUMG"
"MG","CAREACU","MINAS GERAIS","SUMG"
"MG","CARLOS CHAGAS","MINAS GERAIS","SUMG"
"MG","CARMESIA","MINAS GERAIS","SUMG"
"MG","CARMO DA CACHOEIRA","MINAS GERAIS","SUMG"
"MG","CARMO DE MINAS","MINAS GERAIS","SUMG"
"MG","CARMO DO PARANAIBA","MINAS GERAIS","SUMG"
"MG","CARMO DO RIO CLARO","MINAS GERAIS","SUMG"
"MG","CARMOPOLIS DE MINAS","MINAS GERAIS","SUMG"
"MG","CARNEIRINHO","MINAS GERAIS","SUMG"
"MG","CARRANCAS","MINAS GERAIS","SUMG"
"MG","CARVALHOPOLIS","MINAS GERAIS","SUMG"
"MG","CARVALHOS","MINAS GERAIS","SUMG"
"MG","CASA GRANDE","MINAS GERAIS","SUMG"
"MG","CASCALHO RICO","MINAS GERAIS","SUMG"
"MG","CASSIA","MINAS GERAIS","SUMG"
"MG","CATAGUASES","MINAS GERAIS","SUMG"
"MG","CATAS ALTAS","MINAS GERAIS","SUMG"
"MG","CATAS ALTAS DA NORUEGA","MINAS GERAIS","SUMG"
"MG","CATUJI","MINAS GERAIS","SUMG"
"MG","CATUTI","MINAS GERAIS","SUMG"
"MG","CAXAMBU","MINAS GERAIS","SUMG"
"MG","CEDRO DO ABAETE","MINAS GERAIS","SUMG"
"MG","CENTRAL DE MINAS","MINAS GERAIS","SUMG"
"MG","CENTRALINA","MINAS GERAIS","SUMG"
"MG","CHACARA","MINAS GERAIS","SUMG"
"MG","CHALE","MINAS GERAIS","SUMG"
"MG","CHAPADA DO NORTE","MINAS GERAIS","SUMG"
"MG","CHAPADA GAUCHA","MINAS GERAIS","SUMG"
"MG","CHIADOR","MINAS GERAIS","SUMG"
"MG","CIPOTANEA","MINAS GERAIS","SUMG"
"MG","CLARAVAL","MINAS GERAIS","SUMG"
"MG","CLARO DOS POCOES","MINAS GERAIS","SUMG"
"MG","COIMBRA","MINAS GERAIS","SUMG"
"MG","COLUNA","MINAS GERAIS","SUMG"
"MG","COMENDADOR GOMES","MINAS GERAIS","SUMG"
"MG","COMERCINHO","MINAS GERAIS","SUMG"
"MG","CONCEICAO DA APARECIDA","MINAS GERAIS","SUMG"
"MG","CONCEICAO DA BARRA DE MINAS","MINAS GERAIS","SUMG"
"MG","CONCEICAO DAS ALAGOAS","MINAS GERAIS","SUMG"
"MG","CONCEICAO DAS PEDRAS","MINAS GERAIS","SUMG"
"MG","CONCEICAO DE IPANEMA","MINAS GERAIS","SUMG"
"MG","CONCEICAO DO MATO DENTRO","MINAS GERAIS","SUMG"
"MG","CONCEICAO DO RIO VERDE","MINAS GERAIS","SUMG"
"MG","CONCEICAO DOS OUROS","MINAS GERAIS","SUMG"
"MG","CONEGO MARINHO","MINAS GERAIS","SUMG"
"MG","CONFINS","MINAS GERAIS","SUMG"
"MG","CONGONHAL","MINAS GERAIS","SUMG"
"MG","CONGONHAS","MINAS GERAIS","SUMG"
"MG","CONGONHAS DO NORTE","MINAS GERAIS","SUMG"
"MG","CONQUISTA","MINAS GERAIS","SUMG"
"MG","CONSELHEIRO LAFAIETE","MINAS GERAIS","SUMG"
"MG","CONSELHEIRO PENA","MINAS GERAIS","SUMG"
"MG","CONSOLACAO","MINAS GERAIS","SUMG"
"MG","CONTAGEM","MINAS GERAIS","SUMG"
"MG","COQUEIRAL","MINAS GERAIS","SUMG"
"MG","CORACAO DE JESUS","MINAS GERAIS","SUMG"
"MG","CORDISBURGO","MINAS GERAIS","SUMG"
"MG","CORDISLANDIA","MINAS GERAIS","SUMG"
"MG","CORINTO","MINAS GERAIS","SUMG"
"MG","COROACI","MINAS GERAIS","SUMG"
"MG","COROMANDEL","MINAS GERAIS","SUMG"
"MG","CORONEL FABRICIANO","MINAS GERAIS","SUMG"
"MG","CORONEL MURTA","MINAS GERAIS","SUMG"
"MG","CORONEL PACHECO","MINAS GERAIS","SUMG"
"MG","CORONEL XAVIER CHAVES","MINAS GERAIS","SUMG"
"MG","CORREGO DO BOM JESUS","MINAS GERAIS","SUMG"
"MG","CORREGO NOVO","MINAS GERAIS","SUMG"
"MG","COUTO DE MAGALHAES DE MINAS","MINAS GERAIS","SUMG"
"MG","CRISOLITA","MINAS GERAIS","SUMG"
"MG","CRISTALIA","MINAS GERAIS","SUMG"
"MG","CRISTIANO OTONI","MINAS GERAIS","SUMG"
"MG","CRISTINA","MINAS GERAIS","SUMG"
"MG","CRUCILANDIA","MINAS GERAIS","SUMG"
"MG","CRUZEIRO DA FORTALEZA","MINAS GERAIS","SUMG"
"MG","CRUZILIA","MINAS GERAIS","SUMG"
"MG","CUPARAQUE","MINAS GERAIS","SUMG"
"MG","CURRAL DE DENTRO","MINAS GERAIS","SUMG"
"MG","CURVELO","MINAS GERAIS","SUMG"
"MG","DATAS","MINAS GERAIS","SUMG"
"MG","DELFIM MOREIRA","MINAS GERAIS","SUMG"
"MG","DELFINOPOLIS","MINAS GERAIS","SUMG"
"MG","DELTA","MINAS GERAIS","SUMG"
"MG","DESCOBERTO","MINAS GERAIS","SUMG"
"MG","DESTERRO DE ENTRE RIOS","MINAS GERAIS","SUMG"
"MG","DESTERRO DO MELO","MINAS GERAIS","SUMG"
"MG","DIAMANTINA","MINAS GERAIS","SUMG"
"MG","DIOGO DE VASCONCELOS","MINAS GERAIS","SUMG"
"MG","DIONISIO","MINAS GERAIS","SUMG"
"MG","DIVINESIA","MINAS GERAIS","SUMG"
"MG","DIVINO","MINAS GERAIS","SUMG"
"MG","DIVINO DAS LARANJEIRAS","MINAS GERAIS","SUMG"
"MG","DIVINOLANDIA DE MINAS","MINAS GERAIS","SUMG"
"MG","DIVISA ALEGRE","MINAS GERAIS","SUMG"
"MG","DIVISA NOVA","MINAS GERAIS","SUMG"
"MG","DIVISOPOLIS","MINAS GERAIS","SUMG"
"MG","DOM BOSCO","MINAS GERAIS","SUMG"
"MG","DOM CAVATI","MINAS GERAIS","SUMG"
"MG","DOM JOAQUIM","MINAS GERAIS","SUMG"
"MG","DOM SILVERIO","MINAS GERAIS","SUMG"
"MG","DOM VICOSO","MINAS GERAIS","SUMG"
"MG","DONA EUZEBIA","MINAS GERAIS","SUMG"
"MG","DORES DE CAMPOS","MINAS GERAIS","SUMG"
"MG","DORES DE GUANHAES","MINAS GERAIS","SUMG"
"MG","DORES DO INDAIA","MINAS GERAIS","SUMG"
"MG","DORES DO TURVO","MINAS GERAIS","SUMG"
"MG","DOURADOQUARA","MINAS GERAIS","SUMG"
"MG","DURANDE","MINAS GERAIS","SUMG"
"MG","ELOI MENDES","MINAS GERAIS","SUMG"
"MG","ENGENHEIRO CALDAS","MINAS GERAIS","SUMG"
"MG","ENGENHEIRO NAVARRO","MINAS GERAIS","SUMG"
"MG","ENTRE FOLHAS","MINAS GERAIS","SUMG"
"MG","ENTRE RIOS DE MINAS","MINAS GERAIS","SUMG"
"MG","ERVALIA","MINAS GERAIS","SUMG"
"MG","ESMERALDAS","MINAS GERAIS","SUMG"
"MG","ESPERA FELIZ","MINAS GERAIS","SUMG"
"MG","ESPINOSA","MINAS GERAIS","SUMG"
"MG","ESPIRITO SANTO DO DOURADO","MINAS GERAIS","SUMG"
"MG","ESTIVA","MINAS GERAIS","SUMG"
"MG","ESTRELA DALVA","MINAS GERAIS","SUMG"
"MG","ESTRELA DO INDAIA","MINAS GERAIS","SUMG"
"MG","ESTRELA DO SUL","MINAS GERAIS","SUMG"
"MG","EUGENOPOLIS","MINAS GERAIS","SUMG"
"MG","EWBANK DA CAMARA","MINAS GERAIS","SUMG"
"MG","EXTREMA","MINAS GERAIS","SUMG"
"MG","FAMA","MINAS GERAIS","SUMG"
"MG","FARIA LEMOS","MINAS GERAIS","SUMG"
"MG","FELICIO DOS SANTOS","MINAS GERAIS","SUMG"
"MG","FELISBURGO","MINAS GERAIS","SUMG"
"MG","FELIXLANDIA","MINAS GERAIS","SUMG"
"MG","FERNANDES TOURINHO","MINAS GERAIS","SUMG"
"MG","FERROS","MINAS GERAIS","SUMG"
"MG","FERVEDOURO","MINAS GERAIS","SUMG"
"MG","FORMOSO","MINAS GERAIS","SUMG"
"MG","FORTALEZA DE MINAS","MINAS GERAIS","SUMG"
"MG","FORTUNA DE MINAS","MINAS GERAIS","SUMG"
"MG","FRANCISCO BADARO","MINAS GERAIS","SUMG"
"MG","FRANCISCO DUMONT","MINAS GERAIS","SUMG"
"MG","FRANCISCO SA","MINAS GERAIS","SUMG"
"MG","FRANCISCOPOLIS","MINAS GERAIS","SUMG"
"MG","FREI GASPAR","MINAS GERAIS","SUMG"
"MG","FREI INOCENCIO","MINAS GERAIS","SUMG"
"MG","FREI LAGONEGRO","MINAS GERAIS","SUMG"
"MG","FRONTEIRA","MINAS GERAIS","SUMG"
"MG","FRONTEIRA DOS VALES","MINAS GERAIS","SUMG"
"MG","FRUTA DE LEITE","MINAS GERAIS","SUMG"
"MG","FRUTAL","MINAS GERAIS","SUMG"
"MG","FUNILANDIA","MINAS GERAIS","SUMG"
"MG","GALILEIA","MINAS GERAIS","SUMG"
"MG","GAMELEIRAS","MINAS GERAIS","SUMG"
"MG","GLAUCILANDIA","MINAS GERAIS","SUMG"
"MG","GOIABEIRA","MINAS GERAIS","SUMG"
"MG","GOIANA","MINAS GERAIS","SUMG"
"MG","GONCALVES","MINAS GERAIS","SUMG"
"MG","GONZAGA","MINAS GERAIS","SUMG"
"MG","GOUVEIA","MINAS GERAIS","SUMG"
"MG","GOVERNADOR VALADARES","MINAS GERAIS","SUMG"
"MG","GRAO MOGOL","MINAS GERAIS","SUMG"
"MG","GRUPIARA","MINAS GERAIS","SUMG"
"MG","GUANHAES","MINAS GERAIS","SUMG"
"MG","GUARACIABA","MINAS GERAIS","SUMG"
"MG","GUARACIAMA","MINAS GERAIS","SUMG"
"MG","GUARANESIA","MINAS GERAIS","SUMG"
"MG","GUARANI","MINAS GERAIS","SUMG"
"MG","GUARARA","MINAS GERAIS","SUMG"
"MG","GUARDA-MOR","MINAS GERAIS","SUMG"
"MG","GUAXUPE","MINAS GERAIS","SUMG"
"MG","GUIDOVAL","MINAS GERAIS","SUMG"
"MG","GUIMARANIA","MINAS GERAIS","SUMG"
"MG","GUIRICEMA","MINAS GERAIS","SUMG"
"MG","GURINHATA","MINAS GERAIS","SUMG"
"MG","HELIODORA","MINAS GERAIS","SUMG"
"MG","IAPU","MINAS GERAIS","SUMG"
"MG","IBERTIOGA","MINAS GERAIS","SUMG"
"MG","IBIA","MINAS GERAIS","SUMG"
"MG","IBIAI","MINAS GERAIS","SUMG"
"MG","IBIRACATU","MINAS GERAIS","SUMG"
"MG","IBIRACI","MINAS GERAIS","SUMG"
"MG","IBIRITE","MINAS GERAIS","SUMG"
"MG","IBITIURA DE MINAS","MINAS GERAIS","SUMG"
"MG","IBITURUNA","MINAS GERAIS","SUMG"
"MG","ICARAI DE MINAS","MINAS GERAIS","SUMG"
"MG","IGARAPE","MINAS GERAIS","SUMG"
"MG","IJACI","MINAS GERAIS","SUMG"
"MG","ILICINEA","MINAS GERAIS","SUMG"
"MG","IMBE DE MINAS","MINAS GERAIS","SUMG"
"MG","INCONFIDENTES","MINAS GERAIS","SUMG"
"MG","INDAIABIRA","MINAS GERAIS","SUMG"
"MG","INDIANOPOLIS","MINAS GERAIS","SUMG"
"MG","INGAI","MINAS GERAIS","SUMG"
"MG","INHAPIM","MINAS GERAIS","SUMG"
"MG","INHAUMA","MINAS GERAIS","SUMG"
"MG","INIMUTABA","MINAS GERAIS","SUMG"
"MG","IPABA","MINAS GERAIS","SUMG"
"MG","IPANEMA","MINAS GERAIS","SUMG"
"MG","IPATINGA","MINAS GERAIS","SUMG"
"MG","IPIACU","MINAS GERAIS","SUMG"
"MG","IPUIUNA","MINAS GERAIS","SUMG"
"MG","IRAI DE MINAS","MINAS GERAIS","SUMG"
"MG","ITABIRA","MINAS GERAIS","SUMG"
"MG","ITABIRINHA","MINAS GERAIS","SUMG"
"MG","ITABIRITO","MINAS GERAIS","SUMG"
"MG","ITACAMBIRA","MINAS GERAIS","SUMG"
"MG","ITACARAMBI","MINAS GERAIS","SUMG"
"MG","ITAGUARA","MINAS GERAIS","SUMG"
"MG","ITAIPE","MINAS GERAIS","SUMG"
"MG","ITAJUBA","MINAS GERAIS","SUMG"
"MG","ITAMARANDIBA","MINAS GERAIS","SUMG"
"MG","ITAMARATI DE MINAS","MINAS GERAIS","SUMG"
"MG","ITAMBACURI","MINAS GERAIS","SUMG"
"MG","ITAMBE DO MATO DENTRO","MINAS GERAIS","SUMG"
"MG","ITAMOGI","MINAS GERAIS","SUMG"
"MG","ITAMONTE","MINAS GERAIS","SUMG"
"MG","ITANHANDU","MINAS GERAIS","SUMG"
"MG","ITANHOMI","MINAS GERAIS","SUMG"
"MG","ITAOBIM","MINAS GERAIS","SUMG"
"MG","ITAPAGIPE","MINAS GERAIS","SUMG"
"MG","ITAPEVA","MINAS GERAIS","SUMG"
"MG","ITATIAIUCU","MINAS GERAIS","SUMG"
"MG","ITAU DE MINAS","MINAS GERAIS","SUMG"
"MG","ITAUNA","MINAS GERAIS","SUMG"
"MG","ITAVERAVA","MINAS GERAIS","SUMG"
"MG","ITINGA","MINAS GERAIS","SUMG"
"MG","ITUETA","MINAS GERAIS","SUMG"
"MG","ITUIUTABA","MINAS GERAIS","SUMG"
"MG","ITUMIRIM","MINAS GERAIS","SUMG"
"MG","ITURAMA","MINAS GERAIS","SUMG"
"MG","ITUTINGA","MINAS GERAIS","SUMG"
"MG","JABOTICATUBAS","MINAS GERAIS","SUMG"
"MG","JACINTO","MINAS GERAIS","SUMG"
"MG","JACUI","MINAS GERAIS","SUMG"
"MG","JACUTINGA","MINAS GERAIS","SUMG"
"MG","JAGUARACU","MINAS GERAIS","SUMG"
"MG","JAIBA","MINAS GERAIS","SUMG"
"MG","JAMPRUCA","MINAS GERAIS","SUMG"
"MG","JANAUBA","MINAS GERAIS","SUMG"
"MG","JANUARIA","MINAS GERAIS","SUMG"
"MG","JAPONVAR","MINAS GERAIS","SUMG"
"MG","JECEABA","MINAS GERAIS","SUMG"
"MG","JENIPAPO DE MINAS","MINAS GERAIS","SUMG"
"MG","JEQUERI","MINAS GERAIS","SUMG"
"MG","JEQUITAI","MINAS GERAIS","SUMG"
"MG","JEQUITIBA","MINAS GERAIS","SUMG"
"MG","JEQUITINHONHA","MINAS GERAIS","SUMG"
"MG","JESUANIA","MINAS GERAIS","SUMG"
"MG","JOAIMA","MINAS GERAIS","SUMG"
"MG","JOANESIA","MINAS GERAIS","SUMG"
"MG","JOAO MONLEVADE","MINAS GERAIS","SUMG"
"MG","JOAO PINHEIRO","MINAS GERAIS","SUMG"
"MG","JOAQUIM FELICIO","MINAS GERAIS","SUMG"
"MG","JORDANIA","MINAS GERAIS","SUMG"
"MG","JOSE GONCALVES DE MINAS","MINAS GERAIS","SUMG"
"MG","JOSE RAYDAN","MINAS GERAIS","SUMG"
"MG","JOSENOPOLIS","MINAS GERAIS","SUMG"
"MG","JUATUBA","MINAS GERAIS","SUMG"
"MG","JUIZ DE FORA","MINAS GERAIS","SUMG"
"MG","JURAMENTO","MINAS GERAIS","SUMG"
"MG","JURUAIA","MINAS GERAIS","SUMG"
"MG","JUVENILIA","MINAS GERAIS","SUMG"
"MG","LADAINHA","MINAS GERAIS","SUMG"
"MG","LAGAMAR","MINAS GERAIS","SUMG"
"MG","LAGOA DOS PATOS","MINAS GERAIS","SUMG"
"MG","LAGOA DOURADA","MINAS GERAIS","SUMG"
"MG","LAGOA FORMOSA","MINAS GERAIS","SUMG"
"MG","LAGOA GRANDE","MINAS GERAIS","SUMG"
"MG","LAGOA SANTA","MINAS GERAIS","SUMG"
"MG","LAJINHA","MINAS GERAIS","SUMG"
"MG","LAMBARI","MINAS GERAIS","SUMG"
"MG","LAMIM","MINAS GERAIS","SUMG"
"MG","LARANJAL","MINAS GERAIS","SUMG"
"MG","LASSANCE","MINAS GERAIS","SUMG"
"MG","LAVRAS","MINAS GERAIS","SUMG"
"MG","LEME DO PRADO","MINAS GERAIS","SUMG"
"MG","LEOPOLDINA","MINAS GERAIS","SUMG"
"MG","LIBERDADE","MINAS GERAIS","SUMG"
"MG","LIMA DUARTE","MINAS GERAIS","SUMG"
"MG","LIMEIRA DO OESTE","MINAS GERAIS","SUMG"
"MG","LONTRA","MINAS GERAIS","SUMG"
"MG","LUISBURGO","MINAS GERAIS","SUMG"
"MG","LUISLANDIA","MINAS GERAIS","SUMG"
"MG","LUMINARIAS","MINAS GERAIS","SUMG"
"MG","MACHACALIS","MINAS GERAIS","SUMG"
"MG","MACHADO","MINAS GERAIS","SUMG"
"MG","MADRE DE DEUS DE MINAS","MINAS GERAIS","SUMG"
"MG","MALACACHETA","MINAS GERAIS","SUMG"
"MG","MAMONAS","MINAS GERAIS","SUMG"
"MG","MANGA","MINAS GERAIS","SUMG"
"MG","MANHUACU","MINAS GERAIS","SUMG"
"MG","MANHUMIRIM","MINAS GERAIS","SUMG"
"MG","MANTENA","MINAS GERAIS","SUMG"
"MG","MAR DE ESPANHA","MINAS GERAIS","SUMG"
"MG","MARAVILHAS","MINAS GERAIS","SUMG"
"MG","MARIA DA FE","MINAS GERAIS","SUMG"
"MG","MARIANA","MINAS GERAIS","SUMG"
"MG","MARILAC","MINAS GERAIS","SUMG"
"MG","MARIO CAMPOS","MINAS GERAIS","SUMG"
"MG","MARIPA DE MINAS","MINAS GERAIS","SUMG"
"MG","MARLIERIA","MINAS GERAIS","SUMG"
"MG","MARMELOPOLIS","MINAS GERAIS","SUMG"
"MG","MARTINHO CAMPOS","MINAS GERAIS","SUMG"
"MG","MARTINS SOARES","MINAS GERAIS","SUMG"
"MG","MATA VERDE","MINAS GERAIS","SUMG"
"MG","MATERLANDIA","MINAS GERAIS","SUMG"
"MG","MATEUS LEME","MINAS GERAIS","SUMG"
"MG","MATHIAS LOBATO","MINAS GERAIS","SUMG"
"MG","MATIAS BARBOSA","MINAS GERAIS","SUMG"
"MG","MATIAS CARDOSO","MINAS GERAIS","SUMG"
"MG","MATIPO","MINAS GERAIS","SUMG"
"MG","MATO VERDE","MINAS GERAIS","SUMG"
"MG","MATOZINHOS","MINAS GERAIS","SUMG"
"MG","MATUTINA","MINAS GERAIS","SUMG"
"MG","MEDINA","MINAS GERAIS","SUMG"
"MG","MENDES PIMENTEL","MINAS GERAIS","SUMG"
"MG","MERCES","MINAS GERAIS","SUMG"
"MG","MESQUITA","MINAS GERAIS","SUMG"
"MG","MINAS NOVAS","MINAS GERAIS","SUMG"
"MG","MINDURI","MINAS GERAIS","SUMG"
"MG","MIRABELA","MINAS GERAIS","SUMG"
"MG","MIRADOURO","MINAS GERAIS","SUMG"
"MG","MIRAI","MINAS GERAIS","SUMG"
"MG","MIRAVANIA","MINAS GERAIS","SUMG"
"MG","MOEDA","MINAS GERAIS","SUMG"
"MG","MONJOLOS","MINAS GERAIS","SUMG"
"MG","MONSENHOR PAULO","MINAS GERAIS","SUMG"
"MG","MONTALVANIA","MINAS GERAIS","SUMG"
"MG","MONTE ALEGRE DE MINAS","MINAS GERAIS","SUMG"
"MG","MONTE AZUL","MINAS GERAIS","SUMG"
"MG","MONTE BELO","MINAS GERAIS","SUMG"
"MG","MONTE CARMELO","MINAS GERAIS","SUMG"
"MG","MONTE FORMOSO","MINAS GERAIS","SUMG"
"MG","MONTE SANTO DE MINAS","MINAS GERAIS","SUMG"
"MG","MONTE SIAO","MINAS GERAIS","SUMG"
"MG","MONTES CLAROS","MINAS GERAIS","SUMG"
"MG","MONTEZUMA","MINAS GERAIS","SUMG"
"MG","MORADA NOVA DE MINAS","MINAS GERAIS","SUMG"
"MG","MORRO DA GARCA","MINAS GERAIS","SUMG"
"MG","MORRO DO PILAR","MINAS GERAIS","SUMG"
"MG","MUNHOZ","MINAS GERAIS","SUMG"
"MG","MURIAE","MINAS GERAIS","SUMG"
"MG","MUTUM","MINAS GERAIS","SUMG"
"MG","MUZAMBINHO","MINAS GERAIS","SUMG"
"MG","NACIP RAYDAN","MINAS GERAIS","SUMG"
"MG","NANUQUE","MINAS GERAIS","SUMG"
"MG","NAQUE","MINAS GERAIS","SUMG"
"MG","NATALANDIA","MINAS GERAIS","SUMG"
"MG","NATERCIA","MINAS GERAIS","SUMG"
"MG","NAZARENO","MINAS GERAIS","SUMG"
"MG","NEPOMUCENO","MINAS GERAIS","SUMG"
"MG","NINHEIRA","MINAS GERAIS","SUMG"
"MG","NOVA BELEM","MINAS GERAIS","SUMG"
"MG","NOVA ERA","MINAS GERAIS","SUMG"
"MG","NOVA LIMA","MINAS GERAIS","SUMG"
"MG","NOVA MODICA","MINAS GERAIS","SUMG"
"MG","NOVA PONTE","MINAS GERAIS","SUMG"
"MG","NOVA PORTEIRINHA","MINAS GERAIS","SUMG"
"MG","NOVA RESENDE","MINAS GERAIS","SUMG"
"MG","NOVA UNIAO","MINAS GERAIS","SUMG"
"MG","NOVO CRUZEIRO","MINAS GERAIS","SUMG"
"MG","NOVO ORIENTE DE MINAS","MINAS GERAIS","SUMG"
"MG","NOVORIZONTE","MINAS GERAIS","SUMG"
"MG","OLARIA","MINAS GERAIS","SUMG"
"MG","OLHOS D'AGUA","MINAS GERAIS","SUMG"
"MG","OLIMPIO NORONHA","MINAS GERAIS","SUMG"
"MG","OLIVEIRA FORTES","MINAS GERAIS","SUMG"
"MG","ORATORIOS","MINAS GERAIS","SUMG"
"MG","ORIZANIA","MINAS GERAIS","SUMG"
"MG","OURO BRANCO","MINAS GERAIS","SUMG"
"MG","OURO FINO","MINAS GERAIS","SUMG"
"MG","OURO PRETO","MINAS GERAIS","SUMG"
"MG","OURO VERDE DE MINAS","MINAS GERAIS","SUMG"
"MG","PADRE CARVALHO","MINAS GERAIS","SUMG"
"MG","PADRE PARAISO","MINAS GERAIS","SUMG"
"MG","PAI PEDRO","MINAS GERAIS","SUMG"
"MG","PAINEIRAS","MINAS GERAIS","SUMG"
"MG","PAIVA","MINAS GERAIS","SUMG"
"MG","PALMA","MINAS GERAIS","SUMG"
"MG","PALMOPOLIS","MINAS GERAIS","SUMG"
"MG","PAPAGAIOS","MINAS GERAIS","SUMG"
"MG","PARACATU","MINAS GERAIS","SUMG"
"MG","PARAGUACU","MINAS GERAIS","SUMG"
"MG","PARAISOPOLIS","MINAS GERAIS","SUMG"
"MG","PARAOPEBA","MINAS GERAIS","SUMG"
"MG","PASSA QUATRO","MINAS GERAIS","SUMG"
"MG","PASSA TEMPO","MINAS GERAIS","SUMG"
"MG","PASSA VINTE","MINAS GERAIS","SUMG"
"MG","PASSABEM","MINAS GERAIS","SUMG"
"MG","PASSOS","MINAS GERAIS","SUMG"
"MG","PATIS","MINAS GERAIS","SUMG"
"MG","PATOS DE MINAS","MINAS GERAIS","SUMG"
"MG","PATROCINIO","MINAS GERAIS","SUMG"
"MG","PATROCINIO DO MURIAE","MINAS GERAIS","SUMG"
"MG","PAULA CANDIDO","MINAS GERAIS","SUMG"
"MG","PAULISTAS","MINAS GERAIS","SUMG"
"MG","PAVAO","MINAS GERAIS","SUMG"
"MG","PECANHA","MINAS GERAIS","SUMG"
"MG","PEDRA AZUL","MINAS GERAIS","SUMG"
"MG","PEDRA BONITA","MINAS GERAIS","SUMG"
"MG","PEDRA DO ANTA","MINAS GERAIS","SUMG"
"MG","PEDRA DOURADA","MINAS GERAIS","SUMG"
"MG","PEDRALVA","MINAS GERAIS","SUMG"
"MG","PEDRAS DE MARIA DA CRUZ","MINAS GERAIS","SUMG"
"MG","PEDRINOPOLIS","MINAS GERAIS","SUMG"
"MG","PEDRO LEOPOLDO","MINAS GERAIS","SUMG"
"MG","PEDRO TEIXEIRA","MINAS GERAIS","SUMG"
"MG","PEQUERI","MINAS GERAIS","SUMG"
"MG","PERDIZES","MINAS GERAIS","SUMG"
"MG","PERDOES","MINAS GERAIS","SUMG"
"MG","PERIQUITO","MINAS GERAIS","SUMG"
"MG","PESCADOR","MINAS GERAIS","SUMG"
"MG","PIAU","MINAS GERAIS","SUMG"
"MG","PIEDADE DE CARATINGA","MINAS GERAIS","SUMG"
"MG","PIEDADE DE PONTE NOVA","MINAS GERAIS","SUMG"
"MG","PIEDADE DO RIO GRANDE","MINAS GERAIS","SUMG"
"MG","PIEDADE DOS GERAIS","MINAS GERAIS","SUMG"
"MG","PINGO-D'AGUA","MINAS GERAIS","SUMG"
"MG","PINTOPOLIS","MINAS GERAIS","SUMG"
"MG","PIRACEMA","MINAS GERAIS","SUMG"
"MG","PIRAJUBA","MINAS GERAIS","SUMG"
"MG","PIRANGA","MINAS GERAIS","SUMG"
"MG","PIRANGUCU","MINAS GERAIS","SUMG"
"MG","PIRANGUINHO","MINAS GERAIS","SUMG"
"MG","PIRAPETINGA","MINAS GERAIS","SUMG"
"MG","PIRAPORA","MINAS GERAIS","SUMG"
"MG","PIRAUBA","MINAS GERAIS","SUMG"
"MG","PLANURA","MINAS GERAIS","SUMG"
"MG","POCO FUNDO","MINAS GERAIS","SUMG"
"MG","POCOS DE CALDAS","MINAS GERAIS","SUMG"
"MG","POCRANE","MINAS GERAIS","SUMG"
"MG","POMPEU","MINAS GERAIS","SUMG"
"MG","PONTE NOVA","MINAS GERAIS","SUMG"
"MG","PONTO CHIQUE","MINAS GERAIS","SUMG"
"MG","PONTO DOS VOLANTES","MINAS GERAIS","SUMG"
"MG","PORTEIRINHA","MINAS GERAIS","SUMG"
"MG","PORTO FIRME","MINAS GERAIS","SUMG"
"MG","POTE","MINAS GERAIS","SUMG"
"MG","POUSO ALEGRE","MINAS GERAIS","SUMG"
"MG","POUSO ALTO","MINAS GERAIS","SUMG"
"MG","PRADOS","MINAS GERAIS","SUMG"
"MG","PRATA","MINAS GERAIS","SUMG"
"MG","PRATAPOLIS","MINAS GERAIS","SUMG"
"MG","PRATINHA","MINAS GERAIS","SUMG"
"MG","PRESIDENTE BERNARDES","MINAS GERAIS","SUMG"
"MG","PRESIDENTE JUSCELINO","MINAS GERAIS","SUMG"
"MG","PRESIDENTE KUBITSCHEK","MINAS GERAIS","SUMG"
"MG","PRESIDENTE OLEGARIO","MINAS GERAIS","SUMG"
"MG","PRUDENTE DE MORAIS","MINAS GERAIS","SUMG"
"MG","QUARTEL GERAL","MINAS GERAIS","SUMG"
"MG","QUELUZITO","MINAS GERAIS","SUMG"
"MG","RAPOSOS","MINAS GERAIS","SUMG"
"MG","RAUL SOARES","MINAS GERAIS","SUMG"
"MG","RECREIO","MINAS GERAIS","SUMG"
"MG","REDUTO","MINAS GERAIS","SUMG"
"MG","RESENDE COSTA","MINAS GERAIS","SUMG"
"MG","RESPLENDOR","MINAS GERAIS","SUMG"
"MG","RESSAQUINHA","MINAS GERAIS","SUMG"
"MG","RIACHINHO","MINAS GERAIS","SUMG"
"MG","RIACHO DOS MACHADOS","MINAS GERAIS","SUMG"
"MG","RIBEIRAO DAS NEVES","MINAS GERAIS","SUMG"
"MG","RIBEIRAO VERMELHO","MINAS GERAIS","SUMG"
"MG","RIO ACIMA","MINAS GERAIS","SUMG"
"MG","RIO CASCA","MINAS GERAIS","SUMG"
"MG","RIO DO PRADO","MINAS GERAIS","SUMG"
"MG","RIO DOCE","MINAS GERAIS","SUMG"
"MG","RIO ESPERA","MINAS GERAIS","SUMG"
"MG","RIO MANSO","MINAS GERAIS","SUMG"
"MG","RIO NOVO","MINAS GERAIS","SUMG"
"MG","RIO PARANAIBA","MINAS GERAIS","SUMG"
"MG","RIO PARDO DE MINAS","MINAS GERAIS","SUMG"
"MG","RIO PIRACICABA","MINAS GERAIS","SUMG"
"MG","RIO POMBA","MINAS GERAIS","SUMG"
"MG","RIO PRETO","MINAS GERAIS","SUMG"
"MG","RIO VERMELHO","MINAS GERAIS","SUMG"
"MG","RITAPOLIS","MINAS GERAIS","SUMG"
"MG","ROCHEDO DE MINAS","MINAS GERAIS","SUMG"
"MG","RODEIRO","MINAS GERAIS","SUMG"
"MG","ROMARIA","MINAS GERAIS","SUMG"
"MG","ROSARIO DA LIMEIRA","MINAS GERAIS","SUMG"
"MG","RUBELITA","MINAS GERAIS","SUMG"
"MG","RUBIM","MINAS GERAIS","SUMG"
"MG","SABARA","MINAS GERAIS","SUMG"
"MG","SABINOPOLIS","MINAS GERAIS","SUMG"
"MG","SACRAMENTO","MINAS GERAIS","SUMG"
"MG","SALINAS","MINAS GERAIS","SUMG"
"MG","SALTO DA DIVISA","MINAS GERAIS","SUMG"
"MG","SANTA BARBARA","MINAS GERAIS","SUMG"
"MG","SANTA BARBARA DO LESTE","MINAS GERAIS","SUMG"
"MG","SANTA BARBARA DO MONTE VERDE","MINAS GERAIS","SUMG"
"MG","SANTA BARBARA DO TUGURIO","MINAS GERAIS","SUMG"
"MG","SANTA CRUZ DE MINAS","MINAS GERAIS","SUMG"
"MG","SANTA CRUZ DE SALINAS","MINAS GERAIS","SUMG"
"MG","SANTA CRUZ DO ESCALVADO","MINAS GERAIS","SUMG"
"MG","SANTA EFIGENIA DE MINAS","MINAS GERAIS","SUMG"
"MG","SANTA FE DE MINAS","MINAS GERAIS","SUMG"
"MG","SANTA HELENA DE MINAS","MINAS GERAIS","SUMG"
"MG","SANTA JULIANA","MINAS GERAIS","SUMG"
"MG","SANTA LUZIA","MINAS GERAIS","SUMG"
"MG","SANTA MARGARIDA","MINAS GERAIS","SUMG"
"MG","SANTA MARIA DE ITABIRA","MINAS GERAIS","SUMG"
"MG","SANTA MARIA DO SALTO","MINAS GERAIS","SUMG"
"MG","SANTA MARIA DO SUACUI","MINAS GERAIS","SUMG"
"MG","SANTA RITA DE CALDAS","MINAS GERAIS","SUMG"
"MG","SANTA RITA DE IBITIPOCA","MINAS GERAIS","SUMG"
"MG","SANTA RITA DE JACUTINGA","MINAS GERAIS","SUMG"
"MG","SANTA RITA DE MINAS","MINAS GERAIS","SUMG"
"MG","SANTA RITA DO ITUETO","MINAS GERAIS","SUMG"
"MG","SANTA RITA DO SAPUCAI","MINAS GERAIS","SUMG"
"MG","SANTA ROSA DA SERRA","MINAS GERAIS","SUMG"
"MG","SANTA VITORIA","MINAS GERAIS","SUMG"
"MG","SANTANA DA VARGEM","MINAS GERAIS","SUMG"
"MG","SANTANA DE CATAGUASES","MINAS GERAIS","SUMG"
"MG","SANTANA DE PIRAPAMA","MINAS GERAIS","SUMG"
"MG","SANTANA DO DESERTO","MINAS GERAIS","SUMG"
"MG","SANTANA DO GARAMBEU","MINAS GERAIS","SUMG"
"MG","SANTANA DO MANHUACU","MINAS GERAIS","SUMG"
"MG","SANTANA DO PARAISO","MINAS GERAIS","SUMG"
"MG","SANTANA DO RIACHO","MINAS GERAIS","SUMG"
"MG","SANTANA DOS MONTES","MINAS GERAIS","SUMG"
"MG","SANTO ANTONIO DO AMPARO","MINAS GERAIS","SUMG"
"MG","SANTO ANTONIO DO AVENTUREIRO","MINAS GERAIS","SUMG"
"MG","SANTO ANTONIO DO GRAMA","MINAS GERAIS","SUMG"
"MG","SANTO ANTONIO DO ITAMBE","MINAS GERAIS","SUMG"
"MG","SANTO ANTONIO DO JACINTO","MINAS GERAIS","SUMG"
"MG","SANTO ANTONIO DO RETIRO","MINAS GERAIS","SUMG"
"MG","SANTO ANTONIO DO RIO ABAIXO","MINAS GERAIS","SUMG"
"MG","SANTO HIPOLITO","MINAS GERAIS","SUMG"
"MG","SANTOS DUMONT","MINAS GERAIS","SUMG"
"MG","SAO BENTO ABADE","MINAS GERAIS","SUMG"
"MG","SAO BRAS DO SUACUI","MINAS GERAIS","SUMG"
"MG","SAO DOMINGOS DAS DORES","MINAS GERAIS","SUMG"
"MG","SAO DOMINGOS DO PRATA","MINAS GERAIS","SUMG"
"MG","SAO FELIX DE MINAS","MINAS GERAIS","SUMG"
"MG","SAO FRANCISCO","MINAS GERAIS","SUMG"
"MG","SAO FRANCISCO DE SALES","MINAS GERAIS","SUMG"
"MG","SAO FRANCISCO DO GLORIA","MINAS GERAIS","SUMG"
"MG","SAO GERALDO","MINAS GERAIS","SUMG"
"MG","SAO GERALDO DA PIEDADE","MINAS GERAIS","SUMG"
"MG","SAO GERALDO DO BAIXIO","MINAS GERAIS","SUMG"
"MG","SAO GONCALO DO ABAETE","MINAS GERAIS","SUMG"
"MG","SAO GONCALO DO RIO ABAIXO","MINAS GERAIS","SUMG"
"MG","SAO GONCALO DO RIO PRETO","MINAS GERAIS","SUMG"
"MG","SAO GONCALO DO SAPUCAI","MINAS GERAIS","SUMG"
"MG","SAO GOTARDO","MINAS GERAIS","SUMG"
"MG","SAO JOAO BATISTA DO GLORIA","MINAS GERAIS","SUMG"
"MG","SAO JOAO DA LAGOA","MINAS GERAIS","SUMG"
"MG","SAO JOAO DA MATA","MINAS GERAIS","SUMG"
"MG","SAO JOAO DA PONTE","MINAS GERAIS","SUMG"
"MG","SAO JOAO DAS MISSOES","MINAS GERAIS","SUMG"
"MG","SAO JOAO DEL REI","MINAS GERAIS","SUMG"
"MG","SAO JOAO DO MANHUACU","MINAS GERAIS","SUMG"
"MG","SAO JOAO DO MANTENINHA","MINAS GERAIS","SUMG"
"MG","SAO JOAO DO ORIENTE","MINAS GERAIS","SUMG"
"MG","SAO JOAO DO PACUI","MINAS GERAIS","SUMG"
"MG","SAO JOAO DO PARAISO","MINAS GERAIS","SUMG"
"MG","SAO JOAO EVANGELISTA","MINAS GERAIS","SUMG"
"MG","SAO JOAO NEPOMUCENO","MINAS GERAIS","SUMG"
"MG","SAO JOAQUIM DE BICAS","MINAS GERAIS","SUMG"
"MG","SAO JOSE DA BARRA","MINAS GERAIS","SUMG"
"MG","SAO JOSE DA LAPA","MINAS GERAIS","SUMG"
"MG","SAO JOSE DA SAFIRA","MINAS GERAIS","SUMG"
"MG","SAO JOSE DA VARGINHA","MINAS GERAIS","SUMG"
"MG","SAO JOSE DO ALEGRE","MINAS GERAIS","SUMG"
"MG","SAO JOSE DO DIVINO","MINAS GERAIS","SUMG"
"MG","SAO JOSE DO GOIABAL","MINAS GERAIS","SUMG"
"MG","SAO JOSE DO JACURI","MINAS GERAIS","SUMG"
"MG","SAO JOSE DO MANTIMENTO","MINAS GERAIS","SUMG"
"MG","SAO LOURENCO","MINAS GERAIS","SUMG"
"MG","SAO MIGUEL DO ANTA","MINAS GERAIS","SUMG"
"MG","SAO PEDRO DA UNIAO","MINAS GERAIS","SUMG"
"MG","SAO PEDRO DO SUACUI","MINAS GERAIS","SUMG"
"MG","SAO PEDRO DOS FERROS","MINAS GERAIS","SUMG"
"MG","SAO ROMAO","MINAS GERAIS","SUMG"
"MG","SAO SEBASTIAO DA BELA VISTA","MINAS GERAIS","SUMG"
"MG","SAO SEBASTIAO DA VARGEM ALEGRE","MINAS GERAIS","SUMG"
"MG","SAO SEBASTIAO DO ANTA","MINAS GERAIS","SUMG"
"MG","SAO SEBASTIAO DO MARANHAO","MINAS GERAIS","SUMG"
"MG","SAO SEBASTIAO DO PARAISO","MINAS GERAIS","SUMG"
"MG","SAO SEBASTIAO DO RIO PRETO","MINAS GERAIS","SUMG"
"MG","SAO SEBASTIAO DO RIO VERDE","MINAS GERAIS","SUMG"
"MG","SAO THOME DAS LETRAS","MINAS GERAIS","SUMG"
"MG","SAO TIAGO","MINAS GERAIS","SUMG"
"MG","SAO TOMAS DE AQUINO","MINAS GERAIS","SUMG"
"MG","SAO VICENTE DE MINAS","MINAS GERAIS","SUMG"
"MG","SAPUCAI-MIRIM","MINAS GERAIS","SUMG"
"MG","SARDOA","MINAS GERAIS","SUMG"
"MG","SARZEDO","MINAS GERAIS","SUMG"
"MG","SEM-PEIXE","MINAS GERAIS","SUMG"
"MG","SENADOR AMARAL","MINAS GERAIS","SUMG"
"MG","SENADOR CORTES","MINAS GERAIS","SUMG"
"MG","SENADOR FIRMINO","MINAS GERAIS","SUMG"
"MG","SENADOR JOSE BENTO","MINAS GERAIS","SUMG"
"MG","SENADOR MODESTINO GONCALVES","MINAS GERAIS","SUMG"
"MG","SENHORA DE OLIVEIRA","MINAS GERAIS","SUMG"
"MG","SENHORA DO PORTO","MINAS GERAIS","SUMG"
"MG","SENHORA DOS REMEDIOS","MINAS GERAIS","SUMG"
"MG","SERICITA","MINAS GERAIS","SUMG"
"MG","SERITINGA","MINAS GERAIS","SUMG"
"MG","SERRA AZUL DE MINAS","MINAS GERAIS","SUMG"
"MG","SERRA DA SAUDADE","MINAS GERAIS","SUMG"
"MG","SERRA DO SALITRE","MINAS GERAIS","SUMG"
"MG","SERRA DOS AIMORES","MINAS GERAIS","SUMG"
"MG","SERRANIA","MINAS GERAIS","SUMG"
"MG","SERRANOPOLIS DE MINAS","MINAS GERAIS","SUMG"
"MG","SERRANOS","MINAS GERAIS","SUMG"
"MG","SERRO","MINAS GERAIS","SUMG"
"MG","SETE LAGOAS","MINAS GERAIS","SUMG"
"MG","SETUBINHA","MINAS GERAIS","SUMG"
"MG","SILVEIRANIA","MINAS GERAIS","SUMG"
"MG","SILVIANOPOLIS","MINAS GERAIS","SUMG"
"MG","SIMAO PEREIRA","MINAS GERAIS","SUMG"
"MG","SIMONESIA","MINAS GERAIS","SUMG"
"MG","SOBRALIA","MINAS GERAIS","SUMG"
"MG","SOLEDADE DE MINAS","MINAS GERAIS","SUMG"
"MG","TABULEIRO","MINAS GERAIS","SUMG"
"MG","TAIOBEIRAS","MINAS GERAIS","SUMG"
"MG","TAPARUBA","MINAS GERAIS","SUMG"
"MG","TAPIRA","MINAS GERAIS","SUMG"
"MG","TAQUARACU DE MINAS","MINAS GERAIS","SUMG"
"MG","TARUMIRIM","MINAS GERAIS","SUMG"
"MG","TEIXEIRAS","MINAS GERAIS","SUMG"
"MG","TEOFILO OTONI","MINAS GERAIS","SUMG"
"MG","TIMOTEO","MINAS GERAIS","SUMG"
"MG","TIRADENTES","MINAS GERAIS","SUMG"
"MG","TIROS","MINAS GERAIS","SUMG"
"MG","TOCANTINS","MINAS GERAIS","SUMG"
"MG","TOCOS DO MOJI","MINAS GERAIS","SUMG"
"MG","TOLEDO","MINAS GERAIS","SUMG"
"MG","TOMBOS","MINAS GERAIS","SUMG"
"MG","TRES CORACOES","MINAS GERAIS","SUMG"
"MG","TRES MARIAS","MINAS GERAIS","SUMG"
"MG","TRES PONTAS","MINAS GERAIS","SUMG"
"MG","TUMIRITINGA","MINAS GERAIS","SUMG"
"MG","TUPACIGUARA","MINAS GERAIS","SUMG"
"MG","TURMALINA","MINAS GERAIS","SUMG"
"MG","TURVOLANDIA","MINAS GERAIS","SUMG"
"MG","UBA","MINAS GERAIS","SUMG"
"MG","UBAI","MINAS GERAIS","SUMG"
"MG","UBAPORANGA","MINAS GERAIS","SUMG"
"MG","UBERABA","MINAS GERAIS","SUMG"
"MG","UBERLANDIA","MINAS GERAIS","SUMG"
"MG","UMBURATIBA","MINAS GERAIS","SUMG"
"MG","UNAI","MINAS GERAIS","SUMG"
"MG","UNIAO DE MINAS","MINAS GERAIS","SUMG"
"MG","URUANA DE MINAS","MINAS GERAIS","SUMG"
"MG","URUCANIA","MINAS GERAIS","SUMG"
"MG","URUCUIA","MINAS GERAIS","SUMG"
"MG","VARGEM ALEGRE","MINAS GERAIS","SUMG"
"MG","VARGEM GRANDE DO RIO PARDO","MINAS GERAIS","SUMG"
"MG","VARGINHA","MINAS GERAIS","SUMG"
"MG","VARJAO DE MINAS","MINAS GERAIS","SUMG"
"MG","VARZEA DA PALMA","MINAS GERAIS","SUMG"
"MG","VARZELANDIA","MINAS GERAIS","SUMG"
"MG","VAZANTE","MINAS GERAIS","SUMG"
"MG","VERDELANDIA","MINAS GERAIS","SUMG"
"MG","VEREDINHA","MINAS GERAIS","SUMG"
"MG","VERISSIMO","MINAS GERAIS","SUMG"
"MG","VERMELHO NOVO","MINAS GERAIS","SUMG"
"MG","VESPASIANO","MINAS GERAIS","SUMG"
"MG","VICOSA","MINAS GERAIS","SUMG"
"MG","VIEIRAS","MINAS GERAIS","SUMG"
"MG","VIRGEM DA LAPA","MINAS GERAIS","SUMG"
"MG","VIRGINIA","MINAS GERAIS","SUMG"
"MG","VIRGINOPOLIS","MINAS GERAIS","SUMG"
"MG","VIRGOLANDIA","MINAS GERAIS","SUMG"
"MG","VISCONDE DO RIO BRANCO","MINAS GERAIS","SUMG"
"MG","VOLTA GRANDE","MINAS GERAIS","SUMG"
"MG","WENCESLAU BRAZ","MINAS GERAIS","SUMG"
"MS","AGUA CLARA","PARANÁ","SUPR"
"MS","ALCINOPOLIS","PARANÁ","SUPR"
"MS","AMAMBAI","PARANÁ","SUPR"
"MS","ANASTACIO","PARANÁ","SUPR"
"MS","ANAURILANDIA","PARANÁ","SUPR"
"MS","ANGELICA","PARANÁ","SUPR"
"MS","ANTONIO JOAO","PARANÁ","SUPR"
"MS","APARECIDA DO TABOADO","PARANÁ","SUPR"
"MS","AQUIDAUANA","PARANÁ","SUPR"
"MS","ARAL MOREIRA","PARANÁ","SUPR"
"MS","BANDEIRANTES","PARANÁ","SUPR"
"MS","BATAGUASSU","PARANÁ","SUPR"
"MS","BATAYPORA","PARANÁ","SUPR"
"MS","BELA VISTA","PARANÁ","SUPR"
"MS","BODOQUENA","PARANÁ","SUPR"
"MS","BONITO","PARANÁ","SUPR"
"MS","BRASILANDIA","PARANÁ","SUPR"
"MS","CAARAPO","PARANÁ","SUPR"
"MS","CAMAPUA","PARANÁ","SUPR"
"MS","CAMPO GRANDE","PARANÁ","SUPR"
"MS","CARACOL","PARANÁ","SUPR"
"MS","CASSILANDIA","PARANÁ","SUPR"
"MS","CHAPADAO DO SUL","PARANÁ","SUPR"
"MS","CORGUINHO","PARANÁ","SUPR"
"MS","CORONEL SAPUCAIA","PARANÁ","SUPR"
"MS","CORUMBA","PARANÁ","SUPR"
"MS","COSTA RICA","PARANÁ","SUPR"
"MS","COXIM","PARANÁ","SUPR"
"MS","DEODAPOLIS","PARANÁ","SUPR"
"MS","DOIS IRMAOS DO BURITI","PARANÁ","SUPR"
"MS","DOURADINA","PARANÁ","SUPR"
"MS","DOURADOS","PARANÁ","SUPR"
"MS","ELDORADO","PARANÁ","SUPR"
"MS","FATIMA DO SUL","PARANÁ","SUPR"
"MS","FIGUEIRAO","PARANÁ","SUPR"
"MS","GLORIA DE DOURADOS","PARANÁ","SUPR"
"MS","GUIA LOPES DA LAGUNA","PARANÁ","SUPR"
"MS","IGUATEMI","PARANÁ","SUPR"
"MS","INOCENCIA","PARANÁ","SUPR"
"MS","ITAPORA","PARANÁ","SUPR"
"MS","ITAQUIRAI","PARANÁ","SUPR"
"MS","IVINHEMA","PARANÁ","SUPR"
"MS","JAPORA","PARANÁ","SUPR"
"MS","JARAGUARI","PARANÁ","SUPR"
"MS","JARDIM","PARANÁ","SUPR"
"MS","JATEI","PARANÁ","SUPR"
"MS","JUTI","PARANÁ","SUPR"
"MS","LADARIO","PARANÁ","SUPR"
"MS","LAGUNA CARAPA","PARANÁ","SUPR"
"MS","MARACAJU","PARANÁ","SUPR"
"MS","MIRANDA","PARANÁ","SUPR"
"MS","MUNDO NOVO","PARANÁ","SUPR"
"MS","NAVIRAI","PARANÁ","SUPR"
"MS","NIOAQUE","PARANÁ","SUPR"
"MS","NOVA ALVORADA DO SUL","PARANÁ","SUPR"
"MS","NOVA ANDRADINA","PARANÁ","SUPR"
"MS","NOVO HORIZONTE DO SUL","PARANÁ","SUPR"
"MS","PARAISO DAS AGUAS","PARANÁ","SUPR"
"MS","PARANAIBA","PARANÁ","SUPR"
"MS","PARANHOS","PARANÁ","SUPR"
"MS","PEDRO GOMES","PARANÁ","SUPR"
"MS","PONTA PORA","PARANÁ","SUPR"
"MS","PORTO MURTINHO","PARANÁ","SUPR"
"MS","RIBAS DO RIO PARDO","PARANÁ","SUPR"
"MS","RIO BRILHANTE","PARANÁ","SUPR"
"MS","RIO NEGRO","PARANÁ","SUPR"
"MS","RIO VERDE DE MATO GROSSO","PARANÁ","SUPR"
"MS","ROCHEDO","PARANÁ","SUPR"
"MS","SANTA RITA DO PARDO","PARANÁ","SUPR"
"MS","SAO GABRIEL DO OESTE","PARANÁ","SUPR"
"MS","SELVIRIA","PARANÁ","SUPR"
"MS","SETE QUEDAS","PARANÁ","SUPR"
"MS","SIDROLANDIA","PARANÁ","SUPR"
"MS","SONORA","PARANÁ","SUPR"
"MS","TACURU","PARANÁ","SUPR"
"MS","TAQUARUSSU","PARANÁ","SUPR"
"MS","TERENOS","PARANÁ","SUPR"
"MS","TRES LAGOAS","PARANÁ","SUPR"
"MS","VICENTINA","PARANÁ","SUPR"
"MT","ACORIZAL","DISTRITO FEDERAL","SUDF"
"MT","AGUA BOA","DISTRITO FEDERAL","SUDF"
"MT","ALTA FLORESTA","DISTRITO FEDERAL","SUDF"
"MT","ALTO ARAGUAIA","DISTRITO FEDERAL","SUDF"
"MT","ALTO BOA VISTA","DISTRITO FEDERAL","SUDF"
"MT","ALTO GARCAS","DISTRITO FEDERAL","SUDF"
"MT","ALTO PARAGUAI","DISTRITO FEDERAL","SUDF"
"MT","ALTO TAQUARI","DISTRITO FEDERAL","SUDF"
"MT","APIACAS","DISTRITO FEDERAL","SUDF"
"MT","ARAGUAIANA","DISTRITO FEDERAL","SUDF"
"MT","ARAGUAINHA","DISTRITO FEDERAL","SUDF"
"MT","ARAPUTANGA","DISTRITO FEDERAL","SUDF"
"MT","ARENAPOLIS","DISTRITO FEDERAL","SUDF"
"MT","ARIPUANA","DISTRITO FEDERAL","SUDF"
"MT","BARAO DE MELGACO","DISTRITO FEDERAL","SUDF"
"MT","BARRA DO BUGRES","DISTRITO FEDERAL","SUDF"
"MT","BARRA DO GARCAS","DISTRITO FEDERAL","SUDF"
"MT","BOA ESPERANCA DO NORTE","DISTRITO FEDERAL","SUDF"
"MT","BOM JESUS DO ARAGUAIA","DISTRITO FEDERAL","SUDF"
"MT","BRASNORTE","DISTRITO FEDERAL","SUDF"
"MT","CACERES","DISTRITO FEDERAL","SUDF"
"MT","CAMPINAPOLIS","DISTRITO FEDERAL","SUDF"
"MT","CAMPO NOVO DO PARECIS","DISTRITO FEDERAL","SUDF"
"MT","CAMPO VERDE","DISTRITO FEDERAL","SUDF"
"MT","CAMPOS DE JULIO","DISTRITO FEDERAL","SUDF"
"MT","CANABRAVA DO NORTE","DISTRITO FEDERAL","SUDF"
"MT","CANARANA","DISTRITO FEDERAL","SUDF"
"MT","CARLINDA","DISTRITO FEDERAL","SUDF"
"MT","CASTANHEIRA","DISTRITO FEDERAL","SUDF"
"MT","CHAPADA DOS GUIMARAES","DISTRITO FEDERAL","SUDF"
"MT","CLAUDIA","DISTRITO FEDERAL","SUDF"
"MT","COCALINHO","DISTRITO FEDERAL","SUDF"
"MT","COLIDER","DISTRITO FEDERAL","SUDF"
"MT","COLNIZA","DISTRITO FEDERAL","SUDF"
"MT","COMODORO","DISTRITO FEDERAL","SUDF"
"MT","CONFRESA","DISTRITO FEDERAL","SUDF"
"MT","CONQUISTA D'OESTE","DISTRITO FEDERAL","SUDF"
"MT","COTRIGUACU","DISTRITO FEDERAL","SUDF"
"MT","CUIABA","DISTRITO FEDERAL","SUDF"
"MT","CURVELANDIA","DISTRITO FEDERAL","SUDF"
"MT","DENISE","DISTRITO FEDERAL","SUDF"
"MT","DIAMANTINO","DISTRITO FEDERAL","SUDF"
"MT","DOM AQUINO","DISTRITO FEDERAL","SUDF"
"MT","FELIZ NATAL","DISTRITO FEDERAL","SUDF"
"MT","FIGUEIROPOLIS D'OESTE","DISTRITO FEDERAL","SUDF"
"MT","GAUCHA DO NORTE","DISTRITO FEDERAL","SUDF"
"MT","GENERAL CARNEIRO","DISTRITO FEDERAL","SUDF"
"MT","GLORIA D'OESTE","DISTRITO FEDERAL","SUDF"
"MT","GUARANTA DO NORTE","DISTRITO FEDERAL","SUDF"
"MT","GUIRATINGA","DISTRITO FEDERAL","SUDF"
"MT","INDIAVAI","DISTRITO FEDERAL","SUDF"
"MT","IPIRANGA DO NORTE","DISTRITO FEDERAL","SUDF"
"MT","ITANHANGA","DISTRITO FEDERAL","SUDF"
"MT","ITAUBA","DISTRITO FEDERAL","SUDF"
"MT","ITIQUIRA","DISTRITO FEDERAL","SUDF"
"MT","JACIARA","DISTRITO FEDERAL","SUDF"
"MT","JANGADA","DISTRITO FEDERAL","SUDF"
"MT","JAURU","DISTRITO FEDERAL","SUDF"
"MT","JUARA","DISTRITO FEDERAL","SUDF"
"MT","JUINA","DISTRITO FEDERAL","SUDF"
"MT","JURUENA","DISTRITO FEDERAL","SUDF"
"MT","JUSCIMEIRA","DISTRITO FEDERAL","SUDF"
"MT","LAMBARI D'OESTE","DISTRITO FEDERAL","SUDF"
"MT","LUCAS DO RIO VERDE","DISTRITO FEDERAL","SUDF"
"MT","LUCIARA","DISTRITO FEDERAL","SUDF"
"MT","MARCELANDIA","DISTRITO FEDERAL","SUDF"
"MT","MATUPA","DISTRITO FEDERAL","SUDF"
"MT","MIRASSOL D'OESTE","DISTRITO FEDERAL","SUDF"
"MT","NOBRES","DISTRITO FEDERAL","SUDF"
"MT","NORTELANDIA","DISTRITO FEDERAL","SUDF"
"MT","NOSSA SENHORA DO LIVRAMENTO","DISTRITO FEDERAL","SUDF"
"MT","NOVA BANDEIRANTES","DISTRITO FEDERAL","SUDF"
"MT","NOVA BRASILANDIA","DISTRITO FEDERAL","SUDF"
"MT","NOVA CANAA DO NORTE","DISTRITO FEDERAL","SUDF"
"MT","NOVA GUARITA","DISTRITO FEDERAL","SUDF"
"MT","NOVA LACERDA","DISTRITO FEDERAL","SUDF"
"MT","NOVA MARILANDIA","DISTRITO FEDERAL","SUDF"
"MT","NOVA MARINGA","DISTRITO FEDERAL","SUDF"
"MT","NOVA MONTE VERDE","DISTRITO FEDERAL","SUDF"
"MT","NOVA MUTUM","DISTRITO FEDERAL","SUDF"
"MT","NOVA NAZARE","DISTRITO FEDERAL","SUDF"
"MT","NOVA OLIMPIA","DISTRITO FEDERAL","SUDF"
"MT","NOVA SANTA HELENA","DISTRITO FEDERAL","SUDF"
"MT","NOVA UBIRATA","DISTRITO FEDERAL","SUDF"
"MT","NOVA XAVANTINA","DISTRITO FEDERAL","SUDF"
"MT","NOVO HORIZONTE DO NORTE","DISTRITO FEDERAL","SUDF"
"MT","NOVO MUNDO","DISTRITO FEDERAL","SUDF"
"MT","NOVO SANTO ANTONIO","DISTRITO FEDERAL","SUDF"
"MT","NOVO SAO JOAQUIM","DISTRITO FEDERAL","SUDF"
"MT","PARANAITA","DISTRITO FEDERAL","SUDF"
"MT","PARANATINGA","DISTRITO FEDERAL","SUDF"
"MT","PEDRA PRETA","DISTRITO FEDERAL","SUDF"
"MT","PEIXOTO DE AZEVEDO","DISTRITO FEDERAL","SUDF"
"MT","PLANALTO DA SERRA","DISTRITO FEDERAL","SUDF"
"MT","POCONE","DISTRITO FEDERAL","SUDF"
"MT","PONTAL DO ARAGUAIA","DISTRITO FEDERAL","SUDF"
"MT","PONTE BRANCA","DISTRITO FEDERAL","SUDF"
"MT","PONTES E LACERDA","DISTRITO FEDERAL","SUDF"
"MT","PORTO ALEGRE DO NORTE","DISTRITO FEDERAL","SUDF"
"MT","PORTO DOS GAUCHOS","DISTRITO FEDERAL","SUDF"
"MT","PORTO ESPERIDIAO","DISTRITO FEDERAL","SUDF"
"MT","PORTO ESTRELA","DISTRITO FEDERAL","SUDF"
"MT","POXOREU","DISTRITO FEDERAL","SUDF"
"MT","PRIMAVERA DO LESTE","DISTRITO FEDERAL","SUDF"
"MT","QUERENCIA","DISTRITO FEDERAL","SUDF"
"MT","RESERVA DO CABACAL","DISTRITO FEDERAL","SUDF"
"MT","RIBEIRAO CASCALHEIRA","DISTRITO FEDERAL","SUDF"
"MT","RIBEIRAOZINHO","DISTRITO FEDERAL","SUDF"
"MT","RIO BRANCO","DISTRITO FEDERAL","SUDF"
"MT","RONDOLANDIA","DISTRITO FEDERAL","SUDF"
"MT","RONDONOPOLIS","DISTRITO FEDERAL","SUDF"
"MT","ROSARIO OESTE","DISTRITO FEDERAL","SUDF"
"MT","SALTO DO CEU","DISTRITO FEDERAL","SUDF"
"MT","SANTA CARMEM","DISTRITO FEDERAL","SUDF"
"MT","SANTA CRUZ DO XINGU","DISTRITO FEDERAL","SUDF"
"MT","SANTA RITA DO TRIVELATO","DISTRITO FEDERAL","SUDF"
"MT","SANTA TEREZINHA","DISTRITO FEDERAL","SUDF"
"MT","SANTO AFONSO","DISTRITO FEDERAL","SUDF"
"MT","SANTO ANTONIO DO LESTE","DISTRITO FEDERAL","SUDF"
"MT","SANTO ANTONIO DO LEVERGER","DISTRITO FEDERAL","SUDF"
"MT","SAO FELIX DO ARAGUAIA","DISTRITO FEDERAL","SUDF"
"MT","SAO JOSE DO POVO","DISTRITO FEDERAL","SUDF"
"MT","SAO JOSE DO RIO CLARO","DISTRITO FEDERAL","SUDF"
"MT","SAO JOSE DO XINGU","DISTRITO FEDERAL","SUDF"
"MT","SAO JOSE DOS QUATRO MARCOS","DISTRITO FEDERAL","SUDF"
"MT","SAO PEDRO DA CIPA","DISTRITO FEDERAL","SUDF"
"MT","SAPEZAL","DISTRITO FEDERAL","SUDF"
"MT","SERRA NOVA DOURADA","DISTRITO FEDERAL","SUDF"
"MT","SINOP","DISTRITO FEDERAL","SUDF"
"MT","SORRISO","DISTRITO FEDERAL","SUDF"
"MT","TABAPORA","DISTRITO FEDERAL","SUDF"
"MT","TANGARA DA SERRA","DISTRITO FEDERAL","SUDF"
"MT","TAPURAH","DISTRITO FEDERAL","SUDF"
"MT","TERRA NOVA DO NORTE","DISTRITO FEDERAL","SUDF"
"MT","TESOURO","DISTRITO FEDERAL","SUDF"
"MT","TORIXOREU","DISTRITO FEDERAL","SUDF"
"MT","UNIAO DO SUL","DISTRITO FEDERAL","SUDF"
"MT","VALE DE SAO DOMINGOS","DISTRITO FEDERAL","SUDF"
"MT","VARZEA GRANDE","DISTRITO FEDERAL","SUDF"
"MT","VERA","DISTRITO FEDERAL","SUDF"
"MT","VILA BELA DA SANTISSIMA TRINDADE","DISTRITO FEDERAL","SUDF"
"MT","VILA RICA","DISTRITO FEDERAL","SUDF"
"PA","ABAETETUBA","DISTRITO FEDERAL","SUDF"
"PA","ABEL FIGUEIREDO","DISTRITO FEDERAL","SUDF"
"PA","ACARA","DISTRITO FEDERAL","SUDF"
"PA","AFUA","DISTRITO FEDERAL","SUDF"
"PA","AGUA AZUL DO NORTE","DISTRITO FEDERAL","SUDF"
"PA","ALENQUER","DISTRITO FEDERAL","SUDF"
"PA","ALMEIRIM","DISTRITO FEDERAL","SUDF"
"PA","ALTAMIRA","DISTRITO FEDERAL","SUDF"
"PA","ANAJAS","DISTRITO FEDERAL","SUDF"
"PA","ANANINDEUA","DISTRITO FEDERAL","SUDF"
"PA","ANAPU","DISTRITO FEDERAL","SUDF"
"PA","AUGUSTO CORREA","DISTRITO FEDERAL","SUDF"
"PA","AURORA DO PARA","DISTRITO FEDERAL","SUDF"
"PA","AVEIRO","DISTRITO FEDERAL","SUDF"
"PA","BAGRE","DISTRITO FEDERAL","SUDF"
"PA","BAIAO","DISTRITO FEDERAL","SUDF"
"PA","BANNACH","DISTRITO FEDERAL","SUDF"
"PA","BARCARENA","DISTRITO FEDERAL","SUDF"
"PA","BELEM","DISTRITO FEDERAL","SUDF"
"PA","BELTERRA","DISTRITO FEDERAL","SUDF"
"PA","BENEVIDES","DISTRITO FEDERAL","SUDF"
"PA","BOM JESUS DO TOCANTINS","DISTRITO FEDERAL","SUDF"
"PA","BONITO","DISTRITO FEDERAL","SUDF"
"PA","BRAGANCA","DISTRITO FEDERAL","SUDF"
"PA","BRASIL NOVO","DISTRITO FEDERAL","SUDF"
"PA","BREJO GRANDE DO ARAGUAIA","DISTRITO FEDERAL","SUDF"
"PA","BREU BRANCO","DISTRITO FEDERAL","SUDF"
"PA","BREVES","DISTRITO FEDERAL","SUDF"
"PA","BUJARU","DISTRITO FEDERAL","SUDF"
"PA","CACHOEIRA DO ARARI","DISTRITO FEDERAL","SUDF"
"PA","CACHOEIRA DO PIRIA","DISTRITO FEDERAL","SUDF"
"PA","CAMETA","DISTRITO FEDERAL","SUDF"
"PA","CANAA DOS CARAJAS","DISTRITO FEDERAL","SUDF"
"PA","CAPANEMA","DISTRITO FEDERAL","SUDF"
"PA","CAPITAO POCO","DISTRITO FEDERAL","SUDF"
"PA","CASTANHAL","DISTRITO FEDERAL","SUDF"
"PA","CHAVES","DISTRITO FEDERAL","SUDF"
"PA","COLARES","DISTRITO FEDERAL","SUDF"
"PA","CONCEICAO DO ARAGUAIA","DISTRITO FEDERAL","SUDF"
"PA","CONCORDIA DO PARA","DISTRITO FEDERAL","SUDF"
"PA","CUMARU DO NORTE","DISTRITO FEDERAL","SUDF"
"PA","CURIONOPOLIS","DISTRITO FEDERAL","SUDF"
"PA","CURRALINHO","DISTRITO FEDERAL","SUDF"
"PA","CURUA","DISTRITO FEDERAL","SUDF"
"PA","CURUCA","DISTRITO FEDERAL","SUDF"
"PA","DOM ELISEU","DISTRITO FEDERAL","SUDF"
"PA","ELDORADO DO CARAJAS","DISTRITO FEDERAL","SUDF"
"PA","FARO","DISTRITO FEDERAL","SUDF"
"PA","FLORESTA DO ARAGUAIA","DISTRITO FEDERAL","SUDF"
"PA","GARRAFAO DO NORTE","DISTRITO FEDERAL","SUDF"
"PA","GOIANESIA DO PARA","DISTRITO FEDERAL","SUDF"
"PA","GURUPA","DISTRITO FEDERAL","SUDF"
"PA","IGARAPE-ACU","DISTRITO FEDERAL","SUDF"
"PA","IGARAPE-MIRI","DISTRITO FEDERAL","SUDF"
"PA","INHANGAPI","DISTRITO FEDERAL","SUDF"
"PA","IPIXUNA DO PARA","DISTRITO FEDERAL","SUDF"
"PA","IRITUIA","DISTRITO FEDERAL","SUDF"
"PA","ITAITUBA","DISTRITO FEDERAL","SUDF"
"PA","ITUPIRANGA","DISTRITO FEDERAL","SUDF"
"PA","JACAREACANGA","DISTRITO FEDERAL","SUDF"
"PA","JACUNDA","DISTRITO FEDERAL","SUDF"
"PA","JURUTI","DISTRITO FEDERAL","SUDF"
"PA","LIMOEIRO DO AJURU","DISTRITO FEDERAL","SUDF"
"PA","MAE DO RIO","DISTRITO FEDERAL","SUDF"
"PA","MAGALHAES BARATA","DISTRITO FEDERAL","SUDF"
"PA","MARABA","DISTRITO FEDERAL","SUDF"
"PA","MARACANA","DISTRITO FEDERAL","SUDF"
"PA","MARAPANIM","DISTRITO FEDERAL","SUDF"
"PA","MARITUBA","DISTRITO FEDERAL","SUDF"
"PA","MEDICILANDIA","DISTRITO FEDERAL","SUDF"
"PA","MELGACO","DISTRITO FEDERAL","SUDF"
"PA","MOCAJUBA","DISTRITO FEDERAL","SUDF"
"PA","MOJU","DISTRITO FEDERAL","SUDF"
"PA","MOJUI DOS CAMPOS","DISTRITO FEDERAL","SUDF"
"PA","MONTE ALEGRE","DISTRITO FEDERAL","SUDF"
"PA","MUANA","DISTRITO FEDERAL","SUDF"
"PA","NOVA ESPERANCA DO PIRIA","DISTRITO FEDERAL","SUDF"
"PA","NOVA IPIXUNA","DISTRITO FEDERAL","SUDF"
"PA","NOVA TIMBOTEUA","DISTRITO FEDERAL","SUDF"
"PA","NOVO PROGRESSO","DISTRITO FEDERAL","SUDF"
"PA","NOVO REPARTIMENTO","DISTRITO FEDERAL","SUDF"
"PA","OBIDOS","DISTRITO FEDERAL","SUDF"
"PA","OEIRAS DO PARA","DISTRITO FEDERAL","SUDF"
"PA","ORIXIMINA","DISTRITO FEDERAL","SUDF"
"PA","OUREM","DISTRITO FEDERAL","SUDF"
"PA","OURILANDIA DO NORTE","DISTRITO FEDERAL","SUDF"
"PA","PACAJA","DISTRITO FEDERAL","SUDF"
"PA","PALESTINA DO PARA","DISTRITO FEDERAL","SUDF"
"PA","PARAGOMINAS","DISTRITO FEDERAL","SUDF"
"PA","PARAUAPEBAS","DISTRITO FEDERAL","SUDF"
"PA","PAU D'ARCO","DISTRITO FEDERAL","SUDF"
"PA","PEIXE-BOI","DISTRITO FEDERAL","SUDF"
"PA","PICARRA","DISTRITO FEDERAL","SUDF"
"PA","PLACAS","DISTRITO FEDERAL","SUDF"
"PA","PONTA DE PEDRAS","DISTRITO FEDERAL","SUDF"
"PA","PORTEL","DISTRITO FEDERAL","SUDF"
"PA","PORTO DE MOZ","DISTRITO FEDERAL","SUDF"
"PA","PRAINHA","DISTRITO FEDERAL","SUDF"
"PA","PRIMAVERA","DISTRITO FEDERAL","SUDF"
"PA","QUATIPURU","DISTRITO FEDERAL","SUDF"
"PA","REDENCAO","DISTRITO FEDERAL","SUDF"
"PA","RIO MARIA","DISTRITO FEDERAL","SUDF"
"PA","RONDON DO PARA","DISTRITO FEDERAL","SUDF"
"PA","RUROPOLIS","DISTRITO FEDERAL","SUDF"
"PA","SALINOPOLIS","DISTRITO FEDERAL","SUDF"
"PA","SALVATERRA","DISTRITO FEDERAL","SUDF"
"PA","SANTA BARBARA DO PARA","DISTRITO FEDERAL","SUDF"
"PA","SANTA CRUZ DO ARARI","DISTRITO FEDERAL","SUDF"
"PA","SANTA IZABEL DO PARA","DISTRITO FEDERAL","SUDF"
"PA","SANTA LUZIA DO PARA","DISTRITO FEDERAL","SUDF"
"PA","SANTA MARIA DAS BARREIRAS","DISTRITO FEDERAL","SUDF"
"PA","SANTA MARIA DO PARA","DISTRITO FEDERAL","SUDF"
"PA","SANTANA DO ARAGUAIA","DISTRITO FEDERAL","SUDF"
"PA","SANTAREM","DISTRITO FEDERAL","SUDF"
"PA","SANTAREM NOVO","DISTRITO FEDERAL","SUDF"
"PA","SANTO ANTONIO DO TAUA","DISTRITO FEDERAL","SUDF"
"PA","SAO CAETANO DE ODIVELAS","DISTRITO FEDERAL","SUDF"
"PA","SAO DOMINGOS DO ARAGUAIA","DISTRITO FEDERAL","SUDF"
"PA","SAO DOMINGOS DO CAPIM","DISTRITO FEDERAL","SUDF"
"PA","SAO FELIX DO XINGU","DISTRITO FEDERAL","SUDF"
"PA","SAO FRANCISCO DO PARA","DISTRITO FEDERAL","SUDF"
"PA","SAO GERALDO DO ARAGUAIA","DISTRITO FEDERAL","SUDF"
"PA","SAO JOAO DA PONTA","DISTRITO FEDERAL","SUDF"
"PA","SAO JOAO DE PIRABAS","DISTRITO FEDERAL","SUDF"
"PA","SAO JOAO DO ARAGUAIA","DISTRITO FEDERAL","SUDF"
"PA","SAO MIGUEL DO GUAMA","DISTRITO FEDERAL","SUDF"
"PA","SAO SEBASTIAO DA BOA VISTA","DISTRITO FEDERAL","SUDF"
"PA","SAPUCAIA","DISTRITO FEDERAL","SUDF"
"PA","SENADOR JOSE PORFIRIO","DISTRITO FEDERAL","SUDF"
"PA","SOURE","DISTRITO FEDERAL","SUDF"
"PA","TAILANDIA","DISTRITO FEDERAL","SUDF"
"PA","TERRA ALTA","DISTRITO FEDERAL","SUDF"
"PA","TERRA SANTA","DISTRITO FEDERAL","SUDF"
"PA","TOME-ACU","DISTRITO FEDERAL","SUDF"
"PA","TRACUATEUA","DISTRITO FEDERAL","SUDF"
"PA","TRAIRAO","DISTRITO FEDERAL","SUDF"
"PA","TUCUMA","DISTRITO FEDERAL","SUDF"
"PA","TUCURUI","DISTRITO FEDERAL","SUDF"
"PA","ULIANOPOLIS","DISTRITO FEDERAL","SUDF"
"PA","URUARA","DISTRITO FEDERAL","SUDF"
"PA","VIGIA","DISTRITO FEDERAL","SUDF"
"PA","VISEU","DISTRITO FEDERAL","SUDF"
"PA","VITORIA DO XINGU","DISTRITO FEDERAL","SUDF"
"PA","XINGUARA","DISTRITO FEDERAL","SUDF"
"PB","AGUA BRANCA","PERNAMBUCO","SUPE"
"PB","AGUIAR","PERNAMBUCO","SUPE"
"PB","ALAGOA GRANDE","PERNAMBUCO","SUPE"
"PB","ALAGOA NOVA","PERNAMBUCO","SUPE"
"PB","ALAGOINHA","PERNAMBUCO","SUPE"
"PB","ALCANTIL","PERNAMBUCO","SUPE"
"PB","ALGODAO DE JANDAIRA","PERNAMBUCO","SUPE"
"PB","ALHANDRA","PERNAMBUCO","SUPE"
"PB","AMPARO","PERNAMBUCO","SUPE"
"PB","APARECIDA","PERNAMBUCO","SUPE"
"PB","ARACAGI","PERNAMBUCO","SUPE"
"PB","ARARA","PERNAMBUCO","SUPE"
"PB","ARARUNA","PERNAMBUCO","SUPE"
"PB","AREIA","PERNAMBUCO","SUPE"
"PB","AREIA DE BARAUNAS","PERNAMBUCO","SUPE"
"PB","AREIAL","PERNAMBUCO","SUPE"
"PB","AROEIRAS","PERNAMBUCO","SUPE"
"PB","ASSUNCAO","PERNAMBUCO","SUPE"
"PB","BAIA DA TRAICAO","PERNAMBUCO","SUPE"
"PB","BANANEIRAS","PERNAMBUCO","SUPE"
"PB","BARAUNA","PERNAMBUCO","SUPE"
"PB","BARRA DE SANTA ROSA","PERNAMBUCO","SUPE"
"PB","BARRA DE SANTANA","PERNAMBUCO","SUPE"
"PB","BARRA DE SAO MIGUEL","PERNAMBUCO","SUPE"
"PB","BAYEUX","PERNAMBUCO","SUPE"
"PB","BELEM","PERNAMBUCO","SUPE"
"PB","BELEM DO BREJO DO CRUZ","PERNAMBUCO","SUPE"
"PB","BERNARDINO BATISTA","PERNAMBUCO","SUPE"
"PB","BOA VENTURA","PERNAMBUCO","SUPE"
"PB","BOA VISTA","PERNAMBUCO","SUPE"
"PB","BOM JESUS","PERNAMBUCO","SUPE"
"PB","BOM SUCESSO","PERNAMBUCO","SUPE"
"PB","BONITO DE SANTA FE","PERNAMBUCO","SUPE"
"PB","BOQUEIRAO","PERNAMBUCO","SUPE"
"PB","BORBOREMA","PERNAMBUCO","SUPE"
"PB","BREJO DO CRUZ","PERNAMBUCO","SUPE"
"PB","BREJO DOS SANTOS","PERNAMBUCO","SUPE"
"PB","CAAPORA","PERNAMBUCO","SUPE"
"PB","CABACEIRAS","PERNAMBUCO","SUPE"
"PB","CABEDELO","PERNAMBUCO","SUPE"
"PB","CACHOEIRA DOS INDIOS","PERNAMBUCO","SUPE"
"PB","CACIMBA DE AREIA","PERNAMBUCO","SUPE"
"PB","CACIMBA DE DENTRO","PERNAMBUCO","SUPE"
"PB","CACIMBAS","PERNAMBUCO","SUPE"
"PB","CAICARA","PERNAMBUCO","SUPE"
"PB","CAJAZEIRAS","PERNAMBUCO","SUPE"
"PB","CAJAZEIRINHAS","PERNAMBUCO","SUPE"
"PB","CALDAS BRANDAO","PERNAMBUCO","SUPE"
"PB","CAMALAU","PERNAMBUCO","SUPE"
"PB","CAMPINA GRANDE","PERNAMBUCO","SUPE"
"PB","CAPIM","PERNAMBUCO","SUPE"
"PB","CARAUBAS","PERNAMBUCO","SUPE"
"PB","CARRAPATEIRA","PERNAMBUCO","SUPE"
"PB","CASSERENGUE","PERNAMBUCO","SUPE"
"PB","CATINGUEIRA","PERNAMBUCO","SUPE"
"PB","CATOLE DO ROCHA","PERNAMBUCO","SUPE"
"PB","CATURITE","PERNAMBUCO","SUPE"
"PB","CONCEICAO","PERNAMBUCO","SUPE"
"PB","CONDADO","PERNAMBUCO","SUPE"
"PB","CONDE","PERNAMBUCO","SUPE"
"PB","CONGO","PERNAMBUCO","SUPE"
"PB","COREMAS","PERNAMBUCO","SUPE"
"PB","COXIXOLA","PERNAMBUCO","SUPE"
"PB","CRUZ DO ESPIRITO SANTO","PERNAMBUCO","SUPE"
"PB","CUBATI","PERNAMBUCO","SUPE"
"PB","CUITE","PERNAMBUCO","SUPE"
"PB","CUITE DE MAMANGUAPE","PERNAMBUCO","SUPE"
"PB","CUITEGI","PERNAMBUCO","SUPE"
"PB","CURRAL DE CIMA","PERNAMBUCO","SUPE"
"PB","CURRAL VELHO","PERNAMBUCO","SUPE"
"PB","DAMIAO","PERNAMBUCO","SUPE"
"PB","DESTERRO","PERNAMBUCO","SUPE"
"PB","DIAMANTE","PERNAMBUCO","SUPE"
"PB","DONA INES","PERNAMBUCO","SUPE"
"PB","DUAS ESTRADAS","PERNAMBUCO","SUPE"
"PB","EMAS","PERNAMBUCO","SUPE"
"PB","ESPERANCA","PERNAMBUCO","SUPE"
"PB","FAGUNDES","PERNAMBUCO","SUPE"
"PB","FREI MARTINHO","PERNAMBUCO","SUPE"
"PB","GADO BRAVO","PERNAMBUCO","SUPE"
"PB","GUARABIRA","PERNAMBUCO","SUPE"
"PB","GURINHEM","PERNAMBUCO","SUPE"
"PB","GURJAO","PERNAMBUCO","SUPE"
"PB","IBIARA","PERNAMBUCO","SUPE"
"PB","IGARACY","PERNAMBUCO","SUPE"
"PB","IMACULADA","PERNAMBUCO","SUPE"
"PB","INGA","PERNAMBUCO","SUPE"
"PB","ITABAIANA","PERNAMBUCO","SUPE"
"PB","ITAPORANGA","PERNAMBUCO","SUPE"
"PB","ITAPOROROCA","PERNAMBUCO","SUPE"
"PB","ITATUBA","PERNAMBUCO","SUPE"
"PB","JACARAU","PERNAMBUCO","SUPE"
"PB","JERICO","PERNAMBUCO","SUPE"
"PB","JOAO PESSOA","PERNAMBUCO","SUPE"
"PB","JOCA CLAUDINO","PERNAMBUCO","SUPE"
"PB","JUAREZ TAVORA","PERNAMBUCO","SUPE"
"PB","JUAZEIRINHO","PERNAMBUCO","SUPE"
"PB","JUNCO DO SERIDO","PERNAMBUCO","SUPE"
"PB","JURIPIRANGA","PERNAMBUCO","SUPE"
"PB","JURU","PERNAMBUCO","SUPE"
"PB","LAGOA","PERNAMBUCO","SUPE"
"PB","LAGOA DE DENTRO","PERNAMBUCO","SUPE"
"PB","LAGOA SECA","PERNAMBUCO","SUPE"
"PB","LASTRO","PERNAMBUCO","SUPE"
"PB","LIVRAMENTO","PERNAMBUCO","SUPE"
"PB","LOGRADOURO","PERNAMBUCO","SUPE"
"PB","LUCENA","PERNAMBUCO","SUPE"
"PB","MAE D'AGUA","PERNAMBUCO","SUPE"
"PB","MALTA","PERNAMBUCO","SUPE"
"PB","MAMANGUAPE","PERNAMBUCO","SUPE"
"PB","MANAIRA","PERNAMBUCO","SUPE"
"PB","MARCACAO","PERNAMBUCO","SUPE"
"PB","MARI","PERNAMBUCO","SUPE"
"PB","MARIZOPOLIS","PERNAMBUCO","SUPE"
"PB","MASSARANDUBA","PERNAMBUCO","SUPE"
"PB","MATARACA","PERNAMBUCO","SUPE"
"PB","MATINHAS","PERNAMBUCO","SUPE"
"PB","MATO GROSSO","PERNAMBUCO","SUPE"
"PB","MATUREIA","PERNAMBUCO","SUPE"
"PB","MOGEIRO","PERNAMBUCO","SUPE"
"PB","MONTADAS","PERNAMBUCO","SUPE"
"PB","MONTE HOREBE","PERNAMBUCO","SUPE"
"PB","MONTEIRO","PERNAMBUCO","SUPE"
"PB","MULUNGU","PERNAMBUCO","SUPE"
"PB","NATUBA","PERNAMBUCO","SUPE"
"PB","NAZAREZINHO","PERNAMBUCO","SUPE"
"PB","NOVA FLORESTA","PERNAMBUCO","SUPE"
"PB","NOVA OLINDA","PERNAMBUCO","SUPE"
"PB","NOVA PALMEIRA","PERNAMBUCO","SUPE"
"PB","OLHO D'AGUA","PERNAMBUCO","SUPE"
"PB","OLIVEDOS","PERNAMBUCO","SUPE"
"PB","OURO VELHO","PERNAMBUCO","SUPE"
"PB","PARARI","PERNAMBUCO","SUPE"
"PB","PASSAGEM","PERNAMBUCO","SUPE"
"PB","PATOS","PERNAMBUCO","SUPE"
"PB","PAULISTA","PERNAMBUCO","SUPE"
"PB","PEDRA BRANCA","PERNAMBUCO","SUPE"
"PB","PEDRA LAVRADA","PERNAMBUCO","SUPE"
"PB","PEDRAS DE FOGO","PERNAMBUCO","SUPE"
"PB","PEDRO REGIS","PERNAMBUCO","SUPE"
"PB","PIANCO","PERNAMBUCO","SUPE"
"PB","PICUI","PERNAMBUCO","SUPE"
"PB","PILAR","PERNAMBUCO","SUPE"
"PB","PILOES","PERNAMBUCO","SUPE"
"PB","PILOEZINHOS","PERNAMBUCO","SUPE"
"PB","PIRPIRITUBA","PERNAMBUCO","SUPE"
"PB","PITIMBU","PERNAMBUCO","SUPE"
"PB","POCINHOS","PERNAMBUCO","SUPE"
"PB","POCO DANTAS","PERNAMBUCO","SUPE"
"PB","POCO DE JOSE DE MOURA","PERNAMBUCO","SUPE"
"PB","POMBAL","PERNAMBUCO","SUPE"
"PB","PRATA","PERNAMBUCO","SUPE"
"PB","PRINCESA ISABEL","PERNAMBUCO","SUPE"
"PB","PUXINANA","PERNAMBUCO","SUPE"
"PB","QUEIMADAS","PERNAMBUCO","SUPE"
"PB","QUIXABA","PERNAMBUCO","SUPE"
"PB","REMIGIO","PERNAMBUCO","SUPE"
"PB","RIACHAO","PERNAMBUCO","SUPE"
"PB","RIACHAO DO BACAMARTE","PERNAMBUCO","SUPE"
"PB","RIACHAO DO POCO","PERNAMBUCO","SUPE"
"PB","RIACHO DE SANTO ANTONIO","PERNAMBUCO","SUPE"
"PB","RIACHO DOS CAVALOS","PERNAMBUCO","SUPE"
"PB","RIO TINTO","PERNAMBUCO","SUPE"
"PB","SALGADINHO","PERNAMBUCO","SUPE"
"PB","SALGADO DE SAO FELIX","PERNAMBUCO","SUPE"
"PB","SANTA CECILIA","PERNAMBUCO","SUPE"
"PB","SANTA CRUZ","PERNAMBUCO","SUPE"
"PB","SANTA HELENA","PERNAMBUCO","SUPE"
"PB","SANTA INES","PERNAMBUCO","SUPE"
"PB","SANTA LUZIA","PERNAMBUCO","SUPE"
"PB","SANTA RITA","PERNAMBUCO","SUPE"
"PB","SANTA TERESINHA","PERNAMBUCO","SUPE"
"PB","SANTANA DE MANGUEIRA","PERNAMBUCO","SUPE"
"PB","SANTANA DOS GARROTES","PERNAMBUCO","SUPE"
"PB","SANTO ANDRE","PERNAMBUCO","SUPE"
"PB","SAO BENTINHO","PERNAMBUCO","SUPE"
"PB","SAO BENTO","PERNAMBUCO","SUPE"
"PB","SAO DOMINGOS","PERNAMBUCO","SUPE"
"PB","SAO DOMINGOS DO CARIRI","PERNAMBUCO","SUPE"
"PB","SAO FRANCISCO","PERNAMBUCO","SUPE"
"PB","SAO JOAO DO CARIRI","PERNAMBUCO","SUPE"
"PB","SAO JOAO DO RIO DO PEIXE","PERNAMBUCO","SUPE"
"PB","SAO JOAO DO TIGRE","PERNAMBUCO","SUPE"
"PB","SAO JOSE DA LAGOA TAPADA","PERNAMBUCO","SUPE"
"PB","SAO JOSE DE CAIANA","PERNAMBUCO","SUPE"
"PB","SAO JOSE DE ESPINHARAS","PERNAMBUCO","SUPE"
"PB","SAO JOSE DE PIRANHAS","PERNAMBUCO","SUPE"
"PB","SAO JOSE DE PRINCESA","PERNAMBUCO","SUPE"
"PB","SAO JOSE DO BONFIM","PERNAMBUCO","SUPE"
"PB","SAO JOSE DO BREJO DO CRUZ","PERNAMBUCO","SUPE"
"PB","SAO JOSE DO SABUGI","PERNAMBUCO","SUPE"
"PB","SAO JOSE DOS CORDEIROS","PERNAMBUCO","SUPE"
"PB","SAO JOSE DOS RAMOS","PERNAMBUCO","SUPE"
"PB","SAO MAMEDE","PERNAMBUCO","SUPE"
"PB","SAO MIGUEL DE TAIPU","PERNAMBUCO","SUPE"
"PB","SAO SEBASTIAO DE LAGOA DE ROCA","PERNAMBUCO","SUPE"
"PB","SAO SEBASTIAO DO UMBUZEIRO","PERNAMBUCO","SUPE"
"PB","SAO VICENTE DO SERIDO","PERNAMBUCO","SUPE"
"PB","SAPE","PERNAMBUCO","SUPE"
"PB","SERRA BRANCA","PERNAMBUCO","SUPE"
"PB","SERRA DA RAIZ","PERNAMBUCO","SUPE"
"PB","SERRA GRANDE","PERNAMBUCO","SUPE"
"PB","SERRA REDONDA","PERNAMBUCO","SUPE"
"PB","SERRARIA","PERNAMBUCO","SUPE"
"PB","SERTAOZINHO","PERNAMBUCO","SUPE"
"PB","SOBRADO","PERNAMBUCO","SUPE"
"PB","SOLANEA","PERNAMBUCO","SUPE"
"PB","SOLEDADE","PERNAMBUCO","SUPE"
"PB","SOSSEGO","PERNAMBUCO","SUPE"
"PB","SOUSA","PERNAMBUCO","SUPE"
"PB","SUME","PERNAMBUCO","SUPE"
"PB","TACIMA","PERNAMBUCO","SUPE"
"PB","TAPEROA","PERNAMBUCO","SUPE"
"PB","TAVARES","PERNAMBUCO","SUPE"
"PB","TEIXEIRA","PERNAMBUCO","SUPE"
"PB","TENORIO","PERNAMBUCO","SUPE"
"PB","TRIUNFO","PERNAMBUCO","SUPE"
"PB","UIRAUNA","PERNAMBUCO","SUPE"
"PB","UMBUZEIRO","PERNAMBUCO","SUPE"
"PB","VARZEA","PERNAMBUCO","SUPE"
"PB","VIEIROPOLIS","PERNAMBUCO","SUPE"
"PB","VISTA SERRANA","PERNAMBUCO","SUPE"
"PB","ZABELE","PERNAMBUCO","SUPE"
"PE","ABREU E LIMA","PERNAMBUCO","SUPE"
"PE","AFOGADOS DA INGAZEIRA","PERNAMBUCO","SUPE"
"PE","AFRANIO","PERNAMBUCO","SUPE"
"PE","AGRESTINA","PERNAMBUCO","SUPE"
"PE","AGUA PRETA","PERNAMBUCO","SUPE"
"PE","AGUAS BELAS","PERNAMBUCO","SUPE"
"PE","ALAGOINHA","PERNAMBUCO","SUPE"
"PE","ALIANCA","PERNAMBUCO","SUPE"
"PE","ALTINHO","PERNAMBUCO","SUPE"
"PE","AMARAJI","PERNAMBUCO","SUPE"
"PE","ANGELIM","PERNAMBUCO","SUPE"
"PE","ARACOIABA","PERNAMBUCO","SUPE"
"PE","ARARIPINA","PERNAMBUCO","SUPE"
"PE","ARCOVERDE","PERNAMBUCO","SUPE"
"PE","BARRA DE GUABIRABA","PERNAMBUCO","SUPE"
"PE","BARREIROS","PERNAMBUCO","SUPE"
"PE","BELEM DE MARIA","PERNAMBUCO","SUPE"
"PE","BELEM DO SAO FRANCISCO","PERNAMBUCO","SUPE"
"PE","BELO JARDIM","PERNAMBUCO","SUPE"
"PE","BETANIA","PERNAMBUCO","SUPE"
"PE","BEZERROS","PERNAMBUCO","SUPE"
"PE","BODOCO","PERNAMBUCO","SUPE"
"PE","BOM CONSELHO","PERNAMBUCO","SUPE"
"PE","BOM JARDIM","PERNAMBUCO","SUPE"
"PE","BONITO","PERNAMBUCO","SUPE"
"PE","BREJAO","PERNAMBUCO","SUPE"
"PE","BREJINHO","PERNAMBUCO","SUPE"
"PE","BREJO DA MADRE DE DEUS","PERNAMBUCO","SUPE"
"PE","BUENOS AIRES","PERNAMBUCO","SUPE"
"PE","BUIQUE","PERNAMBUCO","SUPE"
"PE","CABO DE SANTO AGOSTINHO","PERNAMBUCO","SUPE"
"PE","CABROBO","PERNAMBUCO","SUPE"
"PE","CACHOEIRINHA","PERNAMBUCO","SUPE"
"PE","CAETES","PERNAMBUCO","SUPE"
"PE","CALCADO","PERNAMBUCO","SUPE"
"PE","CALUMBI","PERNAMBUCO","SUPE"
"PE","CAMARAGIBE","PERNAMBUCO","SUPE"
"PE","CAMOCIM DE SAO FELIX","PERNAMBUCO","SUPE"
"PE","CAMUTANGA","PERNAMBUCO","SUPE"
"PE","CANHOTINHO","PERNAMBUCO","SUPE"
"PE","CAPOEIRAS","PERNAMBUCO","SUPE"
"PE","CARNAIBA","PERNAMBUCO","SUPE"
"PE","CARNAUBEIRA DA PENHA","PERNAMBUCO","SUPE"
"PE","CARPINA","PERNAMBUCO","SUPE"
"PE","CARUARU","PERNAMBUCO","SUPE"
"PE","CASINHAS","PERNAMBUCO","SUPE"
"PE","CATENDE","PERNAMBUCO","SUPE"
"PE","CEDRO","PERNAMBUCO","SUPE"
"PE","CHA DE ALEGRIA","PERNAMBUCO","SUPE"
"PE","CHA GRANDE","PERNAMBUCO","SUPE"
"PE","CONDADO","PERNAMBUCO","SUPE"
"PE","CORRENTES","PERNAMBUCO","SUPE"
"PE","CORTES","PERNAMBUCO","SUPE"
"PE","CUMARU","PERNAMBUCO","SUPE"
"PE","CUPIRA","PERNAMBUCO","SUPE"
"PE","CUSTODIA","PERNAMBUCO","SUPE"
"PE","DORMENTES","PERNAMBUCO","SUPE"
"PE","ESCADA","PERNAMBUCO","SUPE"
"PE","EXU","PERNAMBUCO","SUPE"
"PE","FEIRA NOVA","PERNAMBUCO","SUPE"
"PE","FERNANDO DE NORONHA","PERNAMBUCO","SUPE"
"PE","FERREIROS","PERNAMBUCO","SUPE"
"PE","FLORES","PERNAMBUCO","SUPE"
"PE","FLORESTA","PERNAMBUCO","SUPE"
"PE","FREI MIGUELINHO","PERNAMBUCO","SUPE"
"PE","GAMELEIRA","PERNAMBUCO","SUPE"
"PE","GARANHUNS","PERNAMBUCO","SUPE"
"PE","GLORIA DO GOITA","PERNAMBUCO","SUPE"
"PE","GOIANA","PERNAMBUCO","SUPE"
"PE","GRANITO","PERNAMBUCO","SUPE"
"PE","GRAVATA","PERNAMBUCO","SUPE"
"PE","IATI","PERNAMBUCO","SUPE"
"PE","IBIMIRIM","PERNAMBUCO","SUPE"
"PE","IBIRAJUBA","PERNAMBUCO","SUPE"
"PE","IGARASSU","PERNAMBUCO","SUPE"
"PE","IGUARACY","PERNAMBUCO","SUPE"
"PE","ILHA DE ITAMARACA","PERNAMBUCO","SUPE"
"PE","INAJA","PERNAMBUCO","SUPE"
"PE","INGAZEIRA","PERNAMBUCO","SUPE"
"PE","IPOJUCA","PERNAMBUCO","SUPE"
"PE","IPUBI","PERNAMBUCO","SUPE"
"PE","ITACURUBA","PERNAMBUCO","SUPE"
"PE","ITAIBA","PERNAMBUCO","SUPE"
"PE","ITAMBE","PERNAMBUCO","SUPE"
"PE","ITAPETIM","PERNAMBUCO","SUPE"
"PE","ITAPISSUMA","PERNAMBUCO","SUPE"
"PE","ITAQUITINGA","PERNAMBUCO","SUPE"
"PE","JABOATAO DOS GUARARAPES","PERNAMBUCO","SUPE"
"PE","JAQUEIRA","PERNAMBUCO","SUPE"
"PE","JATAUBA","PERNAMBUCO","SUPE"
"PE","JATOBA","PERNAMBUCO","SUPE"
"PE","JOAO ALFREDO","PERNAMBUCO","SUPE"
"PE","JOAQUIM NABUCO","PERNAMBUCO","SUPE"
"PE","JUCATI","PERNAMBUCO","SUPE"
"PE","JUPI","PERNAMBUCO","SUPE"
"PE","JUREMA","PERNAMBUCO","SUPE"
"PE","LAGOA DO CARRO","PERNAMBUCO","SUPE"
"PE","LAGOA DO ITAENGA","PERNAMBUCO","SUPE"
"PE","LAGOA DO OURO","PERNAMBUCO","SUPE"
"PE","LAGOA DOS GATOS","PERNAMBUCO","SUPE"
"PE","LAGOA GRANDE","PERNAMBUCO","SUPE"
"PE","LAJEDO","PERNAMBUCO","SUPE"
"PE","LIMOEIRO","PERNAMBUCO","SUPE"
"PE","MACAPARANA","PERNAMBUCO","SUPE"
"PE","MACHADOS","PERNAMBUCO","SUPE"
"PE","MANARI","PERNAMBUCO","SUPE"
"PE","MARAIAL","PERNAMBUCO","SUPE"
"PE","MIRANDIBA","PERNAMBUCO","SUPE"
"PE","MOREILANDIA","PERNAMBUCO","SUPE"
"PE","MORENO","PERNAMBUCO","SUPE"
"PE","NAZARE DA MATA","PERNAMBUCO","SUPE"
"PE","OLINDA","PERNAMBUCO","SUPE"
"PE","OROBO","PERNAMBUCO","SUPE"
"PE","OROCO","PERNAMBUCO","SUPE"
"PE","OURICURI","PERNAMBUCO","SUPE"
"PE","PALMARES","PERNAMBUCO","SUPE"
"PE","PALMEIRINA","PERNAMBUCO","SUPE"
"PE","PANELAS","PERNAMBUCO","SUPE"
"PE","PARANATAMA","PERNAMBUCO","SUPE"
"PE","PARNAMIRIM","PERNAMBUCO","SUPE"
"PE","PASSIRA","PERNAMBUCO","SUPE"
"PE","PAUDALHO","PERNAMBUCO","SUPE"
"PE","PAULISTA","PERNAMBUCO","SUPE"
"PE","PEDRA","PERNAMBUCO","SUPE"
"PE","PESQUEIRA","PERNAMBUCO","SUPE"
"PE","PETROLANDIA","PERNAMBUCO","SUPE"
"PE","PETROLINA","PERNAMBUCO","SUPE"
"PE","POCAO","PERNAMBUCO","SUPE"
"PE","POMBOS","PERNAMBUCO","SUPE"
"PE","PRIMAVERA","PERNAMBUCO","SUPE"
"PE","QUIPAPA","PERNAMBUCO","SUPE"
"PE","QUIXABA","PERNAMBUCO","SUPE"
"PE","RECIFE","PERNAMBUCO","SUPE"
"PE","RIACHO DAS ALMAS","PERNAMBUCO","SUPE"
"PE","RIBEIRAO","PERNAMBUCO","SUPE"
"PE","RIO FORMOSO","PERNAMBUCO","SUPE"
"PE","SAIRE","PERNAMBUCO","SUPE"
"PE","SALGADINHO","PERNAMBUCO","SUPE"
"PE","SALGUEIRO","PERNAMBUCO","SUPE"
"PE","SALOA","PERNAMBUCO","SUPE"
"PE","SANHARO","PERNAMBUCO","SUPE"
"PE","SANTA CRUZ","PERNAMBUCO","SUPE"
"PE","SANTA CRUZ DA BAIXA VERDE","PERNAMBUCO","SUPE"
"PE","SANTA CRUZ DO CAPIBARIBE","PERNAMBUCO","SUPE"
"PE","SANTA FILOMENA","PERNAMBUCO","SUPE"
"PE","SANTA MARIA DA BOA VISTA","PERNAMBUCO","SUPE"
"PE","SANTA MARIA DO CAMBUCA","PERNAMBUCO","SUPE"
"PE","SANTA TEREZINHA","PERNAMBUCO","SUPE"
"PE","SAO BENEDITO DO SUL","PERNAMBUCO","SUPE"
"PE","SAO BENTO DO UNA","PERNAMBUCO","SUPE"
"PE","SAO CAITANO","PERNAMBUCO","SUPE"
"PE","SAO JOAO","PERNAMBUCO","SUPE"
"PE","SAO JOAQUIM DO MONTE","PERNAMBUCO","SUPE"
"PE","SAO JOSE DA COROA GRANDE","PERNAMBUCO","SUPE"
"PE","SAO JOSE DO BELMONTE","PERNAMBUCO","SUPE"
"PE","SAO JOSE DO EGITO","PERNAMBUCO","SUPE"
"PE","SAO LOURENCO DA MATA","PERNAMBUCO","SUPE"
"PE","SAO VICENTE FERRER","PERNAMBUCO","SUPE"
"PE","SERRA TALHADA","PERNAMBUCO","SUPE"
"PE","SERRITA","PERNAMBUCO","SUPE"
"PE","SERTANIA","PERNAMBUCO","SUPE"
"PE","SIRINHAEM","PERNAMBUCO","SUPE"
"PE","SOLIDAO","PERNAMBUCO","SUPE"
"PE","SURUBIM","PERNAMBUCO","SUPE"
"PE","TABIRA","PERNAMBUCO","SUPE"
"PE","TACAIMBO","PERNAMBUCO","SUPE"
"PE","TACARATU","PERNAMBUCO","SUPE"
"PE","TAMANDARE","PERNAMBUCO","SUPE"
"PE","TAQUARITINGA DO NORTE","PERNAMBUCO","SUPE"
"PE","TEREZINHA","PERNAMBUCO","SUPE"
"PE","TERRA NOVA","PERNAMBUCO","SUPE"
"PE","TIMBAUBA","PERNAMBUCO","SUPE"
"PE","TORITAMA","PERNAMBUCO","SUPE"
"PE","TRACUNHAEM","PERNAMBUCO","SUPE"
"PE","TRINDADE","PERNAMBUCO","SUPE"
"PE","TRIUNFO","PERNAMBUCO","SUPE"
"PE","TUPANATINGA","PERNAMBUCO","SUPE"
"PE","TUPARETAMA","PERNAMBUCO","SUPE"
"PE","VENTUROSA","PERNAMBUCO","SUPE"
"PE","VERDEJANTE","PERNAMBUCO","SUPE"
"PE","VERTENTE DO LERIO","PERNAMBUCO","SUPE"
"PE","VERTENTES","PERNAMBUCO","SUPE"
"PE","VICENCIA","PERNAMBUCO","SUPE"
"PE","VITORIA DE SANTO ANTAO","PERNAMBUCO","SUPE"
"PE","XEXEU","PERNAMBUCO","SUPE"
"PI","ACAUA","PERNAMBUCO","SUPE"
"PI","AGRICOLANDIA","PERNAMBUCO","SUPE"
"PI","AGUA BRANCA","PERNAMBUCO","SUPE"
"PI","ALAGOINHA DO PIAUI","PERNAMBUCO","SUPE"
"PI","ALEGRETE DO PIAUI","PERNAMBUCO","SUPE"
"PI","ALTO LONGA","PERNAMBUCO","SUPE"
"PI","ALTOS","PERNAMBUCO","SUPE"
"PI","ALVORADA DO GURGUEIA","PERNAMBUCO","SUPE"
"PI","AMARANTE","PERNAMBUCO","SUPE"
"PI","ANGICAL DO PIAUI","PERNAMBUCO","SUPE"
"PI","ANISIO DE ABREU","PERNAMBUCO","SUPE"
"PI","ANTONIO ALMEIDA","PERNAMBUCO","SUPE"
"PI","AROAZES","PERNAMBUCO","SUPE"
"PI","AROEIRAS DO ITAIM","PERNAMBUCO","SUPE"
"PI","ARRAIAL","PERNAMBUCO","SUPE"
"PI","ASSUNCAO DO PIAUI","PERNAMBUCO","SUPE"
"PI","AVELINO LOPES","PERNAMBUCO","SUPE"
"PI","BAIXA GRANDE DO RIBEIRO","PERNAMBUCO","SUPE"
"PI","BARRA D'ALCANTARA","PERNAMBUCO","SUPE"
"PI","BARRAS","PERNAMBUCO","SUPE"
"PI","BARREIRAS DO PIAUI","PERNAMBUCO","SUPE"
"PI","BARRO DURO","PERNAMBUCO","SUPE"
"PI","BATALHA","PERNAMBUCO","SUPE"
"PI","BELA VISTA DO PIAUI","PERNAMBUCO","SUPE"
"PI","BELEM DO PIAUI","PERNAMBUCO","SUPE"
"PI","BENEDITINOS","PERNAMBUCO","SUPE"
"PI","BERTOLINIA","PERNAMBUCO","SUPE"
"PI","BETANIA DO PIAUI","PERNAMBUCO","SUPE"
"PI","BOA HORA","PERNAMBUCO","SUPE"
"PI","BOCAINA","PERNAMBUCO","SUPE"
"PI","BOM JESUS","PERNAMBUCO","SUPE"
"PI","BOM PRINCIPIO DO PIAUI","PERNAMBUCO","SUPE"
"PI","BONFIM DO PIAUI","PERNAMBUCO","SUPE"
"PI","BOQUEIRAO DO PIAUI","PERNAMBUCO","SUPE"
"PI","BRASILEIRA","PERNAMBUCO","SUPE"
"PI","BREJO DO PIAUI","PERNAMBUCO","SUPE"
"PI","BURITI DOS LOPES","PERNAMBUCO","SUPE"
"PI","BURITI DOS MONTES","PERNAMBUCO","SUPE"
"PI","CABECEIRAS DO PIAUI","PERNAMBUCO","SUPE"
"PI","CAJAZEIRAS DO PIAUI","PERNAMBUCO","SUPE"
"PI","CAJUEIRO DA PRAIA","PERNAMBUCO","SUPE"
"PI","CALDEIRAO GRANDE DO PIAUI","PERNAMBUCO","SUPE"
"PI","CAMPINAS DO PIAUI","PERNAMBUCO","SUPE"
"PI","CAMPO ALEGRE DO FIDALGO","PERNAMBUCO","SUPE"
"PI","CAMPO GRANDE DO PIAUI","PERNAMBUCO","SUPE"
"PI","CAMPO LARGO DO PIAUI","PERNAMBUCO","SUPE"
"PI","CAMPO MAIOR","PERNAMBUCO","SUPE"
"PI","CANAVIEIRA","PERNAMBUCO","SUPE"
"PI","CANTO DO BURITI","PERNAMBUCO","SUPE"
"PI","CAPITAO DE CAMPOS","PERNAMBUCO","SUPE"
"PI","CAPITAO GERVASIO OLIVEIRA","PERNAMBUCO","SUPE"
"PI","CARACOL","PERNAMBUCO","SUPE"
"PI","CARAUBAS DO PIAUI","PERNAMBUCO","SUPE"
"PI","CARIDADE DO PIAUI","PERNAMBUCO","SUPE"
"PI","CASTELO DO PIAUI","PERNAMBUCO","SUPE"
"PI","CAXINGO","PERNAMBUCO","SUPE"
"PI","COCAL","PERNAMBUCO","SUPE"
"PI","COCAL DE TELHA","PERNAMBUCO","SUPE"
"PI","COCAL DOS ALVES","PERNAMBUCO","SUPE"
"PI","COIVARAS","PERNAMBUCO","SUPE"
"PI","COLONIA DO GURGUEIA","PERNAMBUCO","SUPE"
"PI","COLONIA DO PIAUI","PERNAMBUCO","SUPE"
"PI","CONCEICAO DO CANINDE","PERNAMBUCO","SUPE"
"PI","CORONEL JOSE DIAS","PERNAMBUCO","SUPE"
"PI","CORRENTE","PERNAMBUCO","SUPE"
"PI","CRISTALANDIA DO PIAUI","PERNAMBUCO","SUPE"
"PI","CRISTINO CASTRO","PERNAMBUCO","SUPE"
"PI","CURIMATA","PERNAMBUCO","SUPE"
"PI","CURRAIS","PERNAMBUCO","SUPE"
"PI","CURRAL NOVO DO PIAUI","PERNAMBUCO","SUPE"
"PI","CURRALINHOS","PERNAMBUCO","SUPE"
"PI","DEMERVAL LOBAO","PERNAMBUCO","SUPE"
"PI","DIRCEU ARCOVERDE","PERNAMBUCO","SUPE"
"PI","DOM EXPEDITO LOPES","PERNAMBUCO","SUPE"
"PI","DOM INOCENCIO","PERNAMBUCO","SUPE"
"PI","DOMINGOS MOURAO","PERNAMBUCO","SUPE"
"PI","ELESBAO VELOSO","PERNAMBUCO","SUPE"
"PI","ELISEU MARTINS","PERNAMBUCO","SUPE"
"PI","ESPERANTINA","PERNAMBUCO","SUPE"
"PI","FARTURA DO PIAUI","PERNAMBUCO","SUPE"
"PI","FLORES DO PIAUI","PERNAMBUCO","SUPE"
"PI","FLORESTA DO PIAUI","PERNAMBUCO","SUPE"
"PI","FLORIANO","PERNAMBUCO","SUPE"
"PI","FRANCINOPOLIS","PERNAMBUCO","SUPE"
"PI","FRANCISCO AYRES","PERNAMBUCO","SUPE"
"PI","FRANCISCO MACEDO","PERNAMBUCO","SUPE"
"PI","FRANCISCO SANTOS","PERNAMBUCO","SUPE"
"PI","FRONTEIRAS","PERNAMBUCO","SUPE"
"PI","GEMINIANO","PERNAMBUCO","SUPE"
"PI","GILBUES","PERNAMBUCO","SUPE"
"PI","GUADALUPE","PERNAMBUCO","SUPE"
"PI","GUARIBAS","PERNAMBUCO","SUPE"
"PI","HUGO NAPOLEAO","PERNAMBUCO","SUPE"
"PI","ILHA GRANDE","PERNAMBUCO","SUPE"
"PI","INHUMA","PERNAMBUCO","SUPE"
"PI","IPIRANGA DO PIAUI","PERNAMBUCO","SUPE"
"PI","ISAIAS COELHO","PERNAMBUCO","SUPE"
"PI","ITAINOPOLIS","PERNAMBUCO","SUPE"
"PI","ITAUEIRA","PERNAMBUCO","SUPE"
"PI","JACOBINA DO PIAUI","PERNAMBUCO","SUPE"
"PI","JAICOS","PERNAMBUCO","SUPE"
"PI","JARDIM DO MULATO","PERNAMBUCO","SUPE"
"PI","JATOBA DO PIAUI","PERNAMBUCO","SUPE"
"PI","JERUMENHA","PERNAMBUCO","SUPE"
"PI","JOAO COSTA","PERNAMBUCO","SUPE"
"PI","JOAQUIM PIRES","PERNAMBUCO","SUPE"
"PI","JOCA MARQUES","PERNAMBUCO","SUPE"
"PI","JOSE DE FREITAS","PERNAMBUCO","SUPE"
"PI","JUAZEIRO DO PIAUI","PERNAMBUCO","SUPE"
"PI","JULIO BORGES","PERNAMBUCO","SUPE"
"PI","JUREMA","PERNAMBUCO","SUPE"
"PI","LAGOA ALEGRE","PERNAMBUCO","SUPE"
"PI","LAGOA DE SAO FRANCISCO","PERNAMBUCO","SUPE"
"PI","LAGOA DO BARRO DO PIAUI","PERNAMBUCO","SUPE"
"PI","LAGOA DO PIAUI","PERNAMBUCO","SUPE"
"PI","LAGOA DO SITIO","PERNAMBUCO","SUPE"
"PI","LAGOINHA DO PIAUI","PERNAMBUCO","SUPE"
"PI","LANDRI SALES","PERNAMBUCO","SUPE"
"PI","LUIS CORREIA","PERNAMBUCO","SUPE"
"PI","LUZILANDIA","PERNAMBUCO","SUPE"
"PI","MADEIRO","PERNAMBUCO","SUPE"
"PI","MANOEL EMIDIO","PERNAMBUCO","SUPE"
"PI","MARCOLANDIA","PERNAMBUCO","SUPE"
"PI","MARCOS PARENTE","PERNAMBUCO","SUPE"
"PI","MASSAPE DO PIAUI","PERNAMBUCO","SUPE"
"PI","MATIAS OLIMPIO","PERNAMBUCO","SUPE"
"PI","MIGUEL ALVES","PERNAMBUCO","SUPE"
"PI","MIGUEL LEAO","PERNAMBUCO","SUPE"
"PI","MILTON BRANDAO","PERNAMBUCO","SUPE"
"PI","MONSENHOR GIL","PERNAMBUCO","SUPE"
"PI","MONSENHOR HIPOLITO","PERNAMBUCO","SUPE"
"PI","MONTE ALEGRE DO PIAUI","PERNAMBUCO","SUPE"
"PI","MORRO CABECA NO TEMPO","PERNAMBUCO","SUPE"
"PI","MORRO DO CHAPEU DO PIAUI","PERNAMBUCO","SUPE"
"PI","MURICI DOS PORTELAS","PERNAMBUCO","SUPE"
"PI","NAZARE DO PIAUI","PERNAMBUCO","SUPE"
"PI","NAZARIA","PERNAMBUCO","SUPE"
"PI","NOSSA SENHORA DE NAZARE","PERNAMBUCO","SUPE"
"PI","NOSSA SENHORA DOS REMEDIOS","PERNAMBUCO","SUPE"
"PI","NOVA SANTA RITA","PERNAMBUCO","SUPE"
"PI","NOVO ORIENTE DO PIAUI","PERNAMBUCO","SUPE"
"PI","NOVO SANTO ANTONIO","PERNAMBUCO","SUPE"
"PI","OEIRAS","PERNAMBUCO","SUPE"
"PI","OLHO D'AGUA DO PIAUI","PERNAMBUCO","SUPE"
"PI","PADRE MARCOS","PERNAMBUCO","SUPE"
"PI","PAES LANDIM","PERNAMBUCO","SUPE"
"PI","PAJEU DO PIAUI","PERNAMBUCO","SUPE"
"PI","PALMEIRA DO PIAUI","PERNAMBUCO","SUPE"
"PI","PALMEIRAIS","PERNAMBUCO","SUPE"
"PI","PAQUETA","PERNAMBUCO","SUPE"
"PI","PARNAGUA","PERNAMBUCO","SUPE"
"PI","PARNAIBA","PERNAMBUCO","SUPE"
"PI","PASSAGEM FRANCA DO PIAUI","PERNAMBUCO","SUPE"
"PI","PATOS DO PIAUI","PERNAMBUCO","SUPE"
"PI","PAU D'ARCO DO PIAUI","PERNAMBUCO","SUPE"
"PI","PAULISTANA","PERNAMBUCO","SUPE"
"PI","PAVUSSU","PERNAMBUCO","SUPE"
"PI","PEDRO II","PERNAMBUCO","SUPE"
"PI","PEDRO LAURENTINO","PERNAMBUCO","SUPE"
"PI","PICOS","PERNAMBUCO","SUPE"
"PI","PIMENTEIRAS","PERNAMBUCO","SUPE"
"PI","PIO IX","PERNAMBUCO","SUPE"
"PI","PIRACURUCA","PERNAMBUCO","SUPE"
"PI","PIRIPIRI","PERNAMBUCO","SUPE"
"PI","PORTO","PERNAMBUCO","SUPE"
"PI","PORTO ALEGRE DO PIAUI","PERNAMBUCO","SUPE"
"PI","PRATA DO PIAUI","PERNAMBUCO","SUPE"
"PI","QUEIMADA NOVA","PERNAMBUCO","SUPE"
"PI","REDENCAO DO GURGUEIA","PERNAMBUCO","SUPE"
"PI","REGENERACAO","PERNAMBUCO","SUPE"
"PI","RIACHO FRIO","PERNAMBUCO","SUPE"
"PI","RIBEIRA DO PIAUI","PERNAMBUCO","SUPE"
"PI","RIBEIRO GONCALVES","PERNAMBUCO","SUPE"
"PI","RIO GRANDE DO PIAUI","PERNAMBUCO","SUPE"
"PI","SANTA CRUZ DO PIAUI","PERNAMBUCO","SUPE"
"PI","SANTA CRUZ DOS MILAGRES","PERNAMBUCO","SUPE"
"PI","SANTA FILOMENA","PERNAMBUCO","SUPE"
"PI","SANTA LUZ","PERNAMBUCO","SUPE"
"PI","SANTA ROSA DO PIAUI","PERNAMBUCO","SUPE"
"PI","SANTANA DO PIAUI","PERNAMBUCO","SUPE"
"PI","SANTO ANTONIO DE LISBOA","PERNAMBUCO","SUPE"
"PI","SANTO ANTONIO DOS MILAGRES","PERNAMBUCO","SUPE"
"PI","SANTO INACIO DO PIAUI","PERNAMBUCO","SUPE"
"PI","SAO BRAZ DO PIAUI","PERNAMBUCO","SUPE"
"PI","SAO FELIX DO PIAUI","PERNAMBUCO","SUPE"
"PI","SAO FRANCISCO DE ASSIS DO PIAUI","PERNAMBUCO","SUPE"
"PI","SAO FRANCISCO DO PIAUI","PERNAMBUCO","SUPE"
"PI","SAO GONCALO DO GURGUEIA","PERNAMBUCO","SUPE"
"PI","SAO GONCALO DO PIAUI","PERNAMBUCO","SUPE"
"PI","SAO JOAO DA CANABRAVA","PERNAMBUCO","SUPE"
"PI","SAO JOAO DA FRONTEIRA","PERNAMBUCO","SUPE"
"PI","SAO JOAO DA SERRA","PERNAMBUCO","SUPE"
"PI","SAO JOAO DA VARJOTA","PERNAMBUCO","SUPE"
"PI","SAO JOAO DO ARRAIAL","PERNAMBUCO","SUPE"
"PI","SAO JOAO DO PIAUI","PERNAMBUCO","SUPE"
"PI","SAO JOSE DO DIVINO","PERNAMBUCO","SUPE"
"PI","SAO JOSE DO PEIXE","PERNAMBUCO","SUPE"
"PI","SAO JOSE DO PIAUI","PERNAMBUCO","SUPE"
"PI","SAO JULIAO","PERNAMBUCO","SUPE"
"PI","SAO LOURENCO DO PIAUI","PERNAMBUCO","SUPE"
"PI","SAO LUIS DO PIAUI","PERNAMBUCO","SUPE"
"PI","SAO MIGUEL DA BAIXA GRANDE","PERNAMBUCO","SUPE"
"PI","SAO MIGUEL DO FIDALGO","PERNAMBUCO","SUPE"
"PI","SAO MIGUEL DO TAPUIO","PERNAMBUCO","SUPE"
"PI","SAO PEDRO DO PIAUI","PERNAMBUCO","SUPE"
"PI","SAO RAIMUNDO NONATO","PERNAMBUCO","SUPE"
"PI","SEBASTIAO BARROS","PERNAMBUCO","SUPE"
"PI","SEBASTIAO LEAL","PERNAMBUCO","SUPE"
"PI","SIGEFREDO PACHECO","PERNAMBUCO","SUPE"
"PI","SIMOES","PERNAMBUCO","SUPE"
"PI","SIMPLICIO MENDES","PERNAMBUCO","SUPE"
"PI","SOCORRO DO PIAUI","PERNAMBUCO","SUPE"
"PI","SUSSUAPARA","PERNAMBUCO","SUPE"
"PI","TAMBORIL DO PIAUI","PERNAMBUCO","SUPE"
"PI","TANQUE DO PIAUI","PERNAMBUCO","SUPE"
"PI","TERESINA","PERNAMBUCO","SUPE"
"PI","UNIAO","PERNAMBUCO","SUPE"
"PI","URUCUI","PERNAMBUCO","SUPE"
"PI","VALENCA DO PIAUI","PERNAMBUCO","SUPE"
"PI","VARZEA BRANCA","PERNAMBUCO","SUPE"
"PI","VARZEA GRANDE","PERNAMBUCO","SUPE"
"PI","VERA MENDES","PERNAMBUCO","SUPE"
"PI","VILA NOVA DO PIAUI","PERNAMBUCO","SUPE"
"PI","WALL FERRAZ","PERNAMBUCO","SUPE"
"PR","ABATIA","PARANÁ","SUPR"
"PR","ADRIANOPOLIS","PARANÁ","SUPR"
"PR","AGUDOS DO SUL","PARANÁ","SUPR"
"PR","ALMIRANTE TAMANDARE","PARANÁ","SUPR"
"PR","ALTAMIRA DO PARANA","PARANÁ","SUPR"
"PR","ALTO PARAISO","PARANÁ","SUPR"
"PR","ALTO PARANA","PARANÁ","SUPR"
"PR","ALTO PIQUIRI","PARANÁ","SUPR"
"PR","ALTONIA","PARANÁ","SUPR"
"PR","ALVORADA DO SUL","PARANÁ","SUPR"
"PR","AMAPORA","PARANÁ","SUPR"
"PR","AMPERE","PARANÁ","SUPR"
"PR","ANAHY","PARANÁ","SUPR"
"PR","ANDIRA","PARANÁ","SUPR"
"PR","ANGULO","PARANÁ","SUPR"
"PR","ANTONINA","PARANÁ","SUPR"
"PR","ANTONIO OLINTO","PARANÁ","SUPR"
"PR","APUCARANA","PARANÁ","SUPR"
"PR","ARAPONGAS","PARANÁ","SUPR"
"PR","ARAPOTI","PARANÁ","SUPR"
"PR","ARAPUA","PARANÁ","SUPR"
"PR","ARARUNA","PARANÁ","SUPR"
"PR","ARAUCARIA","PARANÁ","SUPR"
"PR","ARIRANHA DO IVAI","PARANÁ","SUPR"
"PR","ASSAI","PARANÁ","SUPR"
"PR","ASSIS CHATEAUBRIAND","PARANÁ","SUPR"
"PR","ASTORGA","PARANÁ","SUPR"
"PR","ATALAIA","PARANÁ","SUPR"
"PR","BALSA NOVA","PARANÁ","SUPR"
"PR","BANDEIRANTES","PARANÁ","SUPR"
"PR","BARBOSA FERRAZ","PARANÁ","SUPR"
"PR","BARRA DO JACARE","PARANÁ","SUPR"
"PR","BARRACAO","PARANÁ","SUPR"
"PR","BELA VISTA DA CAROBA","PARANÁ","SUPR"
"PR","BELA VISTA DO PARAISO","PARANÁ","SUPR"
"PR","BITURUNA","PARANÁ","SUPR"
"PR","BOA ESPERANCA","PARANÁ","SUPR"
"PR","BOA ESPERANCA DO IGUACU","PARANÁ","SUPR"
"PR","BOA VENTURA DE SAO ROQUE","PARANÁ","SUPR"
"PR","BOA VISTA DA APARECIDA","PARANÁ","SUPR"
"PR","BOCAIUVA DO SUL","PARANÁ","SUPR"
"PR","BOM JESUS DO SUL","PARANÁ","SUPR"
"PR","BOM SUCESSO","PARANÁ","SUPR"
"PR","BOM SUCESSO DO SUL","PARANÁ","SUPR"
"PR","BORRAZOPOLIS","PARANÁ","SUPR"
"PR","BRAGANEY","PARANÁ","SUPR"
"PR","BRASILANDIA DO SUL","PARANÁ","SUPR"
"PR","CAFEARA","PARANÁ","SUPR"
"PR","CAFELANDIA","PARANÁ","SUPR"
"PR","CAFEZAL DO SUL","PARANÁ","SUPR"
"PR","CALIFORNIA","PARANÁ","SUPR"
"PR","CAMBARA","PARANÁ","SUPR"
"PR","CAMBE","PARANÁ","SUPR"
"PR","CAMBIRA","PARANÁ","SUPR"
"PR","CAMPINA DA LAGOA","PARANÁ","SUPR"
"PR","CAMPINA DO SIMAO","PARANÁ","SUPR"
"PR","CAMPINA GRANDE DO SUL","PARANÁ","SUPR"
"PR","CAMPO BONITO","PARANÁ","SUPR"
"PR","CAMPO DO TENENTE","PARANÁ","SUPR"
"PR","CAMPO LARGO","PARANÁ","SUPR"
"PR","CAMPO MAGRO","PARANÁ","SUPR"
"PR","CAMPO MOURAO","PARANÁ","SUPR"
"PR","CANDIDO DE ABREU","PARANÁ","SUPR"
"PR","CANDOI","PARANÁ","SUPR"
"PR","CANTAGALO","PARANÁ","SUPR"
"PR","CAPANEMA","PARANÁ","SUPR"
"PR","CAPITAO LEONIDAS MARQUES","PARANÁ","SUPR"
"PR","CARAMBEI","PARANÁ","SUPR"
"PR","CARLOPOLIS","PARANÁ","SUPR"
"PR","CASCAVEL","PARANÁ","SUPR"
"PR","CASTRO","PARANÁ","SUPR"
"PR","CATANDUVAS","PARANÁ","SUPR"
"PR","CENTENARIO DO SUL","PARANÁ","SUPR"
"PR","CERRO AZUL","PARANÁ","SUPR"
"PR","CEU AZUL","PARANÁ","SUPR"
"PR","CHOPINZINHO","PARANÁ","SUPR"
"PR","CIANORTE","PARANÁ","SUPR"
"PR","CIDADE GAUCHA","PARANÁ","SUPR"
"PR","CLEVELANDIA","PARANÁ","SUPR"
"PR","COLOMBO","PARANÁ","SUPR"
"PR","COLORADO","PARANÁ","SUPR"
"PR","CONGONHINHAS","PARANÁ","SUPR"
"PR","CONSELHEIRO MAIRINCK","PARANÁ","SUPR"
"PR","CONTENDA","PARANÁ","SUPR"
"PR","CORBELIA","PARANÁ","SUPR"
"PR","CORNELIO PROCOPIO","PARANÁ","SUPR"
"PR","CORONEL DOMINGOS SOARES","PARANÁ","SUPR"
"PR","CORONEL VIVIDA","PARANÁ","SUPR"
"PR","CORUMBATAI DO SUL","PARANÁ","SUPR"
"PR","CRUZ MACHADO","PARANÁ","SUPR"
"PR","CRUZEIRO DO IGUACU","PARANÁ","SUPR"
"PR","CRUZEIRO DO OESTE","PARANÁ","SUPR"
"PR","CRUZEIRO DO SUL","PARANÁ","SUPR"
"PR","CRUZMALTINA","PARANÁ","SUPR"
"PR","CURITIBA","PARANÁ","SUPR"
"PR","CURIUVA","PARANÁ","SUPR"
"PR","DIAMANTE DO NORTE","PARANÁ","SUPR"
"PR","DIAMANTE DO SUL","PARANÁ","SUPR"
"PR","DIAMANTE D'OESTE","PARANÁ","SUPR"
"PR","DOIS VIZINHOS","PARANÁ","SUPR"
"PR","DOURADINA","PARANÁ","SUPR"
"PR","DOUTOR CAMARGO","PARANÁ","SUPR"
"PR","DOUTOR ULYSSES","PARANÁ","SUPR"
"PR","ENEAS MARQUES","PARANÁ","SUPR"
"PR","ENGENHEIRO BELTRAO","PARANÁ","SUPR"
"PR","ENTRE RIOS DO OESTE","PARANÁ","SUPR"
"PR","ESPERANCA NOVA","PARANÁ","SUPR"
"PR","ESPIGAO ALTO DO IGUACU","PARANÁ","SUPR"
"PR","FAROL","PARANÁ","SUPR"
"PR","FAXINAL","PARANÁ","SUPR"
"PR","FAZENDA RIO GRANDE","PARANÁ","SUPR"
"PR","FENIX","PARANÁ","SUPR"
"PR","FERNANDES PINHEIRO","PARANÁ","SUPR"
"PR","FIGUEIRA","PARANÁ","SUPR"
"PR","FLOR DA SERRA DO SUL","PARANÁ","SUPR"
"PR","FLORAI","PARANÁ","SUPR"
"PR","FLORESTA","PARANÁ","SUPR"
"PR","FLORESTOPOLIS","PARANÁ","SUPR"
"PR","FLORIDA","PARANÁ","SUPR"
"PR","FORMOSA DO OESTE","PARANÁ","SUPR"
"PR","FOZ DO IGUACU","PARANÁ","SUPR"
"PR","FOZ DO JORDAO","PARANÁ","SUPR"
"PR","FRANCISCO ALVES","PARANÁ","SUPR"
"PR","FRANCISCO BELTRAO","PARANÁ","SUPR"
"PR","GENERAL CARNEIRO","PARANÁ","SUPR"
"PR","GODOY MOREIRA","PARANÁ","SUPR"
"PR","GOIOERE","PARANÁ","SUPR"
"PR","GOIOXIM","PARANÁ","SUPR"
"PR","GRANDES RIOS","PARANÁ","SUPR"
"PR","GUAIRA","PARANÁ","SUPR"
"PR","GUAIRACA","PARANÁ","SUPR"
"PR","GUAMIRANGA","PARANÁ","SUPR"
"PR","GUAPIRAMA","PARANÁ","SUPR"
"PR","GUAPOREMA","PARANÁ","SUPR"
"PR","GUARACI","PARANÁ","SUPR"
"PR","GUARANIACU","PARANÁ","SUPR"
"PR","GUARAPUAVA","PARANÁ","SUPR"
"PR","GUARAQUECABA","PARANÁ","SUPR"
"PR","GUARATUBA","PARANÁ","SUPR"
"PR","HONORIO SERPA","PARANÁ","SUPR"
"PR","IBAITI","PARANÁ","SUPR"
"PR","IBEMA","PARANÁ","SUPR"
"PR","IBIPORA","PARANÁ","SUPR"
"PR","ICARAIMA","PARANÁ","SUPR"
"PR","IGUARACU","PARANÁ","SUPR"
"PR","IGUATU","PARANÁ","SUPR"
"PR","IMBAU","PARANÁ","SUPR"
"PR","IMBITUVA","PARANÁ","SUPR"
"PR","INACIO MARTINS","PARANÁ","SUPR"
"PR","INAJA","PARANÁ","SUPR"
"PR","INDIANOPOLIS","PARANÁ","SUPR"
"PR","IPIRANGA","PARANÁ","SUPR"
"PR","IPORA","PARANÁ","SUPR"
"PR","IRACEMA DO OESTE","PARANÁ","SUPR"
"PR","IRATI","PARANÁ","SUPR"
"PR","IRETAMA","PARANÁ","SUPR"
"PR","ITAGUAJE","PARANÁ","SUPR"
"PR","ITAIPULANDIA","PARANÁ","SUPR"
"PR","ITAMBARACA","PARANÁ","SUPR"
"PR","ITAMBE","PARANÁ","SUPR"
"PR","ITAPEJARA D'OESTE","PARANÁ","SUPR"
"PR","ITAPERUCU","PARANÁ","SUPR"
"PR","ITAUNA DO SUL","PARANÁ","SUPR"
"PR","IVAI","PARANÁ","SUPR"
"PR","IVAIPORA","PARANÁ","SUPR"
"PR","IVATE","PARANÁ","SUPR"
"PR","IVATUBA","PARANÁ","SUPR"
"PR","JABOTI","PARANÁ","SUPR"
"PR","JACAREZINHO","PARANÁ","SUPR"
"PR","JAGUAPITA","PARANÁ","SUPR"
"PR","JAGUARIAIVA","PARANÁ","SUPR"
"PR","JANDAIA DO SUL","PARANÁ","SUPR"
"PR","JANIOPOLIS","PARANÁ","SUPR"
"PR","JAPIRA","PARANÁ","SUPR"
"PR","JAPURA","PARANÁ","SUPR"
"PR","JARDIM ALEGRE","PARANÁ","SUPR"
"PR","JARDIM OLINDA","PARANÁ","SUPR"
"PR","JATAIZINHO","PARANÁ","SUPR"
"PR","JESUITAS","PARANÁ","SUPR"
"PR","JOAQUIM TAVORA","PARANÁ","SUPR"
"PR","JUNDIAI DO SUL","PARANÁ","SUPR"
"PR","JURANDA","PARANÁ","SUPR"
"PR","JUSSARA","PARANÁ","SUPR"
"PR","KALORE","PARANÁ","SUPR"
"PR","LAPA","PARANÁ","SUPR"
"PR","LARANJAL","PARANÁ","SUPR"
"PR","LARANJEIRAS DO SUL","PARANÁ","SUPR"
"PR","LEOPOLIS","PARANÁ","SUPR"
"PR","LIDIANOPOLIS","PARANÁ","SUPR"
"PR","LINDOESTE","PARANÁ","SUPR"
"PR","LOANDA","PARANÁ","SUPR"
"PR","LOBATO","PARANÁ","SUPR"
"PR","LONDRINA","PARANÁ","SUPR"
"PR","LUIZIANA","PARANÁ","SUPR"
"PR","LUNARDELLI","PARANÁ","SUPR"
"PR","LUPIONOPOLIS","PARANÁ","SUPR"
"PR","MALLET","PARANÁ","SUPR"
"PR","MAMBORE","PARANÁ","SUPR"
"PR","MANDAGUACU","PARANÁ","SUPR"
"PR","MANDAGUARI","PARANÁ","SUPR"
"PR","MANDIRITUBA","PARANÁ","SUPR"
"PR","MANFRINOPOLIS","PARANÁ","SUPR"
"PR","MANGUEIRINHA","PARANÁ","SUPR"
"PR","MANOEL RIBAS","PARANÁ","SUPR"
"PR","MARECHAL CANDIDO RONDON","PARANÁ","SUPR"
"PR","MARIA HELENA","PARANÁ","SUPR"
"PR","MARIALVA","PARANÁ","SUPR"
"PR","MARILANDIA DO SUL","PARANÁ","SUPR"
"PR","MARILENA","PARANÁ","SUPR"
"PR","MARILUZ","PARANÁ","SUPR"
"PR","MARINGA","PARANÁ","SUPR"
"PR","MARIOPOLIS","PARANÁ","SUPR"
"PR","MARIPA","PARANÁ","SUPR"
"PR","MARMELEIRO","PARANÁ","SUPR"
"PR","MARQUINHO","PARANÁ","SUPR"
"PR","MARUMBI","PARANÁ","SUPR"
"PR","MATELANDIA","PARANÁ","SUPR"
"PR","MATINHOS","PARANÁ","SUPR"
"PR","MATO RICO","PARANÁ","SUPR"
"PR","MAUA DA SERRA","PARANÁ","SUPR"
"PR","MEDIANEIRA","PARANÁ","SUPR"
"PR","MERCEDES","PARANÁ","SUPR"
"PR","MIRADOR","PARANÁ","SUPR"
"PR","MIRASELVA","PARANÁ","SUPR"
"PR","MISSAL","PARANÁ","SUPR"
"PR","MOREIRA SALES","PARANÁ","SUPR"
"PR","MORRETES","PARANÁ","SUPR"
"PR","MUNHOZ DE MELO","PARANÁ","SUPR"
"PR","NOSSA SENHORA DAS GRACAS","PARANÁ","SUPR"
"PR","NOVA ALIANCA DO IVAI","PARANÁ","SUPR"
"PR","NOVA AMERICA DA COLINA","PARANÁ","SUPR"
"PR","NOVA AURORA","PARANÁ","SUPR"
"PR","NOVA CANTU","PARANÁ","SUPR"
"PR","NOVA ESPERANCA","PARANÁ","SUPR"
"PR","NOVA ESPERANCA DO SUDOESTE","PARANÁ","SUPR"
"PR","NOVA FATIMA","PARANÁ","SUPR"
"PR","NOVA LARANJEIRAS","PARANÁ","SUPR"
"PR","NOVA LONDRINA","PARANÁ","SUPR"
"PR","NOVA OLIMPIA","PARANÁ","SUPR"
"PR","NOVA PRATA DO IGUACU","PARANÁ","SUPR"
"PR","NOVA SANTA BARBARA","PARANÁ","SUPR"
"PR","NOVA SANTA ROSA","PARANÁ","SUPR"
"PR","NOVA TEBAS","PARANÁ","SUPR"
"PR","NOVO ITACOLOMI","PARANÁ","SUPR"
"PR","ORTIGUEIRA","PARANÁ","SUPR"
"PR","OURIZONA","PARANÁ","SUPR"
"PR","OURO VERDE DO OESTE","PARANÁ","SUPR"
"PR","PAICANDU","PARANÁ","SUPR"
"PR","PALMAS","PARANÁ","SUPR"
"PR","PALMEIRA","PARANÁ","SUPR"
"PR","PALMITAL","PARANÁ","SUPR"
"PR","PALOTINA","PARANÁ","SUPR"
"PR","PARAISO DO NORTE","PARANÁ","SUPR"
"PR","PARANACITY","PARANÁ","SUPR"
"PR","PARANAGUA","PARANÁ","SUPR"
"PR","PARANAPOEMA","PARANÁ","SUPR"
"PR","PARANAVAI","PARANÁ","SUPR"
"PR","PATO BRAGADO","PARANÁ","SUPR"
"PR","PATO BRANCO","PARANÁ","SUPR"
"PR","PAULA FREITAS","PARANÁ","SUPR"
"PR","PAULO FRONTIN","PARANÁ","SUPR"
"PR","PEABIRU","PARANÁ","SUPR"
"PR","PEROBAL","PARANÁ","SUPR"
"PR","PEROLA","PARANÁ","SUPR"
"PR","PEROLA D'OESTE","PARANÁ","SUPR"
"PR","PIEN","PARANÁ","SUPR"
"PR","PINHAIS","PARANÁ","SUPR"
"PR","PINHAL DE SAO BENTO","PARANÁ","SUPR"
"PR","PINHALAO","PARANÁ","SUPR"
"PR","PINHAO","PARANÁ","SUPR"
"PR","PIRAI DO SUL","PARANÁ","SUPR"
"PR","PIRAQUARA","PARANÁ","SUPR"
"PR","PITANGA","PARANÁ","SUPR"
"PR","PITANGUEIRAS","PARANÁ","SUPR"
"PR","PLANALTINA DO PARANA","PARANÁ","SUPR"
"PR","PLANALTO","PARANÁ","SUPR"
"PR","PONTA GROSSA","PARANÁ","SUPR"
"PR","PONTAL DO PARANA","PARANÁ","SUPR"
"PR","PORECATU","PARANÁ","SUPR"
"PR","PORTO AMAZONAS","PARANÁ","SUPR"
"PR","PORTO BARREIRO","PARANÁ","SUPR"
"PR","PORTO RICO","PARANÁ","SUPR"
"PR","PORTO VITORIA","PARANÁ","SUPR"
"PR","PRADO FERREIRA","PARANÁ","SUPR"
"PR","PRANCHITA","PARANÁ","SUPR"
"PR","PRESIDENTE CASTELO BRANCO","PARANÁ","SUPR"
"PR","PRIMEIRO DE MAIO","PARANÁ","SUPR"
"PR","PRUDENTOPOLIS","PARANÁ","SUPR"
"PR","QUARTO CENTENARIO","PARANÁ","SUPR"
"PR","QUATIGUA","PARANÁ","SUPR"
"PR","QUATRO BARRAS","PARANÁ","SUPR"
"PR","QUATRO PONTES","PARANÁ","SUPR"
"PR","QUEDAS DO IGUACU","PARANÁ","SUPR"
"PR","QUERENCIA DO NORTE","PARANÁ","SUPR"
"PR","QUINTA DO SOL","PARANÁ","SUPR"
"PR","QUITANDINHA","PARANÁ","SUPR"
"PR","RAMILANDIA","PARANÁ","SUPR"
"PR","RANCHO ALEGRE","PARANÁ","SUPR"
"PR","RANCHO ALEGRE D'OESTE","PARANÁ","SUPR"
"PR","REALEZA","PARANÁ","SUPR"
"PR","REBOUCAS","PARANÁ","SUPR"
"PR","RENASCENCA","PARANÁ","SUPR"
"PR","RESERVA","PARANÁ","SUPR"
"PR","RESERVA DO IGUACU","PARANÁ","SUPR"
"PR","RIBEIRAO CLARO","PARANÁ","SUPR"
"PR","RIBEIRAO DO PINHAL","PARANÁ","SUPR"
"PR","RIO AZUL","PARANÁ","SUPR"
"PR","RIO BOM","PARANÁ","SUPR"
"PR","RIO BONITO DO IGUACU","PARANÁ","SUPR"
"PR","RIO BRANCO DO IVAI","PARANÁ","SUPR"
"PR","RIO BRANCO DO SUL","PARANÁ","SUPR"
"PR","RIO NEGRO","PARANÁ","SUPR"
"PR","ROLANDIA","PARANÁ","SUPR"
"PR","RONCADOR","PARANÁ","SUPR"
"PR","RONDON","PARANÁ","SUPR"
"PR","ROSARIO DO IVAI","PARANÁ","SUPR"
"PR","SABAUDIA","PARANÁ","SUPR"
"PR","SALGADO FILHO","PARANÁ","SUPR"
"PR","SALTO DO ITARARE","PARANÁ","SUPR"
"PR","SALTO DO LONTRA","PARANÁ","SUPR"
"PR","SANTA AMELIA","PARANÁ","SUPR"
"PR","SANTA CECILIA DO PAVAO","PARANÁ","SUPR"
"PR","SANTA CRUZ DE MONTE CASTELO","PARANÁ","SUPR"
"PR","SANTA FE","PARANÁ","SUPR"
"PR","SANTA HELENA","PARANÁ","SUPR"
"PR","SANTA INES","PARANÁ","SUPR"
"PR","SANTA ISABEL DO IVAI","PARANÁ","SUPR"
"PR","SANTA IZABEL DO OESTE","PARANÁ","SUPR"
"PR","SANTA LUCIA","PARANÁ","SUPR"
"PR","SANTA MARIA DO OESTE","PARANÁ","SUPR"
"PR","SANTA MARIANA","PARANÁ","SUPR"
"PR","SANTA MONICA","PARANÁ","SUPR"
"PR","SANTA TEREZA DO OESTE","PARANÁ","SUPR"
"PR","SANTA TEREZINHA DE ITAIPU","PARANÁ","SUPR"
"PR","SANTANA DO ITARARE","PARANÁ","SUPR"
"PR","SANTO ANTONIO DA PLATINA","PARANÁ","SUPR"
"PR","SANTO ANTONIO DO CAIUA","PARANÁ","SUPR"
"PR","SANTO ANTONIO DO PARAISO","PARANÁ","SUPR"
"PR","SANTO ANTONIO DO SUDOESTE","PARANÁ","SUPR"
"PR","SANTO INACIO","PARANÁ","SUPR"
"PR","SAO CARLOS DO IVAI","PARANÁ","SUPR"
"PR","SAO JERONIMO DA SERRA","PARANÁ","SUPR"
"PR","SAO JOAO","PARANÁ","SUPR"
"PR","SAO JOAO DO CAIUA","PARANÁ","SUPR"
"PR","SAO JOAO DO IVAI","PARANÁ","SUPR"
"PR","SAO JOAO DO TRIUNFO","PARANÁ","SUPR"
"PR","SAO JORGE DO IVAI","PARANÁ","SUPR"
"PR","SAO JORGE DO PATROCINIO","PARANÁ","SUPR"
"PR","SAO JORGE D'OESTE","PARANÁ","SUPR"
"PR","SAO JOSE DA BOA VISTA","PARANÁ","SUPR"
"PR","SAO JOSE DAS PALMEIRAS","PARANÁ","SUPR"
"PR","SAO JOSE DOS PINHAIS","PARANÁ","SUPR"
"PR","SAO MANOEL DO PARANA","PARANÁ","SUPR"
"PR","SAO MATEUS DO SUL","PARANÁ","SUPR"
"PR","SAO MIGUEL DO IGUACU","PARANÁ","SUPR"
"PR","SAO PEDRO DO IGUACU","PARANÁ","SUPR"
"PR","SAO PEDRO DO IVAI","PARANÁ","SUPR"
"PR","SAO PEDRO DO PARANA","PARANÁ","SUPR"
"PR","SAO SEBASTIAO DA AMOREIRA","PARANÁ","SUPR"
"PR","SAO TOME","PARANÁ","SUPR"
"PR","SAPOPEMA","PARANÁ","SUPR"
"PR","SARANDI","PARANÁ","SUPR"
"PR","SAUDADE DO IGUACU","PARANÁ","SUPR"
"PR","SENGES","PARANÁ","SUPR"
"PR","SERRANOPOLIS DO IGUACU","PARANÁ","SUPR"
"PR","SERTANEJA","PARANÁ","SUPR"
"PR","SERTANOPOLIS","PARANÁ","SUPR"
"PR","SIQUEIRA CAMPOS","PARANÁ","SUPR"
"PR","SULINA","PARANÁ","SUPR"
"PR","TAMARANA","PARANÁ","SUPR"
"PR","TAMBOARA","PARANÁ","SUPR"
"PR","TAPEJARA","PARANÁ","SUPR"
"PR","TAPIRA","PARANÁ","SUPR"
"PR","TEIXEIRA SOARES","PARANÁ","SUPR"
"PR","TELEMACO BORBA","PARANÁ","SUPR"
"PR","TERRA BOA","PARANÁ","SUPR"
"PR","TERRA RICA","PARANÁ","SUPR"
"PR","TERRA ROXA","PARANÁ","SUPR"
"PR","TIBAGI","PARANÁ","SUPR"
"PR","TIJUCAS DO SUL","PARANÁ","SUPR"
"PR","TOLEDO","PARANÁ","SUPR"
"PR","TOMAZINA","PARANÁ","SUPR"
"PR","TRES BARRAS DO PARANA","PARANÁ","SUPR"
"PR","TUNAS DO PARANA","PARANÁ","SUPR"
"PR","TUNEIRAS DO OESTE","PARANÁ","SUPR"
"PR","TUPASSI","PARANÁ","SUPR"
"PR","TURVO","PARANÁ","SUPR"
"PR","UBIRATA","PARANÁ","SUPR"
"PR","UMUARAMA","PARANÁ","SUPR"
"PR","UNIAO DA VITORIA","PARANÁ","SUPR"
"PR","UNIFLOR","PARANÁ","SUPR"
"PR","URAI","PARANÁ","SUPR"
"PR","VENTANIA","PARANÁ","SUPR"
"PR","VERA CRUZ DO OESTE","PARANÁ","SUPR"
"PR","VERE","PARANÁ","SUPR"
"PR","VIRMOND","PARANÁ","SUPR"
"PR","VITORINO","PARANÁ","SUPR"
"PR","WENCESLAU BRAZ","PARANÁ","SUPR"
"PR","XAMBRE","PARANÁ","SUPR"
"RJ","ANGRA DOS REIS","RIO DE JANEIRO","SURJ"
"RJ","APERIBE","RIO DE JANEIRO","SURJ"
"RJ","ARARUAMA","RIO DE JANEIRO","SURJ"
"RJ","ARMACAO DOS BUZIOS","RIO DE JANEIRO","SURJ"
"RJ","ARRAIAL DO CABO","RIO DE JANEIRO","SURJ"
"RJ","BARRA DO PIRAI","RIO DE JANEIRO","SURJ"
"RJ","BARRA MANSA","RIO DE JANEIRO","SURJ"
"RJ","BOM JARDIM","RIO DE JANEIRO","SURJ"
"RJ","BOM JESUS DO ITABAPOANA","RIO DE JANEIRO","SURJ"
"RJ","CABO FRIO","RIO DE JANEIRO","SURJ"
"RJ","CAMBUCI","RIO DE JANEIRO","SURJ"
"RJ","CAMPOS DOS GOYTACAZES","RIO DE JANEIRO","SURJ"
"RJ","CANTAGALO","RIO DE JANEIRO","SURJ"
"RJ","CARAPEBUS","RIO DE JANEIRO","SURJ"
"RJ","CARDOSO MOREIRA","RIO DE JANEIRO","SURJ"
"RJ","CASIMIRO DE ABREU","RIO DE JANEIRO","SURJ"
"RJ","CONCEICAO DE MACABU","RIO DE JANEIRO","SURJ"
"RJ","CORDEIRO","RIO DE JANEIRO","SURJ"
"RJ","DUAS BARRAS","RIO DE JANEIRO","SURJ"
"RJ","ENGENHEIRO PAULO DE FRONTIN","RIO DE JANEIRO","SURJ"
"RJ","IGUABA GRANDE","RIO DE JANEIRO","SURJ"
"RJ","ITALVA","RIO DE JANEIRO","SURJ"
"RJ","ITAOCARA","RIO DE JANEIRO","SURJ"
"RJ","ITAPERUNA","RIO DE JANEIRO","SURJ"
"RJ","ITATIAIA","RIO DE JANEIRO","SURJ"
"RJ","LAJE DO MURIAE","RIO DE JANEIRO","SURJ"
"RJ","MACAE","RIO DE JANEIRO","SURJ"
"RJ","MACUCO","RIO DE JANEIRO","SURJ"
"RJ","MANGARATIBA","RIO DE JANEIRO","SURJ"
"RJ","MENDES","RIO DE JANEIRO","SURJ"
"RJ","MIGUEL PEREIRA","RIO DE JANEIRO","SURJ"
"RJ","MIRACEMA","RIO DE JANEIRO","SURJ"
"RJ","NATIVIDADE","RIO DE JANEIRO","SURJ"
"RJ","NOVA FRIBURGO","RIO DE JANEIRO","SURJ"
"RJ","PARATY","RIO DE JANEIRO","SURJ"
"RJ","PATY DO ALFERES","RIO DE JANEIRO","SURJ"
"RJ","PINHEIRAL","RIO DE JANEIRO","SURJ"
"RJ","PIRAI","RIO DE JANEIRO","SURJ"
"RJ","PORCIUNCULA","RIO DE JANEIRO","SURJ"
"RJ","PORTO REAL","RIO DE JANEIRO","SURJ"
"RJ","QUATIS","RIO DE JANEIRO","SURJ"
"RJ","QUISSAMA","RIO DE JANEIRO","SURJ"
"RJ","RESENDE","RIO DE JANEIRO","SURJ"
"RJ","RIO CLARO","RIO DE JANEIRO","SURJ"
"RJ","RIO DAS FLORES","RIO DE JANEIRO","SURJ"
"RJ","RIO DAS OSTRAS","RIO DE JANEIRO","SURJ"
"RJ","RIO DE JANEIRO","RIO DE JANEIRO","SURJ"
"RJ","SANTA MARIA MADALENA","RIO DE JANEIRO","SURJ"
"RJ","SANTO ANTONIO DE PADUA","RIO DE JANEIRO","SURJ"
"RJ","SAO FIDELIS","RIO DE JANEIRO","SURJ"
"RJ","SAO FRANCISCO DE ITABAPOANA","RIO DE JANEIRO","SURJ"
"RJ","SAO JOAO DA BARRA","RIO DE JANEIRO","SURJ"
"RJ","SAO JOSE DE UBA","RIO DE JANEIRO","SURJ"
"RJ","SAO PEDRO DA ALDEIA","RIO DE JANEIRO","SURJ"
"RJ","SAO SEBASTIAO DO ALTO","RIO DE JANEIRO","SURJ"
"RJ","SAQUAREMA","RIO DE JANEIRO","SURJ"
"RJ","SILVA JARDIM","RIO DE JANEIRO","SURJ"
"RJ","TRAJANO DE MORAES","RIO DE JANEIRO","SURJ"
"RJ","VALENCA","RIO DE JANEIRO","SURJ"
"RJ","VARRE-SAI","RIO DE JANEIRO","SURJ"
"RJ","VASSOURAS","RIO DE JANEIRO","SURJ"
"RJ","VOLTA REDONDA","RIO DE JANEIRO","SURJ"
"RN","ACARI","PERNAMBUCO","SUPE"
"RN","ACU","PERNAMBUCO","SUPE"
"RN","AFONSO BEZERRA","PERNAMBUCO","SUPE"
"RN","AGUA NOVA","PERNAMBUCO","SUPE"
"RN","ALEXANDRIA","PERNAMBUCO","SUPE"
"RN","ALMINO AFONSO","PERNAMBUCO","SUPE"
"RN","ALTO DO RODRIGUES","PERNAMBUCO","SUPE"
"RN","ANGICOS","PERNAMBUCO","SUPE"
"RN","ANTONIO MARTINS","PERNAMBUCO","SUPE"
"RN","APODI","PERNAMBUCO","SUPE"
"RN","AREIA BRANCA","PERNAMBUCO","SUPE"
"RN","AREZ","PERNAMBUCO","SUPE"
"RN","BAIA FORMOSA","PERNAMBUCO","SUPE"
"RN","BARAUNA","PERNAMBUCO","SUPE"
"RN","BARCELONA","PERNAMBUCO","SUPE"
"RN","BENTO FERNANDES","PERNAMBUCO","SUPE"
"RN","BOA SAUDE","PERNAMBUCO","SUPE"
"RN","BODO","PERNAMBUCO","SUPE"
"RN","BOM JESUS","PERNAMBUCO","SUPE"
"RN","BREJINHO","PERNAMBUCO","SUPE"
"RN","CAICARA DO NORTE","PERNAMBUCO","SUPE"
"RN","CAICARA DO RIO DO VENTO","PERNAMBUCO","SUPE"
"RN","CAICO","PERNAMBUCO","SUPE"
"RN","CAMPO GRANDE","PERNAMBUCO","SUPE"
"RN","CAMPO REDONDO","PERNAMBUCO","SUPE"
"RN","CANGUARETAMA","PERNAMBUCO","SUPE"
"RN","CARAUBAS","PERNAMBUCO","SUPE"
"RN","CARNAUBA DOS DANTAS","PERNAMBUCO","SUPE"
"RN","CARNAUBAIS","PERNAMBUCO","SUPE"
"RN","CEARA-MIRIM","PERNAMBUCO","SUPE"
"RN","CERRO CORA","PERNAMBUCO","SUPE"
"RN","CORONEL EZEQUIEL","PERNAMBUCO","SUPE"
"RN","CORONEL JOAO PESSOA","PERNAMBUCO","SUPE"
"RN","CRUZETA","PERNAMBUCO","SUPE"
"RN","CURRAIS NOVOS","PERNAMBUCO","SUPE"
"RN","DOUTOR SEVERIANO","PERNAMBUCO","SUPE"
"RN","ENCANTO","PERNAMBUCO","SUPE"
"RN","EQUADOR","PERNAMBUCO","SUPE"
"RN","ESPIRITO SANTO","PERNAMBUCO","SUPE"
"RN","EXTREMOZ","PERNAMBUCO","SUPE"
"RN","FELIPE GUERRA","PERNAMBUCO","SUPE"
"RN","FERNANDO PEDROZA","PERNAMBUCO","SUPE"
"RN","FLORANIA","PERNAMBUCO","SUPE"
"RN","FRANCISCO DANTAS","PERNAMBUCO","SUPE"
"RN","FRUTUOSO GOMES","PERNAMBUCO","SUPE"
"RN","GALINHOS","PERNAMBUCO","SUPE"
"RN","GOIANINHA","PERNAMBUCO","SUPE"
"RN","GOVERNADOR DIX-SEPT ROSADO","PERNAMBUCO","SUPE"
"RN","GROSSOS","PERNAMBUCO","SUPE"
"RN","GUAMARE","PERNAMBUCO","SUPE"
"RN","IELMO MARINHO","PERNAMBUCO","SUPE"
"RN","IPANGUACU","PERNAMBUCO","SUPE"
"RN","IPUEIRA","PERNAMBUCO","SUPE"
"RN","ITAJA","PERNAMBUCO","SUPE"
"RN","ITAU","PERNAMBUCO","SUPE"
"RN","JACANA","PERNAMBUCO","SUPE"
"RN","JANDAIRA","PERNAMBUCO","SUPE"
"RN","JANDUIS","PERNAMBUCO","SUPE"
"RN","JAPI","PERNAMBUCO","SUPE"
"RN","JARDIM DE ANGICOS","PERNAMBUCO","SUPE"
"RN","JARDIM DE PIRANHAS","PERNAMBUCO","SUPE"
"RN","JARDIM DO SERIDO","PERNAMBUCO","SUPE"
"RN","JOAO CAMARA","PERNAMBUCO","SUPE"
"RN","JOAO DIAS","PERNAMBUCO","SUPE"
"RN","JOSE DA PENHA","PERNAMBUCO","SUPE"
"RN","JUCURUTU","PERNAMBUCO","SUPE"
"RN","JUNDIA","PERNAMBUCO","SUPE"
"RN","LAGOA D'ANTA","PERNAMBUCO","SUPE"
"RN","LAGOA DE PEDRAS","PERNAMBUCO","SUPE"
"RN","LAGOA DE VELHOS","PERNAMBUCO","SUPE"
"RN","LAGOA NOVA","PERNAMBUCO","SUPE"
"RN","LAGOA SALGADA","PERNAMBUCO","SUPE"
"RN","LAJES","PERNAMBUCO","SUPE"
"RN","LAJES PINTADAS","PERNAMBUCO","SUPE"
"RN","LUCRECIA","PERNAMBUCO","SUPE"
"RN","LUIS GOMES","PERNAMBUCO","SUPE"
"RN","MACAIBA","PERNAMBUCO","SUPE"
"RN","MACAU","PERNAMBUCO","SUPE"
"RN","MAJOR SALES","PERNAMBUCO","SUPE"
"RN","MARCELINO VIEIRA","PERNAMBUCO","SUPE"
"RN","MARTINS","PERNAMBUCO","SUPE"
"RN","MAXARANGUAPE","PERNAMBUCO","SUPE"
"RN","MESSIAS TARGINO","PERNAMBUCO","SUPE"
"RN","MONTANHAS","PERNAMBUCO","SUPE"
"RN","MONTE ALEGRE","PERNAMBUCO","SUPE"
"RN","MONTE DAS GAMELEIRAS","PERNAMBUCO","SUPE"
"RN","MOSSORO","PERNAMBUCO","SUPE"
"RN","NATAL","PERNAMBUCO","SUPE"
"RN","NISIA FLORESTA","PERNAMBUCO","SUPE"
"RN","NOVA CRUZ","PERNAMBUCO","SUPE"
"RN","OLHO-D'AGUA DO BORGES","PERNAMBUCO","SUPE"
"RN","OURO BRANCO","PERNAMBUCO","SUPE"
"RN","PARANA","PERNAMBUCO","SUPE"
"RN","PARAU","PERNAMBUCO","SUPE"
"RN","PARAZINHO","PERNAMBUCO","SUPE"
"RN","PARELHAS","PERNAMBUCO","SUPE"
"RN","PARNAMIRIM","PERNAMBUCO","SUPE"
"RN","PASSA E FICA","PERNAMBUCO","SUPE"
"RN","PASSAGEM","PERNAMBUCO","SUPE"
"RN","PATU","PERNAMBUCO","SUPE"
"RN","PAU DOS FERROS","PERNAMBUCO","SUPE"
"RN","PEDRA GRANDE","PERNAMBUCO","SUPE"
"RN","PEDRA PRETA","PERNAMBUCO","SUPE"
"RN","PEDRO AVELINO","PERNAMBUCO","SUPE"
"RN","PEDRO VELHO","PERNAMBUCO","SUPE"
"RN","PENDENCIAS","PERNAMBUCO","SUPE"
"RN","PILOES","PERNAMBUCO","SUPE"
"RN","POCO BRANCO","PERNAMBUCO","SUPE"
"RN","PORTALEGRE","PERNAMBUCO","SUPE"
"RN","PORTO DO MANGUE","PERNAMBUCO","SUPE"
"RN","PUREZA","PERNAMBUCO","SUPE"
"RN","RAFAEL FERNANDES","PERNAMBUCO","SUPE"
"RN","RAFAEL GODEIRO","PERNAMBUCO","SUPE"
"RN","RIACHO DA CRUZ","PERNAMBUCO","SUPE"
"RN","RIACHO DE SANTANA","PERNAMBUCO","SUPE"
"RN","RIACHUELO","PERNAMBUCO","SUPE"
"RN","RIO DO FOGO","PERNAMBUCO","SUPE"
"RN","RODOLFO FERNANDES","PERNAMBUCO","SUPE"
"RN","RUY BARBOSA","PERNAMBUCO","SUPE"
"RN","SANTA CRUZ","PERNAMBUCO","SUPE"
"RN","SANTA MARIA","PERNAMBUCO","SUPE"
"RN","SANTANA DO MATOS","PERNAMBUCO","SUPE"
"RN","SANTANA DO SERIDO","PERNAMBUCO","SUPE"
"RN","SANTO ANTONIO","PERNAMBUCO","SUPE"
"RN","SAO BENTO DO NORTE","PERNAMBUCO","SUPE"
"RN","SAO BENTO DO TRAIRI","PERNAMBUCO","SUPE"
"RN","SAO FERNANDO","PERNAMBUCO","SUPE"
"RN","SAO FRANCISCO DO OESTE","PERNAMBUCO","SUPE"
"RN","SAO GONCALO DO AMARANTE","PERNAMBUCO","SUPE"
"RN","SAO JOAO DO SABUGI","PERNAMBUCO","SUPE"
"RN","SAO JOSE DE MIPIBU","PERNAMBUCO","SUPE"
"RN","SAO JOSE DO CAMPESTRE","PERNAMBUCO","SUPE"
"RN","SAO JOSE DO SERIDO","PERNAMBUCO","SUPE"
"RN","SAO MIGUEL","PERNAMBUCO","SUPE"
"RN","SAO MIGUEL DO GOSTOSO","PERNAMBUCO","SUPE"
"RN","SAO PAULO DO POTENGI","PERNAMBUCO","SUPE"
"RN","SAO PEDRO","PERNAMBUCO","SUPE"
"RN","SAO RAFAEL","PERNAMBUCO","SUPE"
"RN","SAO TOME","PERNAMBUCO","SUPE"
"RN","SAO VICENTE","PERNAMBUCO","SUPE"
"RN","SENADOR ELOI DE SOUZA","PERNAMBUCO","SUPE"
"RN","SENADOR GEORGINO AVELINO","PERNAMBUCO","SUPE"
"RN","SERRA CAIADA","PERNAMBUCO","SUPE"
"RN","SERRA DE SAO BENTO","PERNAMBUCO","SUPE"
"RN","SERRA DO MEL","PERNAMBUCO","SUPE"
"RN","SERRA NEGRA DO NORTE","PERNAMBUCO","SUPE"
"RN","SERRINHA","PERNAMBUCO","SUPE"
"RN","SERRINHA DOS PINTOS","PERNAMBUCO","SUPE"
"RN","SEVERIANO MELO","PERNAMBUCO","SUPE"
"RN","SITIO NOVO","PERNAMBUCO","SUPE"
"RN","TABOLEIRO GRANDE","PERNAMBUCO","SUPE"
"RN","TAIPU","PERNAMBUCO","SUPE"
"RN","TANGARA","PERNAMBUCO","SUPE"
"RN","TENENTE ANANIAS","PERNAMBUCO","SUPE"
"RN","TENENTE LAURENTINO CRUZ","PERNAMBUCO","SUPE"
"RN","TIBAU","PERNAMBUCO","SUPE"
"RN","TIBAU DO SUL","PERNAMBUCO","SUPE"
"RN","TIMBAUBA DOS BATISTAS","PERNAMBUCO","SUPE"
"RN","TOUROS","PERNAMBUCO","SUPE"
"RN","TRIUNFO POTIGUAR","PERNAMBUCO","SUPE"
"RN","UMARIZAL","PERNAMBUCO","SUPE"
"RN","UPANEMA","PERNAMBUCO","SUPE"
"RN","VARZEA","PERNAMBUCO","SUPE"
"RN","VENHA-VER","PERNAMBUCO","SUPE"
"RN","VERA CRUZ","PERNAMBUCO","SUPE"
"RN","VICOSA","PERNAMBUCO","SUPE"
"RN","VILA FLOR","PERNAMBUCO","SUPE"
"RO","ALTA FLORESTA D'OESTE","DISTRITO FEDERAL","SUDF"
"RO","ALTO ALEGRE DOS PARECIS","DISTRITO FEDERAL","SUDF"
"RO","ALTO PARAISO","DISTRITO FEDERAL","SUDF"
"RO","ALVORADA D'OESTE","DISTRITO FEDERAL","SUDF"
"RO","ARIQUEMES","DISTRITO FEDERAL","SUDF"
"RO","BURITIS","DISTRITO FEDERAL","SUDF"
"RO","CABIXI","DISTRITO FEDERAL","SUDF"
"RO","CACAULANDIA","DISTRITO FEDERAL","SUDF"
"RO","CACOAL","DISTRITO FEDERAL","SUDF"
"RO","CAMPO NOVO DE RONDONIA","DISTRITO FEDERAL","SUDF"
"RO","CANDEIAS DO JAMARI","DISTRITO FEDERAL","SUDF"
"RO","CASTANHEIRAS","DISTRITO FEDERAL","SUDF"
"RO","CEREJEIRAS","DISTRITO FEDERAL","SUDF"
"RO","CHUPINGUAIA","DISTRITO FEDERAL","SUDF"
"RO","COLORADO DO OESTE","DISTRITO FEDERAL","SUDF"
"RO","CORUMBIARA","DISTRITO FEDERAL","SUDF"
"RO","COSTA MARQUES","DISTRITO FEDERAL","SUDF"
"RO","CUJUBIM","DISTRITO FEDERAL","SUDF"
"RO","ESPIGAO D'OESTE","DISTRITO FEDERAL","SUDF"
"RO","GOVERNADOR JORGE TEIXEIRA","DISTRITO FEDERAL","SUDF"
"RO","GUAJARA-MIRIM","DISTRITO FEDERAL","SUDF"
"RO","ITAPUA DO OESTE","DISTRITO FEDERAL","SUDF"
"RO","JARU","DISTRITO FEDERAL","SUDF"
"RO","JI-PARANA","DISTRITO FEDERAL","SUDF"
"RO","MACHADINHO D'OESTE","DISTRITO FEDERAL","SUDF"
"RO","MINISTRO ANDREAZZA","DISTRITO FEDERAL","SUDF"
"RO","MIRANTE DA SERRA","DISTRITO FEDERAL","SUDF"
"RO","MONTE NEGRO","DISTRITO FEDERAL","SUDF"
"RO","NOVA BRASILANDIA D'OESTE","DISTRITO FEDERAL","SUDF"
"RO","NOVA MAMORE","DISTRITO FEDERAL","SUDF"
"RO","NOVA UNIAO","DISTRITO FEDERAL","SUDF"
"RO","NOVO HORIZONTE DO OESTE","DISTRITO FEDERAL","SUDF"
"RO","OURO PRETO DO OESTE","DISTRITO FEDERAL","SUDF"
"RO","PARECIS","DISTRITO FEDERAL","SUDF"
"RO","PIMENTA BUENO","DISTRITO FEDERAL","SUDF"
"RO","PIMENTEIRAS DO OESTE","DISTRITO FEDERAL","SUDF"
"RO","PORTO VELHO","DISTRITO FEDERAL","SUDF"
"RO","PRESIDENTE MEDICI","DISTRITO FEDERAL","SUDF"
"RO","PRIMAVERA DE RONDONIA","DISTRITO FEDERAL","SUDF"
"RO","RIO CRESPO","DISTRITO FEDERAL","SUDF"
"RO","ROLIM DE MOURA","DISTRITO FEDERAL","SUDF"
"RO","SANTA LUZIA D'OESTE","DISTRITO FEDERAL","SUDF"
"RO","SAO FELIPE D'OESTE","DISTRITO FEDERAL","SUDF"
"RO","SAO FRANCISCO DO GUAPORE","DISTRITO FEDERAL","SUDF"
"RO","SAO MIGUEL DO GUAPORE","DISTRITO FEDERAL","SUDF"
"RO","SERINGUEIRAS","DISTRITO FEDERAL","SUDF"
"RO","TEIXEIROPOLIS","DISTRITO FEDERAL","SUDF"
"RO","THEOBROMA","DISTRITO FEDERAL","SUDF"
"RO","URUPA","DISTRITO FEDERAL","SUDF"
"RO","VALE DO ANARI","DISTRITO FEDERAL","SUDF"
"RO","VALE DO PARAISO","DISTRITO FEDERAL","SUDF"
"RO","VILHENA","DISTRITO FEDERAL","SUDF"
"RR","ALTO ALEGRE","DISTRITO FEDERAL","SUDF"
"RR","AMAJARI","DISTRITO FEDERAL","SUDF"
"RR","BOA VISTA","DISTRITO FEDERAL","SUDF"
"RR","BONFIM","DISTRITO FEDERAL","SUDF"
"RR","CANTA","DISTRITO FEDERAL","SUDF"
"RR","CARACARAI","DISTRITO FEDERAL","SUDF"
"RR","CAROEBE","DISTRITO FEDERAL","SUDF"
"RR","IRACEMA","DISTRITO FEDERAL","SUDF"
"RR","MUCAJAI","DISTRITO FEDERAL","SUDF"
"RR","NORMANDIA","DISTRITO FEDERAL","SUDF"
"RR","PACARAIMA","DISTRITO FEDERAL","SUDF"
"RR","RORAINOPOLIS","DISTRITO FEDERAL","SUDF"
"RR","SAO JOAO DA BALIZA","DISTRITO FEDERAL","SUDF"
"RR","SAO LUIZ","DISTRITO FEDERAL","SUDF"
"RR","UIRAMUTA","DISTRITO FEDERAL","SUDF"
"RS","AGUA SANTA","PARANÁ","SUPR"
"RS","AGUDO","PARANÁ","SUPR"
"RS","AJURICABA","PARANÁ","SUPR"
"RS","ALECRIM","PARANÁ","SUPR"
"RS","ALEGRIA","PARANÁ","SUPR"
"RS","ALMIRANTE TAMANDARE DO SUL","PARANÁ","SUPR"
"RS","ALPESTRE","PARANÁ","SUPR"
"RS","ALTO ALEGRE","PARANÁ","SUPR"
"RS","ALTO FELIZ","PARANÁ","SUPR"
"RS","ALVORADA","PARANÁ","SUPR"
"RS","AMETISTA DO SUL","PARANÁ","SUPR"
"RS","ANDRE DA ROCHA","PARANÁ","SUPR"
"RS","ANTA GORDA","PARANÁ","SUPR"
"RS","ANTONIO PRADO","PARANÁ","SUPR"
"RS","ARARICA","PARANÁ","SUPR"
"RS","ARATIBA","PARANÁ","SUPR"
"RS","ARROIO DO MEIO","PARANÁ","SUPR"
"RS","ARROIO DO SAL","PARANÁ","SUPR"
"RS","ARROIO DO TIGRE","PARANÁ","SUPR"
"RS","ARROIO DOS RATOS","PARANÁ","SUPR"
"RS","ARVOREZINHA","PARANÁ","SUPR"
"RS","AUGUSTO PESTANA","PARANÁ","SUPR"
"RS","AUREA","PARANÁ","SUPR"
"RS","BALNEARIO PINHAL","PARANÁ","SUPR"
"RS","BARAO","PARANÁ","SUPR"
"RS","BARAO DE COTEGIPE","PARANÁ","SUPR"
"RS","BARAO DO TRIUNFO","PARANÁ","SUPR"
"RS","BARRA DO GUARITA","PARANÁ","SUPR"
"RS","BARRA DO RIBEIRO","PARANÁ","SUPR"
"RS","BARRA DO RIO AZUL","PARANÁ","SUPR"
"RS","BARRA FUNDA","PARANÁ","SUPR"
"RS","BARRACAO","PARANÁ","SUPR"
"RS","BARROS CASSAL","PARANÁ","SUPR"
"RS","BENJAMIN CONSTANT DO SUL","PARANÁ","SUPR"
"RS","BENTO GONCALVES","PARANÁ","SUPR"
"RS","BOA VISTA DAS MISSOES","PARANÁ","SUPR"
"RS","BOA VISTA DO BURICA","PARANÁ","SUPR"
"RS","BOA VISTA DO CADEADO","PARANÁ","SUPR"
"RS","BOA VISTA DO INCRA","PARANÁ","SUPR"
"RS","BOA VISTA DO SUL","PARANÁ","SUPR"
"RS","BOM JESUS","PARANÁ","SUPR"
"RS","BOM PRINCIPIO","PARANÁ","SUPR"
"RS","BOM PROGRESSO","PARANÁ","SUPR"
"RS","BOM RETIRO DO SUL","PARANÁ","SUPR"
"RS","BOQUEIRAO DO LEAO","PARANÁ","SUPR"
"RS","BOSSOROCA","PARANÁ","SUPR"
"RS","BOZANO","PARANÁ","SUPR"
"RS","BRAGA","PARANÁ","SUPR"
"RS","BROCHIER","PARANÁ","SUPR"
"RS","BUTIA","PARANÁ","SUPR"
"RS","CACEQUI","PARANÁ","SUPR"
"RS","CACHOEIRA DO SUL","PARANÁ","SUPR"
"RS","CACHOEIRINHA","PARANÁ","SUPR"
"RS","CACIQUE DOBLE","PARANÁ","SUPR"
"RS","CAIBATE","PARANÁ","SUPR"
"RS","CAICARA","PARANÁ","SUPR"
"RS","CAMARGO","PARANÁ","SUPR"
"RS","CAMBARA DO SUL","PARANÁ","SUPR"
"RS","CAMPESTRE DA SERRA","PARANÁ","SUPR"
"RS","CAMPINA DAS MISSOES","PARANÁ","SUPR"
"RS","CAMPINAS DO SUL","PARANÁ","SUPR"
"RS","CAMPO BOM","PARANÁ","SUPR"
"RS","CAMPO NOVO","PARANÁ","SUPR"
"RS","CAMPOS BORGES","PARANÁ","SUPR"
"RS","CANDELARIA","PARANÁ","SUPR"
"RS","CANDIDO GODOI","PARANÁ","SUPR"
"RS","CANELA","PARANÁ","SUPR"
"RS","CANOAS","PARANÁ","SUPR"
"RS","CANUDOS DO VALE","PARANÁ","SUPR"
"RS","CAPAO BONITO DO SUL","PARANÁ","SUPR"
"RS","CAPAO DA CANOA","PARANÁ","SUPR"
"RS","CAPAO DO CIPO","PARANÁ","SUPR"
"RS","CAPELA DE SANTANA","PARANÁ","SUPR"
"RS","CAPITAO","PARANÁ","SUPR"
"RS","CAPIVARI DO SUL","PARANÁ","SUPR"
"RS","CARAA","PARANÁ","SUPR"
"RS","CARAZINHO","PARANÁ","SUPR"
"RS","CARLOS BARBOSA","PARANÁ","SUPR"
"RS","CARLOS GOMES","PARANÁ","SUPR"
"RS","CASCA","PARANÁ","SUPR"
"RS","CASEIROS","PARANÁ","SUPR"
"RS","CATUIPE","PARANÁ","SUPR"
"RS","CAXIAS DO SUL","PARANÁ","SUPR"
"RS","CENTENARIO","PARANÁ","SUPR"
"RS","CERRO BRANCO","PARANÁ","SUPR"
"RS","CERRO GRANDE","PARANÁ","SUPR"
"RS","CERRO GRANDE DO SUL","PARANÁ","SUPR"
"RS","CERRO LARGO","PARANÁ","SUPR"
"RS","CHAPADA","PARANÁ","SUPR"
"RS","CHARQUEADAS","PARANÁ","SUPR"
"RS","CHARRUA","PARANÁ","SUPR"
"RS","CHIAPETTA","PARANÁ","SUPR"
"RS","CHUVISCA","PARANÁ","SUPR"
"RS","CIDREIRA","PARANÁ","SUPR"
"RS","CIRIACO","PARANÁ","SUPR"
"RS","COLINAS","PARANÁ","SUPR"
"RS","COLORADO","PARANÁ","SUPR"
"RS","CONDOR","PARANÁ","SUPR"
"RS","CONSTANTINA","PARANÁ","SUPR"
"RS","COQUEIRO BAIXO","PARANÁ","SUPR"
"RS","COQUEIROS DO SUL","PARANÁ","SUPR"
"RS","CORONEL BARROS","PARANÁ","SUPR"
"RS","CORONEL BICACO","PARANÁ","SUPR"
"RS","CORONEL PILAR","PARANÁ","SUPR"
"RS","COTIPORA","PARANÁ","SUPR"
"RS","COXILHA","PARANÁ","SUPR"
"RS","CRISSIUMAL","PARANÁ","SUPR"
"RS","CRISTAL DO SUL","PARANÁ","SUPR"
"RS","CRUZ ALTA","PARANÁ","SUPR"
"RS","CRUZALTENSE","PARANÁ","SUPR"
"RS","CRUZEIRO DO SUL","PARANÁ","SUPR"
"RS","DAVID CANABARRO","PARANÁ","SUPR"
"RS","DERRUBADAS","PARANÁ","SUPR"
"RS","DEZESSEIS DE NOVEMBRO","PARANÁ","SUPR"
"RS","DILERMANDO DE AGUIAR","PARANÁ","SUPR"
"RS","DOIS IRMAOS","PARANÁ","SUPR"
"RS","DOIS IRMAOS DAS MISSOES","PARANÁ","SUPR"
"RS","DOIS LAJEADOS","PARANÁ","SUPR"
"RS","DOM PEDRO DE ALCANTARA","PARANÁ","SUPR"
"RS","DONA FRANCISCA","PARANÁ","SUPR"
"RS","DOUTOR MAURICIO CARDOSO","PARANÁ","SUPR"
"RS","DOUTOR RICARDO","PARANÁ","SUPR"
"RS","ELDORADO DO SUL","PARANÁ","SUPR"
"RS","ENCANTADO","PARANÁ","SUPR"
"RS","ENGENHO VELHO","PARANÁ","SUPR"
"RS","ENTRE RIOS DO SUL","PARANÁ","SUPR"
"RS","ENTRE-IJUIS","PARANÁ","SUPR"
"RS","EREBANGO","PARANÁ","SUPR"
"RS","ERECHIM","PARANÁ","SUPR"
"RS","ERNESTINA","PARANÁ","SUPR"
"RS","ERVAL GRANDE","PARANÁ","SUPR"
"RS","ERVAL SECO","PARANÁ","SUPR"
"RS","ESMERALDA","PARANÁ","SUPR"
"RS","ESPERANCA DO SUL","PARANÁ","SUPR"
"RS","ESPUMOSO","PARANÁ","SUPR"
"RS","ESTACAO","PARANÁ","SUPR"
"RS","ESTANCIA VELHA","PARANÁ","SUPR"
"RS","ESTEIO","PARANÁ","SUPR"
"RS","ESTRELA","PARANÁ","SUPR"
"RS","ESTRELA VELHA","PARANÁ","SUPR"
"RS","EUGENIO DE CASTRO","PARANÁ","SUPR"
"RS","FAGUNDES VARELA","PARANÁ","SUPR"
"RS","FARROUPILHA","PARANÁ","SUPR"
"RS","FAXINAL DO SOTURNO","PARANÁ","SUPR"
"RS","FAXINALZINHO","PARANÁ","SUPR"
"RS","FAZENDA VILANOVA","PARANÁ","SUPR"
"RS","FELIZ","PARANÁ","SUPR"
"RS","FLORES DA CUNHA","PARANÁ","SUPR"
"RS","FLORIANO PEIXOTO","PARANÁ","SUPR"
"RS","FONTOURA XAVIER","PARANÁ","SUPR"
"RS","FORMIGUEIRO","PARANÁ","SUPR"
"RS","FORQUETINHA","PARANÁ","SUPR"
"RS","FORTALEZA DOS VALOS","PARANÁ","SUPR"
"RS","FREDERICO WESTPHALEN","PARANÁ","SUPR"
"RS","GARIBALDI","PARANÁ","SUPR"
"RS","GAURAMA","PARANÁ","SUPR"
"RS","GENERAL CAMARA","PARANÁ","SUPR"
"RS","GENTIL","PARANÁ","SUPR"
"RS","GETULIO VARGAS","PARANÁ","SUPR"
"RS","GIRUA","PARANÁ","SUPR"
"RS","GLORINHA","PARANÁ","SUPR"
"RS","GRAMADO","PARANÁ","SUPR"
"RS","GRAMADO DOS LOUREIROS","PARANÁ","SUPR"
"RS","GRAMADO XAVIER","PARANÁ","SUPR"
"RS","GRAVATAI","PARANÁ","SUPR"
"RS","GUABIJU","PARANÁ","SUPR"
"RS","GUAIBA","PARANÁ","SUPR"
"RS","GUAPORE","PARANÁ","SUPR"
"RS","GUARANI DAS MISSOES","PARANÁ","SUPR"
"RS","HARMONIA","PARANÁ","SUPR"
"RS","HERVEIRAS","PARANÁ","SUPR"
"RS","HORIZONTINA","PARANÁ","SUPR"
"RS","HUMAITA","PARANÁ","SUPR"
"RS","IBARAMA","PARANÁ","SUPR"
"RS","IBIACA","PARANÁ","SUPR"
"RS","IBIRAIARAS","PARANÁ","SUPR"
"RS","IBIRAPUITA","PARANÁ","SUPR"
"RS","IBIRUBA","PARANÁ","SUPR"
"RS","IGREJINHA","PARANÁ","SUPR"
"RS","IJUI","PARANÁ","SUPR"
"RS","ILOPOLIS","PARANÁ","SUPR"
"RS","IMBE","PARANÁ","SUPR"
"RS","IMIGRANTE","PARANÁ","SUPR"
"RS","INDEPENDENCIA","PARANÁ","SUPR"
"RS","INHACORA","PARANÁ","SUPR"
"RS","IPE","PARANÁ","SUPR"
"RS","IPIRANGA DO SUL","PARANÁ","SUPR"
"RS","IRAI","PARANÁ","SUPR"
"RS","ITAARA","PARANÁ","SUPR"
"RS","ITACURUBI","PARANÁ","SUPR"
"RS","ITAPUCA","PARANÁ","SUPR"
"RS","ITATI","PARANÁ","SUPR"
"RS","ITATIBA DO SUL","PARANÁ","SUPR"
"RS","IVORA","PARANÁ","SUPR"
"RS","IVOTI","PARANÁ","SUPR"
"RS","JABOTICABA","PARANÁ","SUPR"
"RS","JACUIZINHO","PARANÁ","SUPR"
"RS","JACUTINGA","PARANÁ","SUPR"
"RS","JAGUARI","PARANÁ","SUPR"
"RS","JAQUIRANA","PARANÁ","SUPR"
"RS","JARI","PARANÁ","SUPR"
"RS","JOIA","PARANÁ","SUPR"
"RS","JULIO DE CASTILHOS","PARANÁ","SUPR"
"RS","LAGOA BONITA DO SUL","PARANÁ","SUPR"
"RS","LAGOA DOS TRES CANTOS","PARANÁ","SUPR"
"RS","LAGOA VERMELHA","PARANÁ","SUPR"
"RS","LAGOAO","PARANÁ","SUPR"
"RS","LAJEADO","PARANÁ","SUPR"
"RS","LAJEADO DO BUGRE","PARANÁ","SUPR"
"RS","LIBERATO SALZANO","PARANÁ","SUPR"
"RS","LINDOLFO COLLOR","PARANÁ","SUPR"
"RS","LINHA NOVA","PARANÁ","SUPR"
"RS","MACHADINHO","PARANÁ","SUPR"
"RS","MAMPITUBA","PARANÁ","SUPR"
"RS","MAQUINE","PARANÁ","SUPR"
"RS","MARATA","PARANÁ","SUPR"
"RS","MARAU","PARANÁ","SUPR"
"RS","MARCELINO RAMOS","PARANÁ","SUPR"
"RS","MARIANA PIMENTEL","PARANÁ","SUPR"
"RS","MARIANO MORO","PARANÁ","SUPR"
"RS","MARQUES DE SOUZA","PARANÁ","SUPR"
"RS","MATA","PARANÁ","SUPR"
"RS","MATO CASTELHANO","PARANÁ","SUPR"
"RS","MATO LEITAO","PARANÁ","SUPR"
"RS","MATO QUEIMADO","PARANÁ","SUPR"
"RS","MAXIMILIANO DE ALMEIDA","PARANÁ","SUPR"
"RS","MINAS DO LEAO","PARANÁ","SUPR"
"RS","MIRAGUAI","PARANÁ","SUPR"
"RS","MONTAURI","PARANÁ","SUPR"
"RS","MONTE ALEGRE DOS CAMPOS","PARANÁ","SUPR"
"RS","MONTE BELO DO SUL","PARANÁ","SUPR"
"RS","MONTENEGRO","PARANÁ","SUPR"
"RS","MORMACO","PARANÁ","SUPR"
"RS","MORRINHOS DO SUL","PARANÁ","SUPR"
"RS","MORRO REUTER","PARANÁ","SUPR"
"RS","MOSTARDAS","PARANÁ","SUPR"
"RS","MUCUM","PARANÁ","SUPR"
"RS","MUITOS CAPOES","PARANÁ","SUPR"
"RS","MULITERNO","PARANÁ","SUPR"
"RS","NAO-ME-TOQUE","PARANÁ","SUPR"
"RS","NICOLAU VERGUEIRO","PARANÁ","SUPR"
"RS","NONOAI","PARANÁ","SUPR"
"RS","NOVA ALVORADA","PARANÁ","SUPR"
"RS","NOVA ARACA","PARANÁ","SUPR"
"RS","NOVA BASSANO","PARANÁ","SUPR"
"RS","NOVA BOA VISTA","PARANÁ","SUPR"
"RS","NOVA BRESCIA","PARANÁ","SUPR"
"RS","NOVA CANDELARIA","PARANÁ","SUPR"
"RS","NOVA ESPERANCA DO SUL","PARANÁ","SUPR"
"RS","NOVA HARTZ","PARANÁ","SUPR"
"RS","NOVA PADUA","PARANÁ","SUPR"
"RS","NOVA PALMA","PARANÁ","SUPR"
"RS","NOVA PETROPOLIS","PARANÁ","SUPR"
"RS","NOVA PRATA","PARANÁ","SUPR"
"RS","NOVA RAMADA","PARANÁ","SUPR"
"RS","NOVA ROMA DO SUL","PARANÁ","SUPR"
"RS","NOVA SANTA RITA","PARANÁ","SUPR"
"RS","NOVO BARREIRO","PARANÁ","SUPR"
"RS","NOVO CABRAIS","PARANÁ","SUPR"
"RS","NOVO HAMBURGO","PARANÁ","SUPR"
"RS","NOVO MACHADO","PARANÁ","SUPR"
"RS","NOVO TIRADENTES","PARANÁ","SUPR"
"RS","NOVO XINGU","PARANÁ","SUPR"
"RS","OSORIO","PARANÁ","SUPR"
"RS","PAIM FILHO","PARANÁ","SUPR"
"RS","PALMARES DO SUL","PARANÁ","SUPR"
"RS","PALMEIRA DAS MISSOES","PARANÁ","SUPR"
"RS","PALMITINHO","PARANÁ","SUPR"
"RS","PANAMBI","PARANÁ","SUPR"
"RS","PANTANO GRANDE","PARANÁ","SUPR"
"RS","PARAI","PARANÁ","SUPR"
"RS","PARAISO DO SUL","PARANÁ","SUPR"
"RS","PARECI NOVO","PARANÁ","SUPR"
"RS","PAROBE","PARANÁ","SUPR"
"RS","PASSA SETE","PARANÁ","SUPR"
"RS","PASSO DO SOBRADO","PARANÁ","SUPR"
"RS","PASSO FUNDO","PARANÁ","SUPR"
"RS","PAULO BENTO","PARANÁ","SUPR"
"RS","PAVERAMA","PARANÁ","SUPR"
"RS","PEJUCARA","PARANÁ","SUPR"
"RS","PICADA CAFE","PARANÁ","SUPR"
"RS","PINHAL","PARANÁ","SUPR"
"RS","PINHAL DA SERRA","PARANÁ","SUPR"
"RS","PINHAL GRANDE","PARANÁ","SUPR"
"RS","PINHEIRINHO DO VALE","PARANÁ","SUPR"
"RS","PINTO BANDEIRA","PARANÁ","SUPR"
"RS","PIRAPO","PARANÁ","SUPR"
"RS","PLANALTO","PARANÁ","SUPR"
"RS","POCO DAS ANTAS","PARANÁ","SUPR"
"RS","PONTAO","PARANÁ","SUPR"
"RS","PONTE PRETA","PARANÁ","SUPR"
"RS","PORTAO","PARANÁ","SUPR"
"RS","PORTO ALEGRE","PARANÁ","SUPR"
"RS","PORTO LUCENA","PARANÁ","SUPR"
"RS","PORTO MAUA","PARANÁ","SUPR"
"RS","PORTO VERA CRUZ","PARANÁ","SUPR"
"RS","PORTO XAVIER","PARANÁ","SUPR"
"RS","POUSO NOVO","PARANÁ","SUPR"
"RS","PRESIDENTE LUCENA","PARANÁ","SUPR"
"RS","PROGRESSO","PARANÁ","SUPR"
"RS","PROTASIO ALVES","PARANÁ","SUPR"
"RS","PUTINGA","PARANÁ","SUPR"
"RS","QUATRO IRMAOS","PARANÁ","SUPR"
"RS","QUEVEDOS","PARANÁ","SUPR"
"RS","QUINZE DE NOVEMBRO","PARANÁ","SUPR"
"RS","REDENTORA","PARANÁ","SUPR"
"RS","RELVADO","PARANÁ","SUPR"
"RS","RESTINGA SECA","PARANÁ","SUPR"
"RS","RIO DOS INDIOS","PARANÁ","SUPR"
"RS","RIO PARDO","PARANÁ","SUPR"
"RS","RIOZINHO","PARANÁ","SUPR"
"RS","ROCA SALES","PARANÁ","SUPR"
"RS","RODEIO BONITO","PARANÁ","SUPR"
"RS","ROLADOR","PARANÁ","SUPR"
"RS","ROLANTE","PARANÁ","SUPR"
"RS","RONDA ALTA","PARANÁ","SUPR"
"RS","RONDINHA","PARANÁ","SUPR"
"RS","ROQUE GONZALES","PARANÁ","SUPR"
"RS","SAGRADA FAMILIA","PARANÁ","SUPR"
"RS","SALDANHA MARINHO","PARANÁ","SUPR"
"RS","SALTO DO JACUI","PARANÁ","SUPR"
"RS","SALVADOR DAS MISSOES","PARANÁ","SUPR"
"RS","SALVADOR DO SUL","PARANÁ","SUPR"
"RS","SANANDUVA","PARANÁ","SUPR"
"RS","SANTA BARBARA DO SUL","PARANÁ","SUPR"
"RS","SANTA CECILIA DO SUL","PARANÁ","SUPR"
"RS","SANTA CLARA DO SUL","PARANÁ","SUPR"
"RS","SANTA CRUZ DO SUL","PARANÁ","SUPR"
"RS","SANTA MARIA","PARANÁ","SUPR"
"RS","SANTA MARIA DO HERVAL","PARANÁ","SUPR"
"RS","SANTA ROSA","PARANÁ","SUPR"
"RS","SANTA TEREZA","PARANÁ","SUPR"
"RS","SANTIAGO","PARANÁ","SUPR"
"RS","SANTO ANGELO","PARANÁ","SUPR"
"RS","SANTO ANTONIO DA PATRULHA","PARANÁ","SUPR"
"RS","SANTO ANTONIO DAS MISSOES","PARANÁ","SUPR"
"RS","SANTO ANTONIO DO PALMA","PARANÁ","SUPR"
"RS","SANTO ANTONIO DO PLANALTO","PARANÁ","SUPR"
"RS","SANTO AUGUSTO","PARANÁ","SUPR"
"RS","SANTO CRISTO","PARANÁ","SUPR"
"RS","SANTO EXPEDITO DO SUL","PARANÁ","SUPR"
"RS","SAO DOMINGOS DO SUL","PARANÁ","SUPR"
"RS","SAO FRANCISCO DE PAULA","PARANÁ","SUPR"
"RS","SAO JERONIMO","PARANÁ","SUPR"
"RS","SAO JOAO DA URTIGA","PARANÁ","SUPR"
"RS","SAO JOAO DO POLESINE","PARANÁ","SUPR"
"RS","SAO JORGE","PARANÁ","SUPR"
"RS","SAO JOSE DAS MISSOES","PARANÁ","SUPR"
"RS","SAO JOSE DO HERVAL","PARANÁ","SUPR"
"RS","SAO JOSE DO HORTENCIO","PARANÁ","SUPR"
"RS","SAO JOSE DO INHACORA","PARANÁ","SUPR"
"RS","SAO JOSE DO OURO","PARANÁ","SUPR"
"RS","SAO JOSE DO SUL","PARANÁ","SUPR"
"RS","SAO JOSE DOS AUSENTES","PARANÁ","SUPR"
"RS","SAO LEOPOLDO","PARANÁ","SUPR"
"RS","SAO LUIZ GONZAGA","PARANÁ","SUPR"
"RS","SAO MARCOS","PARANÁ","SUPR"
"RS","SAO MARTINHO","PARANÁ","SUPR"
"RS","SAO MARTINHO DA SERRA","PARANÁ","SUPR"
"RS","SAO MIGUEL DAS MISSOES","PARANÁ","SUPR"
"RS","SAO NICOLAU","PARANÁ","SUPR"
"RS","SAO PAULO DAS MISSOES","PARANÁ","SUPR"
"RS","SAO PEDRO DA SERRA","PARANÁ","SUPR"
"RS","SAO PEDRO DAS MISSOES","PARANÁ","SUPR"
"RS","SAO PEDRO DO BUTIA","PARANÁ","SUPR"
"RS","SAO PEDRO DO SUL","PARANÁ","SUPR"
"RS","SAO SEBASTIAO DO CAI","PARANÁ","SUPR"
"RS","SAO SEPE","PARANÁ","SUPR"
"RS","SAO VALENTIM","PARANÁ","SUPR"
"RS","SAO VALENTIM DO SUL","PARANÁ","SUPR"
"RS","SAO VALERIO DO SUL","PARANÁ","SUPR"
"RS","SAO VENDELINO","PARANÁ","SUPR"
"RS","SAO VICENTE DO SUL","PARANÁ","SUPR"
"RS","SAPIRANGA","PARANÁ","SUPR"
"RS","SAPUCAIA DO SUL","PARANÁ","SUPR"
"RS","SARANDI","PARANÁ","SUPR"
"RS","SEBERI","PARANÁ","SUPR"
"RS","SEDE NOVA","PARANÁ","SUPR"
"RS","SEGREDO","PARANÁ","SUPR"
"RS","SELBACH","PARANÁ","SUPR"
"RS","SENADOR SALGADO FILHO","PARANÁ","SUPR"
"RS","SENTINELA DO SUL","PARANÁ","SUPR"
"RS","SERAFINA CORREA","PARANÁ","SUPR"
"RS","SERIO","PARANÁ","SUPR"
"RS","SERTAO","PARANÁ","SUPR"
"RS","SERTAO SANTANA","PARANÁ","SUPR"
"RS","SETE DE SETEMBRO","PARANÁ","SUPR"
"RS","SEVERIANO DE ALMEIDA","PARANÁ","SUPR"
"RS","SILVEIRA MARTINS","PARANÁ","SUPR"
"RS","SINIMBU","PARANÁ","SUPR"
"RS","SOBRADINHO","PARANÁ","SUPR"
"RS","SOLEDADE","PARANÁ","SUPR"
"RS","TABAI","PARANÁ","SUPR"
"RS","TAPEJARA","PARANÁ","SUPR"
"RS","TAPERA","PARANÁ","SUPR"
"RS","TAPES","PARANÁ","SUPR"
"RS","TAQUARA","PARANÁ","SUPR"
"RS","TAQUARI","PARANÁ","SUPR"
"RS","TAQUARUCU DO SUL","PARANÁ","SUPR"
"RS","TAVARES","PARANÁ","SUPR"
"RS","TENENTE PORTELA","PARANÁ","SUPR"
"RS","TERRA DE AREIA","PARANÁ","SUPR"
"RS","TEUTONIA","PARANÁ","SUPR"
"RS","TIO HUGO","PARANÁ","SUPR"
"RS","TIRADENTES DO SUL","PARANÁ","SUPR"
"RS","TOROPI","PARANÁ","SUPR"
"RS","TORRES","PARANÁ","SUPR"
"RS","TRAMANDAI","PARANÁ","SUPR"
"RS","TRAVESSEIRO","PARANÁ","SUPR"
"RS","TRES ARROIOS","PARANÁ","SUPR"
"RS","TRES CACHOEIRAS","PARANÁ","SUPR"
"RS","TRES COROAS","PARANÁ","SUPR"
"RS","TRES DE MAIO","PARANÁ","SUPR"
"RS","TRES FORQUILHAS","PARANÁ","SUPR"
"RS","TRES PALMEIRAS","PARANÁ","SUPR"
"RS","TRES PASSOS","PARANÁ","SUPR"
"RS","TRINDADE DO SUL","PARANÁ","SUPR"
"RS","TRIUNFO","PARANÁ","SUPR"
"RS","TUCUNDUVA","PARANÁ","SUPR"
"RS","TUNAS","PARANÁ","SUPR"
"RS","TUPANCI DO SUL","PARANÁ","SUPR"
"RS","TUPANCIRETA","PARANÁ","SUPR"
"RS","TUPANDI","PARANÁ","SUPR"
"RS","TUPARENDI","PARANÁ","SUPR"
"RS","UBIRETAMA","PARANÁ","SUPR"
"RS","UNIAO DA SERRA","PARANÁ","SUPR"
"RS","UNISTALDA","PARANÁ","SUPR"
"RS","VACARIA","PARANÁ","SUPR"
"RS","VALE DO SOL","PARANÁ","SUPR"
"RS","VALE REAL","PARANÁ","SUPR"
"RS","VALE VERDE","PARANÁ","SUPR"
"RS","VANINI","PARANÁ","SUPR"
"RS","VENANCIO AIRES","PARANÁ","SUPR"
"RS","VERA CRUZ","PARANÁ","SUPR"
"RS","VERANOPOLIS","PARANÁ","SUPR"
"RS","VESPASIANO CORREA","PARANÁ","SUPR"
"RS","VIADUTOS","PARANÁ","SUPR"
"RS","VIAMAO","PARANÁ","SUPR"
"RS","VICENTE DUTRA","PARANÁ","SUPR"
"RS","VICTOR GRAEFF","PARANÁ","SUPR"
"RS","VILA FLORES","PARANÁ","SUPR"
"RS","VILA LANGARO","PARANÁ","SUPR"
"RS","VILA MARIA","PARANÁ","SUPR"
"RS","VILA NOVA DO SUL","PARANÁ","SUPR"
"RS","VISTA ALEGRE","PARANÁ","SUPR"
"RS","VISTA ALEGRE DO PRATA","PARANÁ","SUPR"
"RS","VISTA GAUCHA","PARANÁ","SUPR"
"RS","VITORIA DAS MISSOES","PARANÁ","SUPR"
"RS","WESTFALIA","PARANÁ","SUPR"
"RS","XANGRI-LA","PARANÁ","SUPR"
"SC","ABDON BATISTA","PARANÁ","SUPR"
"SC","ABELARDO LUZ","PARANÁ","SUPR"
"SC","AGROLANDIA","PARANÁ","SUPR"
"SC","AGRONOMICA","PARANÁ","SUPR"
"SC","AGUA DOCE","PARANÁ","SUPR"
"SC","AGUAS DE CHAPECO","PARANÁ","SUPR"
"SC","AGUAS FRIAS","PARANÁ","SUPR"
"SC","AGUAS MORNAS","PARANÁ","SUPR"
"SC","ALFREDO WAGNER","PARANÁ","SUPR"
"SC","ALTO BELA VISTA","PARANÁ","SUPR"
"SC","ANCHIETA","PARANÁ","SUPR"
"SC","ANGELINA","PARANÁ","SUPR"
"SC","ANITA GARIBALDI","PARANÁ","SUPR"
"SC","ANITAPOLIS","PARANÁ","SUPR"
"SC","ANTONIO CARLOS","PARANÁ","SUPR"
"SC","APIUNA","PARANÁ","SUPR"
"SC","ARABUTA","PARANÁ","SUPR"
"SC","ARAQUARI","PARANÁ","SUPR"
"SC","ARARANGUA","PARANÁ","SUPR"
"SC","ARMAZEM","PARANÁ","SUPR"
"SC","ARROIO TRINTA","PARANÁ","SUPR"
"SC","ARVOREDO","PARANÁ","SUPR"
"SC","ASCURRA","PARANÁ","SUPR"
"SC","ATALANTA","PARANÁ","SUPR"
"SC","AURORA","PARANÁ","SUPR"
"SC","BALNEARIO ARROIO DO SILVA","PARANÁ","SUPR"
"SC","BALNEARIO BARRA DO SUL","PARANÁ","SUPR"
"SC","BALNEARIO CAMBORIU","PARANÁ","SUPR"
"SC","BALNEARIO GAIVOTA","PARANÁ","SUPR"
"SC","BALNEARIO PICARRAS","PARANÁ","SUPR"
"SC","BALNEARIO RINCAO","PARANÁ","SUPR"
"SC","BANDEIRANTE","PARANÁ","SUPR"
"SC","BARRA BONITA","PARANÁ","SUPR"
"SC","BARRA VELHA","PARANÁ","SUPR"
"SC","BELA VISTA DO TOLDO","PARANÁ","SUPR"
"SC","BELMONTE","PARANÁ","SUPR"
"SC","BENEDITO NOVO","PARANÁ","SUPR"
"SC","BIGUACU","PARANÁ","SUPR"
"SC","BLUMENAU","PARANÁ","SUPR"
"SC","BOCAINA DO SUL","PARANÁ","SUPR"
"SC","BOM JARDIM DA SERRA","PARANÁ","SUPR"
"SC","BOM JESUS","PARANÁ","SUPR"
"SC","BOM JESUS DO OESTE","PARANÁ","SUPR"
"SC","BOM RETIRO","PARANÁ","SUPR"
"SC","BOMBINHAS","PARANÁ","SUPR"
"SC","BOTUVERA","PARANÁ","SUPR"
"SC","BRACO DO NORTE","PARANÁ","SUPR"
"SC","BRACO DO TROMBUDO","PARANÁ","SUPR"
"SC","BRUNOPOLIS","PARANÁ","SUPR"
"SC","BRUSQUE","PARANÁ","SUPR"
"SC","CACADOR","PARANÁ","SUPR"
"SC","CAIBI","PARANÁ","SUPR"
"SC","CALMON","PARANÁ","SUPR"
"SC","CAMBORIU","PARANÁ","SUPR"
"SC","CAMPO ALEGRE","PARANÁ","SUPR"
"SC","CAMPO BELO DO SUL","PARANÁ","SUPR"
"SC","CAMPO ERE","PARANÁ","SUPR"
"SC","CAMPOS NOVOS","PARANÁ","SUPR"
"SC","CANELINHA","PARANÁ","SUPR"
"SC","CANOINHAS","PARANÁ","SUPR"
"SC","CAPAO ALTO","PARANÁ","SUPR"
"SC","CAPINZAL","PARANÁ","SUPR"
"SC","CAPIVARI DE BAIXO","PARANÁ","SUPR"
"SC","CATANDUVAS","PARANÁ","SUPR"
"SC","CAXAMBU DO SUL","PARANÁ","SUPR"
"SC","CELSO RAMOS","PARANÁ","SUPR"
"SC","CERRO NEGRO","PARANÁ","SUPR"
"SC","CHAPADAO DO LAGEADO","PARANÁ","SUPR"
"SC","CHAPECO","PARANÁ","SUPR"
"SC","COCAL DO SUL","PARANÁ","SUPR"
"SC","CONCORDIA","PARANÁ","SUPR"
"SC","CORDILHEIRA ALTA","PARANÁ","SUPR"
"SC","CORONEL FREITAS","PARANÁ","SUPR"
"SC","CORONEL MARTINS","PARANÁ","SUPR"
"SC","CORREIA PINTO","PARANÁ","SUPR"
"SC","CORUPA","PARANÁ","SUPR"
"SC","CRICIUMA","PARANÁ","SUPR"
"SC","CUNHA PORA","PARANÁ","SUPR"
"SC","CUNHATAI","PARANÁ","SUPR"
"SC","CURITIBANOS","PARANÁ","SUPR"
"SC","DESCANSO","PARANÁ","SUPR"
"SC","DIONISIO CERQUEIRA","PARANÁ","SUPR"
"SC","DONA EMMA","PARANÁ","SUPR"
"SC","DOUTOR PEDRINHO","PARANÁ","SUPR"
"SC","ENTRE RIOS","PARANÁ","SUPR"
"SC","ERMO","PARANÁ","SUPR"
"SC","ERVAL VELHO","PARANÁ","SUPR"
"SC","FAXINAL DOS GUEDES","PARANÁ","SUPR"
"SC","FLOR DO SERTAO","PARANÁ","SUPR"
"SC","FLORIANOPOLIS","PARANÁ","SUPR"
"SC","FORMOSA DO SUL","PARANÁ","SUPR"
"SC","FORQUILHINHA","PARANÁ","SUPR"
"SC","FRAIBURGO","PARANÁ","SUPR"
"SC","FREI ROGERIO","PARANÁ","SUPR"
"SC","GALVAO","PARANÁ","SUPR"
"SC","GAROPABA","PARANÁ","SUPR"
"SC","GARUVA","PARANÁ","SUPR"
"SC","GASPAR","PARANÁ","SUPR"
"SC","GOVERNADOR CELSO RAMOS","PARANÁ","SUPR"
"SC","GRAO PARA","PARANÁ","SUPR"
"SC","GRAVATAL","PARANÁ","SUPR"
"SC","GUABIRUBA","PARANÁ","SUPR"
"SC","GUARACIABA","PARANÁ","SUPR"
"SC","GUARAMIRIM","PARANÁ","SUPR"
"SC","GUARUJA DO SUL","PARANÁ","SUPR"
"SC","GUATAMBU","PARANÁ","SUPR"
"SC","HERVAL D'OESTE","PARANÁ","SUPR"
"SC","IBIAM","PARANÁ","SUPR"
"SC","IBICARE","PARANÁ","SUPR"
"SC","IBIRAMA","PARANÁ","SUPR"
"SC","ICARA","PARANÁ","SUPR"
"SC","ILHOTA","PARANÁ","SUPR"
"SC","IMARUI","PARANÁ","SUPR"
"SC","IMBITUBA","PARANÁ","SUPR"
"SC","IMBUIA","PARANÁ","SUPR"
"SC","INDAIAL","PARANÁ","SUPR"
"SC","IOMERE","PARANÁ","SUPR"
"SC","IPIRA","PARANÁ","SUPR"
"SC","IPORA DO OESTE","PARANÁ","SUPR"
"SC","IPUACU","PARANÁ","SUPR"
"SC","IPUMIRIM","PARANÁ","SUPR"
"SC","IRACEMINHA","PARANÁ","SUPR"
"SC","IRANI","PARANÁ","SUPR"
"SC","IRATI","PARANÁ","SUPR"
"SC","IRINEOPOLIS","PARANÁ","SUPR"
"SC","ITA","PARANÁ","SUPR"
"SC","ITAIOPOLIS","PARANÁ","SUPR"
"SC","ITAJAI","PARANÁ","SUPR"
"SC","ITAPEMA","PARANÁ","SUPR"
"SC","ITAPIRANGA","PARANÁ","SUPR"
"SC","ITAPOA","PARANÁ","SUPR"
"SC","ITUPORANGA","PARANÁ","SUPR"
"SC","JABORA","PARANÁ","SUPR"
"SC","JACINTO MACHADO","PARANÁ","SUPR"
"SC","JAGUARUNA","PARANÁ","SUPR"
"SC","JARAGUA DO SUL","PARANÁ","SUPR"
"SC","JARDINOPOLIS","PARANÁ","SUPR"
"SC","JOACABA","PARANÁ","SUPR"
"SC","JOINVILLE","PARANÁ","SUPR"
"SC","JOSE BOITEUX","PARANÁ","SUPR"
"SC","JUPIA","PARANÁ","SUPR"
"SC","LACERDOPOLIS","PARANÁ","SUPR"
"SC","LAGES","PARANÁ","SUPR"
"SC","LAGUNA","PARANÁ","SUPR"
"SC","LAJEADO GRANDE","PARANÁ","SUPR"
"SC","LAURENTINO","PARANÁ","SUPR"
"SC","LAURO MULLER","PARANÁ","SUPR"
"SC","LEBON REGIS","PARANÁ","SUPR"
"SC","LEOBERTO LEAL","PARANÁ","SUPR"
"SC","LINDOIA DO SUL","PARANÁ","SUPR"
"SC","LONTRAS","PARANÁ","SUPR"
"SC","LUIZ ALVES","PARANÁ","SUPR"
"SC","LUZERNA","PARANÁ","SUPR"
"SC","MACIEIRA","PARANÁ","SUPR"
"SC","MAFRA","PARANÁ","SUPR"
"SC","MAJOR GERCINO","PARANÁ","SUPR"
"SC","MAJOR VIEIRA","PARANÁ","SUPR"
"SC","MARACAJA","PARANÁ","SUPR"
"SC","MARAVILHA","PARANÁ","SUPR"
"SC","MAREMA","PARANÁ","SUPR"
"SC","MASSARANDUBA","PARANÁ","SUPR"
"SC","MATOS COSTA","PARANÁ","SUPR"
"SC","MELEIRO","PARANÁ","SUPR"
"SC","MIRIM DOCE","PARANÁ","SUPR"
"SC","MODELO","PARANÁ","SUPR"
"SC","MONDAI","PARANÁ","SUPR"
"SC","MONTE CARLO","PARANÁ","SUPR"
"SC","MONTE CASTELO","PARANÁ","SUPR"
"SC","MORRO DA FUMACA","PARANÁ","SUPR"
"SC","MORRO GRANDE","PARANÁ","SUPR"
"SC","NAVEGANTES","PARANÁ","SUPR"
"SC","NOVA ERECHIM","PARANÁ","SUPR"
"SC","NOVA ITABERABA","PARANÁ","SUPR"
"SC","NOVA TRENTO","PARANÁ","SUPR"
"SC","NOVA VENEZA","PARANÁ","SUPR"
"SC","NOVO HORIZONTE","PARANÁ","SUPR"
"SC","ORLEANS","PARANÁ","SUPR"
"SC","OTACILIO COSTA","PARANÁ","SUPR"
"SC","OURO","PARANÁ","SUPR"
"SC","OURO VERDE","PARANÁ","SUPR"
"SC","PAIAL","PARANÁ","SUPR"
"SC","PAINEL","PARANÁ","SUPR"
"SC","PALHOCA","PARANÁ","SUPR"
"SC","PALMA SOLA","PARANÁ","SUPR"
"SC","PALMEIRA","PARANÁ","SUPR"
"SC","PALMITOS","PARANÁ","SUPR"
"SC","PAPANDUVA","PARANÁ","SUPR"
"SC","PARAISO","PARANÁ","SUPR"
"SC","PASSO DE TORRES","PARANÁ","SUPR"
"SC","PASSOS MAIA","PARANÁ","SUPR"
"SC","PAULO LOPES","PARANÁ","SUPR"
"SC","PEDRAS GRANDES","PARANÁ","SUPR"
"SC","PENHA","PARANÁ","SUPR"
"SC","PERITIBA","PARANÁ","SUPR"
"SC","PESCARIA BRAVA","PARANÁ","SUPR"
"SC","PETROLANDIA","PARANÁ","SUPR"
"SC","PINHALZINHO","PARANÁ","SUPR"
"SC","PINHEIRO PRETO","PARANÁ","SUPR"
"SC","PIRATUBA","PARANÁ","SUPR"
"SC","PLANALTO ALEGRE","PARANÁ","SUPR"
"SC","POMERODE","PARANÁ","SUPR"
"SC","PONTE ALTA","PARANÁ","SUPR"
"SC","PONTE ALTA DO NORTE","PARANÁ","SUPR"
"SC","PONTE SERRADA","PARANÁ","SUPR"
"SC","PORTO BELO","PARANÁ","SUPR"
"SC","PORTO UNIAO","PARANÁ","SUPR"
"SC","POUSO REDONDO","PARANÁ","SUPR"
"SC","PRAIA GRANDE","PARANÁ","SUPR"
"SC","PRESIDENTE CASTELLO BRANCO","PARANÁ","SUPR"
"SC","PRESIDENTE GETULIO","PARANÁ","SUPR"
"SC","PRESIDENTE NEREU","PARANÁ","SUPR"
"SC","PRINCESA","PARANÁ","SUPR"
"SC","QUILOMBO","PARANÁ","SUPR"
"SC","RANCHO QUEIMADO","PARANÁ","SUPR"
"SC","RIO DAS ANTAS","PARANÁ","SUPR"
"SC","RIO DO CAMPO","PARANÁ","SUPR"
"SC","RIO DO OESTE","PARANÁ","SUPR"
"SC","RIO DO SUL","PARANÁ","SUPR"
"SC","RIO DOS CEDROS","PARANÁ","SUPR"
"SC","RIO FORTUNA","PARANÁ","SUPR"
"SC","RIO NEGRINHO","PARANÁ","SUPR"
"SC","RIO RUFINO","PARANÁ","SUPR"
"SC","RIQUEZA","PARANÁ","SUPR"
"SC","RODEIO","PARANÁ","SUPR"
"SC","ROMELANDIA","PARANÁ","SUPR"
"SC","SALETE","PARANÁ","SUPR"
"SC","SALTINHO","PARANÁ","SUPR"
"SC","SALTO VELOSO","PARANÁ","SUPR"
"SC","SANGAO","PARANÁ","SUPR"
"SC","SANTA CECILIA","PARANÁ","SUPR"
"SC","SANTA HELENA","PARANÁ","SUPR"
"SC","SANTA ROSA DE LIMA","PARANÁ","SUPR"
"SC","SANTA ROSA DO SUL","PARANÁ","SUPR"
"SC","SANTA TEREZINHA","PARANÁ","SUPR"
"SC","SANTA TEREZINHA DO PROGRESSO","PARANÁ","SUPR"
"SC","SANTIAGO DO SUL","PARANÁ","SUPR"
"SC","SANTO AMARO DA IMPERATRIZ","PARANÁ","SUPR"
"SC","SAO BENTO DO SUL","PARANÁ","SUPR"
"SC","SAO BERNARDINO","PARANÁ","SUPR"
"SC","SAO BONIFACIO","PARANÁ","SUPR"
"SC","SAO CARLOS","PARANÁ","SUPR"
"SC","SAO CRISTOVAO DO SUL","PARANÁ","SUPR"
"SC","SAO DOMINGOS","PARANÁ","SUPR"
"SC","SAO FRANCISCO DO SUL","PARANÁ","SUPR"
"SC","SAO JOAO BATISTA","PARANÁ","SUPR"
"SC","SAO JOAO DO ITAPERIU","PARANÁ","SUPR"
"SC","SAO JOAO DO OESTE","PARANÁ","SUPR"
"SC","SAO JOAO DO SUL","PARANÁ","SUPR"
"SC","SAO JOAQUIM","PARANÁ","SUPR"
"SC","SAO JOSE","PARANÁ","SUPR"
"SC","SAO JOSE DO CEDRO","PARANÁ","SUPR"
"SC","SAO JOSE DO CERRITO","PARANÁ","SUPR"
"SC","SAO LOURENCO DO OESTE","PARANÁ","SUPR"
"SC","SAO LUDGERO","PARANÁ","SUPR"
"SC","SAO MARTINHO","PARANÁ","SUPR"
"SC","SAO MIGUEL DA BOA VISTA","PARANÁ","SUPR"
"SC","SAO MIGUEL DO OESTE","PARANÁ","SUPR"
"SC","SAO PEDRO DE ALCANTARA","PARANÁ","SUPR"
"SC","SAUDADES","PARANÁ","SUPR"
"SC","SCHROEDER","PARANÁ","SUPR"
"SC","SEARA","PARANÁ","SUPR"
"SC","SERRA ALTA","PARANÁ","SUPR"
"SC","SIDEROPOLIS","PARANÁ","SUPR"
"SC","SOMBRIO","PARANÁ","SUPR"
"SC","SUL BRASIL","PARANÁ","SUPR"
"SC","TAIO","PARANÁ","SUPR"
"SC","TANGARA","PARANÁ","SUPR"
"SC","TIGRINHOS","PARANÁ","SUPR"
"SC","TIJUCAS","PARANÁ","SUPR"
"SC","TIMBE DO SUL","PARANÁ","SUPR"
"SC","TIMBO","PARANÁ","SUPR"
"SC","TIMBO GRANDE","PARANÁ","SUPR"
"SC","TRES BARRAS","PARANÁ","SUPR"
"SC","TREVISO","PARANÁ","SUPR"
"SC","TREZE DE MAIO","PARANÁ","SUPR"
"SC","TREZE TILIAS","PARANÁ","SUPR"
"SC","TROMBUDO CENTRAL","PARANÁ","SUPR"
"SC","TUBARAO","PARANÁ","SUPR"
"SC","TUNAPOLIS","PARANÁ","SUPR"
"SC","TURVO","PARANÁ","SUPR"
"SC","UNIAO DO OESTE","PARANÁ","SUPR"
"SC","URUBICI","PARANÁ","SUPR"
"SC","URUPEMA","PARANÁ","SUPR"
"SC","URUSSANGA","PARANÁ","SUPR"
"SC","VARGEAO","PARANÁ","SUPR"
"SC","VARGEM","PARANÁ","SUPR"
"SC","VARGEM BONITA","PARANÁ","SUPR"
"SC","VIDAL RAMOS","PARANÁ","SUPR"
"SC","VIDEIRA","PARANÁ","SUPR"
"SC","VITOR MEIRELES","PARANÁ","SUPR"
"SC","WITMARSUM","PARANÁ","SUPR"
"SC","XANXERE","PARANÁ","SUPR"
"SC","XAVANTINA","PARANÁ","SUPR"
"SC","XAXIM","PARANÁ","SUPR"
"SC","ZORTEA","PARANÁ","SUPR"
"SE","AMPARO DE SAO FRANCISCO","BAHIA","SUBA"
"SE","AQUIDABA","BAHIA","SUBA"
"SE","ARACAJU","BAHIA","SUBA"
"SE","ARAUA","BAHIA","SUBA"
"SE","AREIA BRANCA","BAHIA","SUBA"
"SE","BARRA DOS COQUEIROS","BAHIA","SUBA"
"SE","BOQUIM","BAHIA","SUBA"
"SE","BREJO GRANDE","BAHIA","SUBA"
"SE","CAMPO DO BRITO","BAHIA","SUBA"
"SE","CANHOBA","BAHIA","SUBA"
"SE","CANINDE DE SAO FRANCISCO","BAHIA","SUBA"
"SE","CAPELA","BAHIA","SUBA"
"SE","CARIRA","BAHIA","SUBA"
"SE","CARMOPOLIS","BAHIA","SUBA"
"SE","CEDRO DE SAO JOAO","BAHIA","SUBA"
"SE","CRISTINAPOLIS","BAHIA","SUBA"
"SE","CUMBE","BAHIA","SUBA"
"SE","DIVINA PASTORA","BAHIA","SUBA"
"SE","ESTANCIA","BAHIA","SUBA"
"SE","FEIRA NOVA","BAHIA","SUBA"
"SE","FREI PAULO","BAHIA","SUBA"
"SE","GARARU","BAHIA","SUBA"
"SE","GENERAL MAYNARD","BAHIA","SUBA"
"SE","GRACCHO CARDOSO","BAHIA","SUBA"
"SE","ILHA DAS FLORES","BAHIA","SUBA"
"SE","INDIAROBA","BAHIA","SUBA"
"SE","ITABAIANA","BAHIA","SUBA"
"SE","ITABAIANINHA","BAHIA","SUBA"
"SE","ITABI","BAHIA","SUBA"
"SE","ITAPORANGA D'AJUDA","BAHIA","SUBA"
"SE","JAPARATUBA","BAHIA","SUBA"
"SE","JAPOATA","BAHIA","SUBA"
"SE","LAGARTO","BAHIA","SUBA"
"SE","LARANJEIRAS","BAHIA","SUBA"
"SE","MACAMBIRA","BAHIA","SUBA"
"SE","MALHADA DOS BOIS","BAHIA","SUBA"
"SE","MALHADOR","BAHIA","SUBA"
"SE","MARUIM","BAHIA","SUBA"
"SE","MOITA BONITA","BAHIA","SUBA"
"SE","MONTE ALEGRE DE SERGIPE","BAHIA","SUBA"
"SE","MURIBECA","BAHIA","SUBA"
"SE","NEOPOLIS","BAHIA","SUBA"
"SE","NOSSA SENHORA APARECIDA","BAHIA","SUBA"
"SE","NOSSA SENHORA DA GLORIA","BAHIA","SUBA"
"SE","NOSSA SENHORA DAS DORES","BAHIA","SUBA"
"SE","NOSSA SENHORA DE LOURDES","BAHIA","SUBA"
"SE","NOSSA SENHORA DO SOCORRO","BAHIA","SUBA"
"SE","PACATUBA","BAHIA","SUBA"
"SE","PEDRA MOLE","BAHIA","SUBA"
"SE","PEDRINHAS","BAHIA","SUBA"
"SE","PINHAO","BAHIA","SUBA"
"SE","PIRAMBU","BAHIA","SUBA"
"SE","POCO REDONDO","BAHIA","SUBA"
"SE","POCO VERDE","BAHIA","SUBA"
"SE","PORTO DA FOLHA","BAHIA","SUBA"
"SE","PROPRIA","BAHIA","SUBA"
"SE","RIACHAO DO DANTAS","BAHIA","SUBA"
"SE","RIACHUELO","BAHIA","SUBA"
"SE","RIBEIROPOLIS","BAHIA","SUBA"
"SE","ROSARIO DO CATETE","BAHIA","SUBA"
"SE","SALGADO","BAHIA","SUBA"
"SE","SANTA LUZIA DO ITANHY","BAHIA","SUBA"
"SE","SANTA ROSA DE LIMA","BAHIA","SUBA"
"SE","SANTANA DO SAO FRANCISCO","BAHIA","SUBA"
"SE","SANTO AMARO DAS BROTAS","BAHIA","SUBA"
"SE","SAO CRISTOVAO","BAHIA","SUBA"
"SE","SAO DOMINGOS","BAHIA","SUBA"
"SE","SAO FRANCISCO","BAHIA","SUBA"
"SE","SAO MIGUEL DO ALEIXO","BAHIA","SUBA"
"SE","SIMAO DIAS","BAHIA","SUBA"
"SE","SIRIRI","BAHIA","SUBA"
"SE","TELHA","BAHIA","SUBA"
"SE","TOBIAS BARRETO","BAHIA","SUBA"
"SE","TOMAR DO GERU","BAHIA","SUBA"
"SE","UMBAUBA","BAHIA","SUBA"
"SP","AGUAI","SÃO PAULO","SUSP"
"SP","AGUAS DA PRATA","SÃO PAULO","SUSP"
"SP","AGUAS DE LINDOIA","SÃO PAULO","SUSP"
"SP","AGUAS DE SANTA BARBARA","SÃO PAULO","SUSP"
"SP","AGUAS DE SAO PEDRO","SÃO PAULO","SUSP"
"SP","AGUDOS","SÃO PAULO","SUSP"
"SP","ALAMBARI","SÃO PAULO","SUSP"
"SP","ALTINOPOLIS","SÃO PAULO","SUSP"
"SP","ALUMINIO","SÃO PAULO","SUSP"
"SP","ALVARO DE CARVALHO","SÃO PAULO","SUSP"
"SP","ALVINLANDIA","SÃO PAULO","SUSP"
"SP","AMERICANA","SÃO PAULO","SUSP"
"SP","AMPARO","SÃO PAULO","SUSP"
"SP","ANGATUBA","SÃO PAULO","SUSP"
"SP","ANHEMBI","SÃO PAULO","SUSP"
"SP","APIAI","SÃO PAULO","SUSP"
"SP","ARACARIGUAMA","SÃO PAULO","SUSP"
"SP","ARACOIABA DA SERRA","SÃO PAULO","SUSP"
"SP","ARAMINA","SÃO PAULO","SUSP"
"SP","ARANDU","SÃO PAULO","SUSP"
"SP","AREALVA","SÃO PAULO","SUSP"
"SP","AREIOPOLIS","SÃO PAULO","SUSP"
"SP","ARTUR NOGUEIRA","SÃO PAULO","SUSP"
"SP","ARUJA","SÃO PAULO","SUSP"
"SP","ASSIS","SÃO PAULO","SUSP"
"SP","ATIBAIA","SÃO PAULO","SUSP"
"SP","AVAI","SÃO PAULO","SUSP"
"SP","AVARE","SÃO PAULO","SUSP"
"SP","BALBINOS","SÃO PAULO","SUSP"
"SP","BARAO DE ANTONINA","SÃO PAULO","SUSP"
"SP","BARIRI","SÃO PAULO","SUSP"
"SP","BARRA BONITA","SÃO PAULO","SUSP"
"SP","BARRA DO CHAPEU","SÃO PAULO","SUSP"
"SP","BARRA DO TURVO","SÃO PAULO","SUSP"
"SP","BARRETOS","SÃO PAULO","SUSP"
"SP","BARUERI","SÃO PAULO","SUSP"
"SP","BATATAIS","SÃO PAULO","SUSP"
"SP","BAURU","SÃO PAULO","SUSP"
"SP","BERNARDINO DE CAMPOS","SÃO PAULO","SUSP"
"SP","BERTIOGA","SÃO PAULO","SUSP"
"SP","BIRITIBA MIRIM","SÃO PAULO","SUSP"
"SP","BOCAINA","SÃO PAULO","SUSP"
"SP","BOFETE","SÃO PAULO","SUSP"
"SP","BOITUVA","SÃO PAULO","SUSP"
"SP","BOM JESUS DOS PERDOES","SÃO PAULO","SUSP"
"SP","BOM SUCESSO DE ITARARE","SÃO PAULO","SUSP"
"SP","BORACEIA","SÃO PAULO","SUSP"
"SP","BOREBI","SÃO PAULO","SUSP"
"SP","BOTUCATU","SÃO PAULO","SUSP"
"SP","BRAGANCA PAULISTA","SÃO PAULO","SUSP"
"SP","BRODOWSKI","SÃO PAULO","SUSP"
"SP","BURI","SÃO PAULO","SUSP"
"SP","BURITIZAL","SÃO PAULO","SUSP"
"SP","CABRALIA PAULISTA","SÃO PAULO","SUSP"
"SP","CABREUVA","SÃO PAULO","SUSP"
"SP","CACONDE","SÃO PAULO","SUSP"
"SP","CAFELANDIA","SÃO PAULO","SUSP"
"SP","CAIEIRAS","SÃO PAULO","SUSP"
"SP","CAJAMAR","SÃO PAULO","SUSP"
"SP","CAJATI","SÃO PAULO","SUSP"
"SP","CAJURU","SÃO PAULO","SUSP"
"SP","CAMPINA DO MONTE ALEGRE","SÃO PAULO","SUSP"
"SP","CAMPINAS","SÃO PAULO","SUSP"
"SP","CAMPO LIMPO PAULISTA","SÃO PAULO","SUSP"
"SP","CAMPOS NOVOS PAULISTA","SÃO PAULO","SUSP"
"SP","CANANEIA","SÃO PAULO","SUSP"
"SP","CANDIDO MOTA","SÃO PAULO","SUSP"
"SP","CANITAR","SÃO PAULO","SUSP"
"SP","CAPAO BONITO","SÃO PAULO","SUSP"
"SP","CAPELA DO ALTO","SÃO PAULO","SUSP"
"SP","CAPIVARI","SÃO PAULO","SUSP"
"SP","CARAGUATATUBA","SÃO PAULO","SUSP"
"SP","CARAPICUIBA","SÃO PAULO","SUSP"
"SP","CASA BRANCA","SÃO PAULO","SUSP"
"SP","CASSIA DOS COQUEIROS","SÃO PAULO","SUSP"
"SP","CERQUEIRA CESAR","SÃO PAULO","SUSP"
"SP","CERQUILHO","SÃO PAULO","SUSP"
"SP","CESARIO LANGE","SÃO PAULO","SUSP"
"SP","CHARQUEADA","SÃO PAULO","SUSP"
"SP","CHAVANTES","SÃO PAULO","SUSP"
"SP","COLINA","SÃO PAULO","SUSP"
"SP","COLOMBIA","SÃO PAULO","SUSP"
"SP","CONCHAL","SÃO PAULO","SUSP"
"SP","CONCHAS","SÃO PAULO","SUSP"
"SP","CORDEIROPOLIS","SÃO PAULO","SUSP"
"SP","CORONEL MACEDO","SÃO PAULO","SUSP"
"SP","COSMOPOLIS","SÃO PAULO","SUSP"
"SP","COTIA","SÃO PAULO","SUSP"
"SP","CRAVINHOS","SÃO PAULO","SUSP"
"SP","CRISTAIS PAULISTA","SÃO PAULO","SUSP"
"SP","CRUZALIA","SÃO PAULO","SUSP"
"SP","CUBATAO","SÃO PAULO","SUSP"
"SP","DIADEMA","SÃO PAULO","SUSP"
"SP","DIVINOLANDIA","SÃO PAULO","SUSP"
"SP","DOIS CORREGOS","SÃO PAULO","SUSP"
"SP","DUARTINA","SÃO PAULO","SUSP"
"SP","DUMONT","SÃO PAULO","SUSP"
"SP","ECHAPORA","SÃO PAULO","SUSP"
"SP","ELDORADO","SÃO PAULO","SUSP"
"SP","ELIAS FAUSTO","SÃO PAULO","SUSP"
"SP","EMBU DAS ARTES","SÃO PAULO","SUSP"
"SP","EMBU-GUACU","SÃO PAULO","SUSP"
"SP","ENGENHEIRO COELHO","SÃO PAULO","SUSP"
"SP","ESPIRITO SANTO DO PINHAL","SÃO PAULO","SUSP"
"SP","ESPIRITO SANTO DO TURVO","SÃO PAULO","SUSP"
"SP","ESTIVA GERBI","SÃO PAULO","SUSP"
"SP","FARTURA","SÃO PAULO","SUSP"
"SP","FERNAO","SÃO PAULO","SUSP"
"SP","FERRAZ DE VASCONCELOS","SÃO PAULO","SUSP"
"SP","FLORINEA","SÃO PAULO","SUSP"
"SP","FRANCA","SÃO PAULO","SUSP"
"SP","FRANCISCO MORATO","SÃO PAULO","SUSP"
"SP","FRANCO DA ROCHA","SÃO PAULO","SUSP"
"SP","GALIA","SÃO PAULO","SUSP"
"SP","GARCA","SÃO PAULO","SUSP"
"SP","GETULINA","SÃO PAULO","SUSP"
"SP","GUAIMBE","SÃO PAULO","SUSP"
"SP","GUAIRA","SÃO PAULO","SUSP"
"SP","GUAPIARA","SÃO PAULO","SUSP"
"SP","GUARA","SÃO PAULO","SUSP"
"SP","GUARANTA","SÃO PAULO","SUSP"
"SP","GUARAREMA","SÃO PAULO","SUSP"
"SP","GUAREI","SÃO PAULO","SUSP"
"SP","GUARUJA","SÃO PAULO","SUSP"
"SP","GUARULHOS","SÃO PAULO","SUSP"
"SP","HOLAMBRA","SÃO PAULO","SUSP"
"SP","HORTOLANDIA","SÃO PAULO","SUSP"
"SP","IACANGA","SÃO PAULO","SUSP"
"SP","IARAS","SÃO PAULO","SUSP"
"SP","IBIRAREMA","SÃO PAULO","SUSP"
"SP","IBITINGA","SÃO PAULO","SUSP"
"SP","IBIUNA","SÃO PAULO","SUSP"
"SP","IGARACU DO TIETE","SÃO PAULO","SUSP"
"SP","IGARAPAVA","SÃO PAULO","SUSP"
"SP","IGARATA","SÃO PAULO","SUSP"
"SP","IGUAPE","SÃO PAULO","SUSP"
"SP","ILHA COMPRIDA","SÃO PAULO","SUSP"
"SP","ILHABELA","SÃO PAULO","SUSP"
"SP","INDAIATUBA","SÃO PAULO","SUSP"
"SP","IPAUSSU","SÃO PAULO","SUSP"
"SP","IPERO","SÃO PAULO","SUSP"
"SP","IPORANGA","SÃO PAULO","SUSP"
"SP","IPUA","SÃO PAULO","SUSP"
"SP","IRACEMAPOLIS","SÃO PAULO","SUSP"
"SP","ITABERA","SÃO PAULO","SUSP"
"SP","ITAI","SÃO PAULO","SUSP"
"SP","ITAJU","SÃO PAULO","SUSP"
"SP","ITANHAEM","SÃO PAULO","SUSP"
"SP","ITAOCA","SÃO PAULO","SUSP"
"SP","ITAPECERICA DA SERRA","SÃO PAULO","SUSP"
"SP","ITAPETININGA","SÃO PAULO","SUSP"
"SP","ITAPEVA","SÃO PAULO","SUSP"
"SP","ITAPEVI","SÃO PAULO","SUSP"
"SP","ITAPIRA","SÃO PAULO","SUSP"
"SP","ITAPIRAPUA PAULISTA","SÃO PAULO","SUSP"
"SP","ITAPORANGA","SÃO PAULO","SUSP"
"SP","ITAPUI","SÃO PAULO","SUSP"
"SP","ITAQUAQUECETUBA","SÃO PAULO","SUSP"
"SP","ITARARE","SÃO PAULO","SUSP"
"SP","ITARIRI","SÃO PAULO","SUSP"
"SP","ITATIBA","SÃO PAULO","SUSP"
"SP","ITATINGA","SÃO PAULO","SUSP"
"SP","ITIRAPUA","SÃO PAULO","SUSP"
"SP","ITOBI","SÃO PAULO","SUSP"
"SP","ITU","SÃO PAULO","SUSP"
"SP","ITUPEVA","SÃO PAULO","SUSP"
"SP","ITUVERAVA","SÃO PAULO","SUSP"
"SP","JABORANDI","SÃO PAULO","SUSP"
"SP","JACUPIRANGA","SÃO PAULO","SUSP"
"SP","JAGUARIUNA","SÃO PAULO","SUSP"
"SP","JANDIRA","SÃO PAULO","SUSP"
"SP","JARDINOPOLIS","SÃO PAULO","SUSP"
"SP","JARINU","SÃO PAULO","SUSP"
"SP","JAU","SÃO PAULO","SUSP"
"SP","JERIQUARA","SÃO PAULO","SUSP"
"SP","JOANOPOLIS","SÃO PAULO","SUSP"
"SP","JULIO MESQUITA","SÃO PAULO","SUSP"
"SP","JUMIRIM","SÃO PAULO","SUSP"
"SP","JUNDIAI","SÃO PAULO","SUSP"
"SP","JUQUIA","SÃO PAULO","SUSP"
"SP","JUQUITIBA","SÃO PAULO","SUSP"
"SP","LARANJAL PAULISTA","SÃO PAULO","SUSP"
"SP","LENCOIS PAULISTA","SÃO PAULO","SUSP"
"SP","LIMEIRA","SÃO PAULO","SUSP"
"SP","LINDOIA","SÃO PAULO","SUSP"
"SP","LINS","SÃO PAULO","SUSP"
"SP","LOUVEIRA","SÃO PAULO","SUSP"
"SP","LUCIANOPOLIS","SÃO PAULO","SUSP"
"SP","LUPERCIO","SÃO PAULO","SUSP"
"SP","LUTECIA","SÃO PAULO","SUSP"
"SP","MACATUBA","SÃO PAULO","SUSP"
"SP","MAIRINQUE","SÃO PAULO","SUSP"
"SP","MAIRIPORA","SÃO PAULO","SUSP"
"SP","MANDURI","SÃO PAULO","SUSP"
"SP","MARACAI","SÃO PAULO","SUSP"
"SP","MARILIA","SÃO PAULO","SUSP"
"SP","MAUA","SÃO PAULO","SUSP"
"SP","MIGUELOPOLIS","SÃO PAULO","SUSP"
"SP","MINEIROS DO TIETE","SÃO PAULO","SUSP"
"SP","MIRACATU","SÃO PAULO","SUSP"
"SP","MOCOCA","SÃO PAULO","SUSP"
"SP","MOGI DAS CRUZES","SÃO PAULO","SUSP"
"SP","MOGI GUACU","SÃO PAULO","SUSP"
"SP","MOGI MIRIM","SÃO PAULO","SUSP"
"SP","MOMBUCA","SÃO PAULO","SUSP"
"SP","MONGAGUA","SÃO PAULO","SUSP"
"SP","MONTE ALEGRE DO SUL","SÃO PAULO","SUSP"
"SP","MONTE MOR","SÃO PAULO","SUSP"
"SP","MORRO AGUDO","SÃO PAULO","SUSP"
"SP","MORUNGABA","SÃO PAULO","SUSP"
"SP","MOTUCA","SÃO PAULO","SUSP"
"SP","NAZARE PAULISTA","SÃO PAULO","SUSP"
"SP","NOVA CAMPINA","SÃO PAULO","SUSP"
"SP","NOVA ODESSA","SÃO PAULO","SUSP"
"SP","NUPORANGA","SÃO PAULO","SUSP"
"SP","OCAUCU","SÃO PAULO","SUSP"
"SP","OLEO","SÃO PAULO","SUSP"
"SP","ORIENTE","SÃO PAULO","SUSP"
"SP","ORLANDIA","SÃO PAULO","SUSP"
"SP","OSASCO","SÃO PAULO","SUSP"
"SP","OSCAR BRESSANE","SÃO PAULO","SUSP"
"SP","OURINHOS","SÃO PAULO","SUSP"
"SP","PALMITAL","SÃO PAULO","SUSP"
"SP","PARAGUACU PAULISTA","SÃO PAULO","SUSP"
"SP","PARANAPANEMA","SÃO PAULO","SUSP"
"SP","PARDINHO","SÃO PAULO","SUSP"
"SP","PARIQUERA-ACU","SÃO PAULO","SUSP"
"SP","PATROCINIO PAULISTA","SÃO PAULO","SUSP"
"SP","PAULINIA","SÃO PAULO","SUSP"
"SP","PAULISTANIA","SÃO PAULO","SUSP"
"SP","PEDERNEIRAS","SÃO PAULO","SUSP"
"SP","PEDRA BELA","SÃO PAULO","SUSP"
"SP","PEDREGULHO","SÃO PAULO","SUSP"
"SP","PEDREIRA","SÃO PAULO","SUSP"
"SP","PEDRINHAS PAULISTA","SÃO PAULO","SUSP"
"SP","PEDRO DE TOLEDO","SÃO PAULO","SUSP"
"SP","PEREIRAS","SÃO PAULO","SUSP"
"SP","PERUIBE","SÃO PAULO","SUSP"
"SP","PIEDADE","SÃO PAULO","SUSP"
"SP","PILAR DO SUL","SÃO PAULO","SUSP"
"SP","PINHALZINHO","SÃO PAULO","SUSP"
"SP","PIRACAIA","SÃO PAULO","SUSP"
"SP","PIRACICABA","SÃO PAULO","SUSP"
"SP","PIRAJU","SÃO PAULO","SUSP"
"SP","PIRAJUI","SÃO PAULO","SUSP"
"SP","PIRAPORA DO BOM JESUS","SÃO PAULO","SUSP"
"SP","PIRASSUNUNGA","SÃO PAULO","SUSP"
"SP","PIRATININGA","SÃO PAULO","SUSP"
"SP","PITANGUEIRAS","SÃO PAULO","SUSP"
"SP","PLATINA","SÃO PAULO","SUSP"
"SP","POA","SÃO PAULO","SUSP"
"SP","POMPEIA","SÃO PAULO","SUSP"
"SP","PONGAI","SÃO PAULO","SUSP"
"SP","PONTAL","SÃO PAULO","SUSP"
"SP","PORANGABA","SÃO PAULO","SUSP"
"SP","PORTO FELIZ","SÃO PAULO","SUSP"
"SP","PORTO FERREIRA","SÃO PAULO","SUSP"
"SP","PRAIA GRANDE","SÃO PAULO","SUSP"
"SP","PRATANIA","SÃO PAULO","SUSP"
"SP","PRESIDENTE ALVES","SÃO PAULO","SUSP"
"SP","QUADRA","SÃO PAULO","SUSP"
"SP","RAFARD","SÃO PAULO","SUSP"
"SP","REGINOPOLIS","SÃO PAULO","SUSP"
"SP","REGISTRO","SÃO PAULO","SUSP"
"SP","RESTINGA","SÃO PAULO","SUSP"
"SP","RIBEIRA","SÃO PAULO","SUSP"
"SP","RIBEIRAO BRANCO","SÃO PAULO","SUSP"
"SP","RIBEIRAO CORRENTE","SÃO PAULO","SUSP"
"SP","RIBEIRAO DO SUL","SÃO PAULO","SUSP"
"SP","RIBEIRAO GRANDE","SÃO PAULO","SUSP"
"SP","RIBEIRAO PIRES","SÃO PAULO","SUSP"
"SP","RIBEIRAO PRETO","SÃO PAULO","SUSP"
"SP","RIFAINA","SÃO PAULO","SUSP"
"SP","RIO DAS PEDRAS","SÃO PAULO","SUSP"
"SP","RIO GRANDE DA SERRA","SÃO PAULO","SUSP"
"SP","RIVERSUL","SÃO PAULO","SUSP"
"SP","SABINO","SÃO PAULO","SUSP"
"SP","SALES OLIVEIRA","SÃO PAULO","SUSP"
"SP","SALESOPOLIS","SÃO PAULO","SUSP"
"SP","SALTINHO","SÃO PAULO","SUSP"
"SP","SALTO","SÃO PAULO","SUSP"
"SP","SALTO DE PIRAPORA","SÃO PAULO","SUSP"
"SP","SALTO GRANDE","SÃO PAULO","SUSP"
"SP","SANTA BARBARA D'OESTE","SÃO PAULO","SUSP"
"SP","SANTA BRANCA","SÃO PAULO","SUSP"
"SP","SANTA CRUZ DA ESPERANCA","SÃO PAULO","SUSP"
"SP","SANTA CRUZ DAS PALMEIRAS","SÃO PAULO","SUSP"
"SP","SANTA CRUZ DO RIO PARDO","SÃO PAULO","SUSP"
"SP","SANTA ISABEL","SÃO PAULO","SUSP"
"SP","SANTA RITA DO PASSA QUATRO","SÃO PAULO","SUSP"
"SP","SANTA ROSA DE VITERBO","SÃO PAULO","SUSP"
"SP","SANTANA DE PARNAIBA","SÃO PAULO","SUSP"
"SP","SANTO ANDRE","SÃO PAULO","SUSP"
"SP","SANTO ANTONIO DA ALEGRIA","SÃO PAULO","SUSP"
"SP","SANTO ANTONIO DE POSSE","SÃO PAULO","SUSP"
"SP","SANTO ANTONIO DO JARDIM","SÃO PAULO","SUSP"
"SP","SANTOS","SÃO PAULO","SUSP"
"SP","SAO BERNARDO DO CAMPO","SÃO PAULO","SUSP"
"SP","SAO CAETANO DO SUL","SÃO PAULO","SUSP"
"SP","SAO JOAO DA BOA VISTA","SÃO PAULO","SUSP"
"SP","SAO JOAQUIM DA BARRA","SÃO PAULO","SUSP"
"SP","SAO JOSE DA BELA VISTA","SÃO PAULO","SUSP"
"SP","SAO JOSE DO RIO PARDO","SÃO PAULO","SUSP"
"SP","SAO LOURENCO DA SERRA","SÃO PAULO","SUSP"
"SP","SAO MANUEL","SÃO PAULO","SUSP"
"SP","SAO MIGUEL ARCANJO","SÃO PAULO","SUSP"
"SP","SAO PAULO","SÃO PAULO","SUSP"
"SP","SAO PEDRO","SÃO PAULO","SUSP"
"SP","SAO PEDRO DO TURVO","SÃO PAULO","SUSP"
"SP","SAO ROQUE","SÃO PAULO","SUSP"
"SP","SAO SEBASTIAO","SÃO PAULO","SUSP"
"SP","SAO SEBASTIAO DA GRAMA","SÃO PAULO","SUSP"
"SP","SAO VICENTE","SÃO PAULO","SUSP"
"SP","SARAPUI","SÃO PAULO","SUSP"
"SP","SARUTAIA","SÃO PAULO","SUSP"
"SP","SERRA AZUL","SÃO PAULO","SUSP"
"SP","SERRA NEGRA","SÃO PAULO","SUSP"
"SP","SERRANA","SÃO PAULO","SUSP"
"SP","SERTAOZINHO","SÃO PAULO","SUSP"
"SP","SETE BARRAS","SÃO PAULO","SUSP"
"SP","SOCORRO","SÃO PAULO","SUSP"
"SP","SOROCABA","SÃO PAULO","SUSP"
"SP","SUMARE","SÃO PAULO","SUSP"
"SP","SUZANO","SÃO PAULO","SUSP"
"SP","TABOAO DA SERRA","SÃO PAULO","SUSP"
"SP","TAGUAI","SÃO PAULO","SUSP"
"SP","TAMBAU","SÃO PAULO","SUSP"
"SP","TAPIRAI","SÃO PAULO","SUSP"
"SP","TAPIRATIBA","SÃO PAULO","SUSP"
"SP","TAQUARITUBA","SÃO PAULO","SUSP"
"SP","TAQUARIVAI","SÃO PAULO","SUSP"
"SP","TARUMA","SÃO PAULO","SUSP"
"SP","TATUI","SÃO PAULO","SUSP"
"SP","TEJUPA","SÃO PAULO","SUSP"
"SP","TERRA ROXA","SÃO PAULO","SUSP"
"SP","TIETE","SÃO PAULO","SUSP"
"SP","TIMBURI","SÃO PAULO","SUSP"
"SP","TORRE DE PEDRA","SÃO PAULO","SUSP"
"SP","TUIUTI","SÃO PAULO","SUSP"
"SP","UBIRAJARA","SÃO PAULO","SUSP"
"SP","URU","SÃO PAULO","SUSP"
"SP","VALINHOS","SÃO PAULO","SUSP"
"SP","VARGEM","SÃO PAULO","SUSP"
"SP","VARGEM GRANDE DO SUL","SÃO PAULO","SUSP"
"SP","VARGEM GRANDE PAULISTA","SÃO PAULO","SUSP"
"SP","VARZEA PAULISTA","SÃO PAULO","SUSP"
"SP","VERA CRUZ","SÃO PAULO","SUSP"
"SP","VINHEDO","SÃO PAULO","SUSP"
"SP","VIRADOURO","SÃO PAULO","SUSP"
"SP","VOTORANTIM","SÃO PAULO","SUSP"
"TO","ABREULANDIA","BAHIA","SUBA"
"TO","AGUIARNOPOLIS","BAHIA","SUBA"
"TO","ALIANCA DO TOCANTINS","BAHIA","SUBA"
"TO","ALMAS","BAHIA","SUBA"
"TO","ALVORADA","BAHIA","SUBA"
"TO","ANANAS","BAHIA","SUBA"
"TO","ANGICO","BAHIA","SUBA"
"TO","APARECIDA DO RIO NEGRO","BAHIA","SUBA"
"TO","ARAGOMINAS","BAHIA","SUBA"
"TO","ARAGUACEMA","BAHIA","SUBA"
"TO","ARAGUACU","BAHIA","SUBA"
"TO","ARAGUAINA","BAHIA","SUBA"
"TO","ARAGUANA","BAHIA","SUBA"
"TO","ARAGUATINS","BAHIA","SUBA"
"TO","ARAPOEMA","BAHIA","SUBA"
"TO","ARRAIAS","BAHIA","SUBA"
"TO","AUGUSTINOPOLIS","BAHIA","SUBA"
"TO","AURORA DO TOCANTINS","BAHIA","SUBA"
"TO","AXIXA DO TOCANTINS","BAHIA","SUBA"
"TO","BABACULANDIA","BAHIA","SUBA"
"TO","BANDEIRANTES DO TOCANTINS","BAHIA","SUBA"
"TO","BARRA DO OURO","BAHIA","SUBA"
"TO","BARROLANDIA","BAHIA","SUBA"
"TO","BERNARDO SAYAO","BAHIA","SUBA"
"TO","BOM JESUS DO TOCANTINS","BAHIA","SUBA"
"TO","BRASILANDIA DO TOCANTINS","BAHIA","SUBA"
"TO","BREJINHO DE NAZARE","BAHIA","SUBA"
"TO","BURITI DO TOCANTINS","BAHIA","SUBA"
"TO","CACHOEIRINHA","BAHIA","SUBA"
"TO","CAMPOS LINDOS","BAHIA","SUBA"
"TO","CARIRI DO TOCANTINS","BAHIA","SUBA"
"TO","CARMOLANDIA","BAHIA","SUBA"
"TO","CARRASCO BONITO","BAHIA","SUBA"
"TO","CASEARA","BAHIA","SUBA"
"TO","CENTENARIO","BAHIA","SUBA"
"TO","CHAPADA DA NATIVIDADE","BAHIA","SUBA"
"TO","CHAPADA DE AREIA","BAHIA","SUBA"
"TO","COLINAS DO TOCANTINS","BAHIA","SUBA"
"TO","COLMEIA","BAHIA","SUBA"
"TO","COMBINADO","BAHIA","SUBA"
"TO","CONCEICAO DO TOCANTINS","BAHIA","SUBA"
"TO","COUTO DE MAGALHAES","BAHIA","SUBA"
"TO","CRISTALANDIA","BAHIA","SUBA"
"TO","CRIXAS DO TOCANTINS","BAHIA","SUBA"
"TO","DARCINOPOLIS","BAHIA","SUBA"
"TO","DIANOPOLIS","BAHIA","SUBA"
"TO","DIVINOPOLIS DO TOCANTINS","BAHIA","SUBA"
"TO","DOIS IRMAOS DO TOCANTINS","BAHIA","SUBA"
"TO","DUERE","BAHIA","SUBA"
"TO","ESPERANTINA","BAHIA","SUBA"
"TO","FATIMA","BAHIA","SUBA"
"TO","FIGUEIROPOLIS","BAHIA","SUBA"
"TO","FILADELFIA","BAHIA","SUBA"
"TO","FORMOSO DO ARAGUAIA","BAHIA","SUBA"
"TO","GOIANORTE","BAHIA","SUBA"
"TO","GOIATINS","BAHIA","SUBA"
"TO","GUARAI","BAHIA","SUBA"
"TO","GURUPI","BAHIA","SUBA"
"TO","IPUEIRAS","BAHIA","SUBA"
"TO","ITACAJA","BAHIA","SUBA"
"TO","ITAGUATINS","BAHIA","SUBA"
"TO","ITAPIRATINS","BAHIA","SUBA"
"TO","ITAPORA DO TOCANTINS","BAHIA","SUBA"
"TO","JAU DO TOCANTINS","BAHIA","SUBA"
"TO","JUARINA","BAHIA","SUBA"
"TO","LAGOA DA CONFUSAO","BAHIA","SUBA"
"TO","LAGOA DO TOCANTINS","BAHIA","SUBA"
"TO","LAJEADO","BAHIA","SUBA"
"TO","LAVANDEIRA","BAHIA","SUBA"
"TO","LIZARDA","BAHIA","SUBA"
"TO","LUZINOPOLIS","BAHIA","SUBA"
"TO","MARIANOPOLIS DO TOCANTINS","BAHIA","SUBA"
"TO","MATEIROS","BAHIA","SUBA"
"TO","MAURILANDIA DO TOCANTINS","BAHIA","SUBA"
"TO","MIRACEMA DO TOCANTINS","BAHIA","SUBA"
"TO","MIRANORTE","BAHIA","SUBA"
"TO","MONTE DO CARMO","BAHIA","SUBA"
"TO","MONTE SANTO DO TOCANTINS","BAHIA","SUBA"
"TO","MURICILANDIA","BAHIA","SUBA"
"TO","NATIVIDADE","BAHIA","SUBA"
"TO","NAZARE","BAHIA","SUBA"
"TO","NOVA OLINDA","BAHIA","SUBA"
"TO","NOVA ROSALANDIA","BAHIA","SUBA"
"TO","NOVO ACORDO","BAHIA","SUBA"
"TO","NOVO ALEGRE","BAHIA","SUBA"
"TO","NOVO JARDIM","BAHIA","SUBA"
"TO","OLIVEIRA DE FATIMA","BAHIA","SUBA"
"TO","PALMAS","BAHIA","SUBA"
"TO","PALMEIRANTE","BAHIA","SUBA"
"TO","PALMEIRAS DO TOCANTINS","BAHIA","SUBA"
"TO","PALMEIROPOLIS","BAHIA","SUBA"
"TO","PARAISO DO TOCANTINS","BAHIA","SUBA"
"TO","PARANA","BAHIA","SUBA"
"TO","PAU D'ARCO","BAHIA","SUBA"
"TO","PEDRO AFONSO","BAHIA","SUBA"
"TO","PEIXE","BAHIA","SUBA"
"TO","PEQUIZEIRO","BAHIA","SUBA"
"TO","PINDORAMA DO TOCANTINS","BAHIA","SUBA"
"TO","PIRAQUE","BAHIA","SUBA"
"TO","PIUM","BAHIA","SUBA"
"TO","PONTE ALTA DO BOM JESUS","BAHIA","SUBA"
"TO","PONTE ALTA DO TOCANTINS","BAHIA","SUBA"
"TO","PORTO ALEGRE DO TOCANTINS","BAHIA","SUBA"
"TO","PORTO NACIONAL","BAHIA","SUBA"
"TO","PRAIA NORTE","BAHIA","SUBA"
"TO","PRESIDENTE KENNEDY","BAHIA","SUBA"
"TO","PUGMIL","BAHIA","SUBA"
"TO","RECURSOLANDIA","BAHIA","SUBA"
"TO","RIACHINHO","BAHIA","SUBA"
"TO","RIO DA CONCEICAO","BAHIA","SUBA"
"TO","RIO DOS BOIS","BAHIA","SUBA"
"TO","RIO SONO","BAHIA","SUBA"
"TO","SAMPAIO","BAHIA","SUBA"
"TO","SANDOLANDIA","BAHIA","SUBA"
"TO","SANTA FE DO ARAGUAIA","BAHIA","SUBA"
"TO","SANTA MARIA DO TOCANTINS","BAHIA","SUBA"
"TO","SANTA RITA DO TOCANTINS","BAHIA","SUBA"
"TO","SANTA ROSA DO TOCANTINS","BAHIA","SUBA"
"TO","SANTA TEREZA DO TOCANTINS","BAHIA","SUBA"
"TO","SANTA TEREZINHA DO TOCANTINS","BAHIA","SUBA"
"TO","SAO BENTO DO TOCANTINS","BAHIA","SUBA"
"TO","SAO FELIX DO TOCANTINS","BAHIA","SUBA"
"TO","SAO MIGUEL DO TOCANTINS","BAHIA","SUBA"
"TO","SAO SALVADOR DO TOCANTINS","BAHIA","SUBA"
"TO","SAO SEBASTIAO DO TOCANTINS","BAHIA","SUBA"
"TO","SAO VALERIO","BAHIA","SUBA"
"TO","SILVANOPOLIS","BAHIA","SUBA"
"TO","SITIO NOVO DO TOCANTINS","BAHIA","SUBA"
"TO","SUCUPIRA","BAHIA","SUBA"
"TO","TABOCAO","BAHIA","SUBA"
"TO","TAGUATINGA","BAHIA","SUBA"
"TO","TAIPAS DO TOCANTINS","BAHIA","SUBA"
"TO","TALISMA","BAHIA","SUBA"
"TO","TOCANTINIA","BAHIA","SUBA"
"TO","TOCANTINOPOLIS","BAHIA","SUBA"
"TO","TUPIRAMA","BAHIA","SUBA"
"TO","TUPIRATINS","BAHIA","SUBA"
"TO","WANDERLANDIA","BAHIA","SUBA"
"TO","XAMBIOA","BAHIA","SUBA"
