CNPJ;MUNICIPIO;UF;UNIDADE;SUCURSAL;UNIDADEECAD
84306737000127;ACRELANDIA;AC;DISTRITO FEDERAL;SUDF;DISTRITO FEDERAL
04045993000179;ASSIS BRASIL;AC;DISTRITO FEDERAL;SUDF;DISTRITO FEDERAL
04508933000145;BRASILEIA;AC;DISTRITO FEDERAL;SUDF;DISTRITO FEDERAL
84306620000143;BUJARI;AC;DISTRITO FEDERAL;SUDF;DISTRITO FEDERAL
84306604000150;CAPIXABA;AC;DISTRITO FEDERAL;SUDF;DISTRITO FEDERAL
04012548000102;CRUZEIRO DO SUL;AC;DISTRITO FEDERAL;SUDF;DISTRITO FEDERAL
84306588000104;EPITACIOLANDIA;AC;DISTRITO FEDERAL;SUDF;DISTRITO FEDERAL
04005179000120;FEIJO;AC;DISTRITO FEDERAL;SUDF;DISTRITO FEDERAL
84306497000160;JORDAO;AC;DISTRITO FEDERAL;SUDF;DISTRITO FEDERAL
04059671000189;MANCIO LIMA;AC;DISTRITO FEDERAL;SUDF;DISTRITO FEDERAL
04051207000146;MANOEL URBANO;AC;DISTRITO FEDERAL;SUDF;DISTRITO FEDERAL
84306463000176;MARECHAL THAUMATURGO;AC;DISTRITO FEDERAL;SUDF;DISTRITO FEDERAL
04076733000160;PLACIDO DE CASTRO;AC;DISTRITO FEDERAL;SUDF;DISTRITO FEDERAL
84306661000130;PORTO ACRE;AC;DISTRITO FEDERAL;SUDF;DISTRITO FEDERAL
63603625000168;PORTO WALTER;AC;DISTRITO FEDERAL;SUDF;DISTRITO FEDERAL
04034583000122;RIO BRANCO;AC;DISTRITO FEDERAL;SUDF;DISTRITO FEDERAL
84306455000120;RODRIGUES ALVES;AC;DISTRITO FEDERAL;SUDF;DISTRITO FEDERAL
84306521000161;SANTA ROSA DO PURUS;AC;DISTRITO FEDERAL;SUDF;DISTRITO FEDERAL
04513362000137;SENA MADUREIRA;AC;DISTRITO FEDERAL;SUDF;DISTRITO FEDERAL
04077251000125;SENADOR GUIOMARD;AC;DISTRITO FEDERAL;SUDF;DISTRITO FEDERAL
34693564000179;TARAUACA;AC;DISTRITO FEDERAL;SUDF;DISTRITO FEDERAL
04018560000124;XAPURI;AC;DISTRITO FEDERAL;SUDF;DISTRITO FEDERAL
12350153000148;AGUA BRANCA;AL;PERNAMBUCO;SUPE;PERNAMBUCO
12250163000101;BELO MONTE;AL;PERNAMBUCO;SUPE;PERNAMBUCO
12367892000142;CANAPI;AL;PERNAMBUCO;SUPE;PERNAMBUCO
12250684000169;CARNEIROS;AL;PERNAMBUCO;SUPE;PERNAMBUCO
12224895000127;DELMIRO GOUVEIA;AL;PERNAMBUCO;SUPE;PERNAMBUCO
12226197000160;INHAPI;AL;PERNAMBUCO;SUPE;PERNAMBUCO
12251286000167;MARAVILHA;AL;PERNAMBUCO;SUPE;PERNAMBUCO
12226205000179;MATA GRANDE;AL;PERNAMBUCO;SUPE;PERNAMBUCO
12350146000146;OLHO D'AGUA DO CASADO;AL;PERNAMBUCO;SUPE;PERNAMBUCO
12258141000198;OURO BRANCO;AL;PERNAMBUCO;SUPE;PERNAMBUCO
12369872000100;PALESTINA;AL;PERNAMBUCO;SUPE;PERNAMBUCO
12369880000157;PAO DE ACUCAR;AL;PERNAMBUCO;SUPE;PERNAMBUCO
35634435000172;PARICONHA;AL;PERNAMBUCO;SUPE;PERNAMBUCO
12225546000120;PIRANHAS;AL;PERNAMBUCO;SUPE;PERNAMBUCO
12259040000131;POCO DAS TRINCHEIRAS;AL;PERNAMBUCO;SUPE;PERNAMBUCO
12250916000189;SANTANA DO IPANEMA;AL;PERNAMBUCO;SUPE;PERNAMBUCO
12261228000114;SAO JOSE DA TAPERA;AL;PERNAMBUCO;SUPE;PERNAMBUCO
12421137000107;SENADOR RUI PALMEIRA;AL;PERNAMBUCO;SUPE;PERNAMBUCO
04628335000100;ALVARAES;AM;DISTRITO FEDERAL;SUDF;DISTRITO FEDERAL
04628723000190;AMATURA;AM;DISTRITO FEDERAL;SUDF;DISTRITO FEDERAL
04628020000162;ANAMA;AM;DISTRITO FEDERAL;SUDF;DISTRITO FEDERAL
04262762000117;ANORI;AM;DISTRITO FEDERAL;SUDF;DISTRITO FEDERAL
22812960000199;APUI;AM;DISTRITO FEDERAL;SUDF;DISTRITO FEDERAL
04530713000118;ATALAIA DO NORTE;AM;DISTRITO FEDERAL;SUDF;DISTRITO FEDERAL
04477642000137;AUTAZES;AM;DISTRITO FEDERAL;SUDF;DISTRITO FEDERAL
04271037000105;BARCELOS;AM;DISTRITO FEDERAL;SUDF;DISTRITO FEDERAL
06217954000137;BARREIRINHA;AM;DISTRITO FEDERAL;SUDF;DISTRITO FEDERAL
04243978000135;BENJAMIN CONSTANT;AM;DISTRITO FEDERAL;SUDF;DISTRITO FEDERAL
04628111000106;BERURI;AM;DISTRITO FEDERAL;SUDF;DISTRITO FEDERAL
04629283000196;BOA VISTA DO RAMOS;AM;DISTRITO FEDERAL;SUDF;DISTRITO FEDERAL
15811318000120;BOCA DO ACRE;AM;DISTRITO FEDERAL;SUDF;DISTRITO FEDERAL
04477568000159;BORBA;AM;DISTRITO FEDERAL;SUDF;DISTRITO FEDERAL
04628046000100;CAAPIRANGA;AM;DISTRITO FEDERAL;SUDF;DISTRITO FEDERAL
04247441000143;CANUTAMA;AM;DISTRITO FEDERAL;SUDF;DISTRITO FEDERAL
04530044000184;CARAUARI;AM;DISTRITO FEDERAL;SUDF;DISTRITO FEDERAL
04332995000149;CAREIRO;AM;DISTRITO FEDERAL;SUDF;DISTRITO FEDERAL
23006331000134;CAREIRO DA VARZEA;AM;DISTRITO FEDERAL;SUDF;DISTRITO FEDERAL
04262432000121;COARI;AM;DISTRITO FEDERAL;SUDF;DISTRITO FEDERAL
04263331000175;CODAJAS;AM;DISTRITO FEDERAL;SUDF;DISTRITO FEDERAL
04190765000192;EIRUNEPE;AM;DISTRITO FEDERAL;SUDF;DISTRITO FEDERAL
04530895000127;ENVIRA;AM;DISTRITO FEDERAL;SUDF;DISTRITO FEDERAL
04530101000125;FONTE BOA;AM;DISTRITO FEDERAL;SUDF;DISTRITO FEDERAL
22812242000112;GUAJARA;AM;DISTRITO FEDERAL;SUDF;DISTRITO FEDERAL
04465209000181;HUMAITA;AM;DISTRITO FEDERAL;SUDF;DISTRITO FEDERAL
04191078000191;IPIXUNA;AM;DISTRITO FEDERAL;SUDF;DISTRITO FEDERAL
04628533000173;IRANDUBA;AM;DISTRITO FEDERAL;SUDF;DISTRITO FEDERAL
04241980000175;ITACOATIARA;AM;DISTRITO FEDERAL;SUDF;DISTRITO FEDERAL
04628376000104;ITAMARATI;AM;DISTRITO FEDERAL;SUDF;DISTRITO FEDERAL
04495644000159;ITAPIRANGA;AM;DISTRITO FEDERAL;SUDF;DISTRITO FEDERAL
04505509000147;JAPURA;AM;DISTRITO FEDERAL;SUDF;DISTRITO FEDERAL
04588596000143;JURUA;AM;DISTRITO FEDERAL;SUDF;DISTRITO FEDERAL
04285896000153;JUTAI;AM;DISTRITO FEDERAL;SUDF;DISTRITO FEDERAL
05830872000109;LABREA;AM;DISTRITO FEDERAL;SUDF;DISTRITO FEDERAL
04274064000131;MANACAPURU;AM;DISTRITO FEDERAL;SUDF;DISTRITO FEDERAL
04641551000195;MANAQUIRI;AM;DISTRITO FEDERAL;SUDF;DISTRITO FEDERAL
04365326000173;MANAUS;AM;DISTRITO FEDERAL;SUDF;DISTRITO FEDERAL
04197166000109;MANICORE;AM;DISTRITO FEDERAL;SUDF;DISTRITO FEDERAL
04505640000104;MARAA;AM;DISTRITO FEDERAL;SUDF;DISTRITO FEDERAL
04282869000127;MAUES;AM;DISTRITO FEDERAL;SUDF;DISTRITO FEDERAL
04283578000153;NHAMUNDA;AM;DISTRITO FEDERAL;SUDF;DISTRITO FEDERAL
04477600000104;NOVA OLINDA DO NORTE;AM;DISTRITO FEDERAL;SUDF;DISTRITO FEDERAL
04533113000103;NOVO AIRAO;AM;DISTRITO FEDERAL;SUDF;DISTRITO FEDERAL
04278818000121;NOVO ARIPUANA;AM;DISTRITO FEDERAL;SUDF;DISTRITO FEDERAL
04329736000169;PARINTINS;AM;DISTRITO FEDERAL;SUDF;DISTRITO FEDERAL
04530135000110;PAUINI;AM;DISTRITO FEDERAL;SUDF;DISTRITO FEDERAL
04628681000198;PRESIDENTE FIGUEIREDO;AM;DISTRITO FEDERAL;SUDF;DISTRITO FEDERAL
04629697000115;RIO PRETO DA EVA;AM;DISTRITO FEDERAL;SUDF;DISTRITO FEDERAL
04194239000109;SANTA ISABEL DO RIO NEGRO;AM;DISTRITO FEDERAL;SUDF;DISTRITO FEDERAL
04532057000192;SANTO ANTONIO DO ICA;AM;DISTRITO FEDERAL;SUDF;DISTRITO FEDERAL
04272670000118;SAO GABRIEL DA CACHOEIRA;AM;DISTRITO FEDERAL;SUDF;DISTRITO FEDERAL
05829577000124;SAO PAULO DE OLIVENCA;AM;DISTRITO FEDERAL;SUDF;DISTRITO FEDERAL
04628418000107;SAO SEBASTIAO DO UATUMA;AM;DISTRITO FEDERAL;SUDF;DISTRITO FEDERAL
04477634000190;SILVES;AM;DISTRITO FEDERAL;SUDF;DISTRITO FEDERAL
04011805000191;TABATINGA;AM;DISTRITO FEDERAL;SUDF;DISTRITO FEDERAL
04530390000162;TAPAUA;AM;DISTRITO FEDERAL;SUDF;DISTRITO FEDERAL
04426383000115;TEFE;AM;DISTRITO FEDERAL;SUDF;DISTRITO FEDERAL
04628608000116;TONANTINS;AM;DISTRITO FEDERAL;SUDF;DISTRITO FEDERAL
04647079000106;UARINI;AM;DISTRITO FEDERAL;SUDF;DISTRITO FEDERAL
04477782000105;URUCARA;AM;DISTRITO FEDERAL;SUDF;DISTRITO FEDERAL
04502571000185;URUCURITUBA;AM;DISTRITO FEDERAL;SUDF;DISTRITO FEDERAL
13670021000166;ABAIRA;BA;BAHIA;SUBA;BAHIA
13915657000120;ABARE;BA;BAHIA;SUBA;BAHIA
13696521000177;ACAJUTIBA;BA;BAHIA;SUBA;BAHIA
16298929000189;ADUSTINA;BA;BAHIA;SUBA;BAHIA
13606702000165;AGUA FRIA;BA;BAHIA;SUBA;BAHIA
13769609000171;AIQUARA;BA;BAHIA;SUBA;BAHIA
13646005000138;ALAGOINHAS;BA;BAHIA;SUBA;BAHIA
13761721000166;ALCOBACA;BA;BAHIA;SUBA;BAHIA
14147466000129;ALMADINA;BA;BAHIA;SUBA;BAHIA
13825484000150;AMARGOSA;BA;BAHIA;SUBA;BAHIA
13607213000128;AMELIA RODRIGUES;BA;BAHIA;SUBA;BAHIA
13891536000196;AMERICA DOURADA;BA;BAHIA;SUBA;BAHIA
13906409000113;ANAGE;BA;BAHIA;SUBA;BAHIA
13922570000180;ANDARAI;BA;BAHIA;SUBA;BAHIA
16448870000168;ANDORINHA;BA;BAHIA;SUBA;BAHIA
13654421000188;ANGICAL;BA;BAHIA;SUBA;BAHIA
13607346000102;ANGUERA;BA;BAHIA;SUBA;BAHIA
13808217000174;ANTAS;BA;BAHIA;SUBA;BAHIA
13607494000119;ANTONIO CARDOSO;BA;BAHIA;SUBA;BAHIA
13908728000168;ANTONIO GONCALVES;BA;BAHIA;SUBA;BAHIA
13646542000188;APORA;BA;BAHIA;SUBA;BAHIA
16434292000100;APUAREMA;BA;BAHIA;SUBA;BAHIA
16131088000110;ARACAS;BA;BAHIA;SUBA;BAHIA
14105712000180;ARACATU;BA;BAHIA;SUBA;BAHIA
14232086000192;ARACI;BA;BAHIA;SUBA;BAHIA
13646740000141;ARAMARI;BA;BAHIA;SUBA;BAHIA
13658158000103;ARATACA;BA;BAHIA;SUBA;BAHIA
13796073000183;ARATUIPE;BA;BAHIA;SUBA;BAHIA
16137291000102;AURELINO LEAL;BA;BAHIA;SUBA;BAHIA
13654413000131;BAIANOPOLIS;BA;BAHIA;SUBA;BAHIA
13794912000124;BAIXA GRANDE;BA;BAHIA;SUBA;BAHIA
16298614000131;BANZAE;BA;BAHIA;SUBA;BAHIA
13880703000101;BARRA;BA;BAHIA;SUBA;BAHIA
13670658000152;BARRA DA ESTIVA;BA;BAHIA;SUBA;BAHIA
13906789000196;BARRA DO CHOCA;BA;BAHIA;SUBA;BAHIA
13702238000100;BARRA DO MENDES;BA;BAHIA;SUBA;BAHIA
14234850000169;BARRA DO ROCHA;BA;BAHIA;SUBA;BAHIA
13654405000195;BARREIRAS;BA;BAHIA;SUBA;BAHIA
02355675000189;BARRO ALTO;BA;BAHIA;SUBA;BAHIA
14147458000182;BARRO PRETO;BA;BAHIA;SUBA;BAHIA
04216287000142;BARROCAS;BA;BAHIA;SUBA;BAHIA
13634977000102;BELMONTE;BA;BAHIA;SUBA;BAHIA
14237333000143;BELO CAMPO;BA;BAHIA;SUBA;BAHIA
13835558000139;BIRITINGA;BA;BAHIA;SUBA;BAHIA
13894894000152;BOA NOVA;BA;BAHIA;SUBA;BAHIA
13718176000125;BOA VISTA DO TUPIM;BA;BAHIA;SUBA;BAHIA
14105183000114;BOM JESUS DA LAPA;BA;BAHIA;SUBA;BAHIA
16418709000141;BOM JESUS DA SERRA;BA;BAHIA;SUBA;BAHIA
13922612000183;BONINAL;BA;BAHIA;SUBA;BAHIA
16245375000151;BONITO;BA;BAHIA;SUBA;BAHIA
13780770000146;BOQUIRA;BA;BAHIA;SUBA;BAHIA
13782479000107;BOTUPORA;BA;BAHIA;SUBA;BAHIA
14197768000101;BREJOES;BA;BAHIA;SUBA;BAHIA
13654439000180;BREJOLANDIA;BA;BAHIA;SUBA;BAHIA
13797600000174;BROTAS DE MACAUBAS;BA;BAHIA;SUBA;BAHIA
14105704000133;BRUMADO;BA;BAHIA;SUBA;BAHIA
13721188000109;BUERAREMA;BA;BAHIA;SUBA;BAHIA
13234000000106;BURITIRAMA;BA;BAHIA;SUBA;BAHIA
13856372000166;CAATIBA;BA;BAHIA;SUBA;BAHIA
13866892000150;CABACEIRAS DO PARAGUACU;BA;BAHIA;SUBA;BAHIA
13828397000156;CACHOEIRA;BA;BAHIA;SUBA;BAHIA
13676788000100;CACULE;BA;BAHIA;SUBA;BAHIA
13913348000111;CAEM;BA;BAHIA;SUBA;BAHIA
16418717000198;CAETANOS;BA;BAHIA;SUBA;BAHIA
13811476000154;CAETITE;BA;BAHIA;SUBA;BAHIA
13714142000162;CAFARNAUM;BA;BAHIA;SUBA;BAHIA
14235907000144;CAIRU;BA;BAHIA;SUBA;BAHIA
13913355000113;CALDEIRAO GRANDE;BA;BAHIA;SUBA;BAHIA
13682398000135;CAMACAN;BA;BAHIA;SUBA;BAHIA
14109763000180;CAMACARI;BA;BAHIA;SUBA;BAHIA
13753306000160;CAMAMU;BA;BAHIA;SUBA;BAHIA
14117329000141;CAMPO ALEGRE DE LOURDES;BA;BAHIA;SUBA;BAHIA
13908702000110;CAMPO FORMOSO;BA;BAHIA;SUBA;BAHIA
13812144000194;CANAPOLIS;BA;BAHIA;SUBA;BAHIA
11457534000168;CANARANA;BA;BAHIA;SUBA;BAHIA
13817804000120;CANAVIEIRAS;BA;BAHIA;SUBA;BAHIA
13607635000101;CANDEAL;BA;BAHIA;SUBA;BAHIA
13830336000123;CANDEIAS;BA;BAHIA;SUBA;BAHIA
13982608000100;CANDIBA;BA;BAHIA;SUBA;BAHIA
13857123000195;CANDIDO SALES;BA;BAHIA;SUBA;BAHIA
13806567000100;CANSANCAO;BA;BAHIA;SUBA;BAHIA
13343967000118;CANUDOS;BA;BAHIA;SUBA;BAHIA
13897111000194;CAPELA DO ALTO ALEGRE;BA;BAHIA;SUBA;BAHIA
13230982000150;CAPIM GROSSO;BA;BAHIA;SUBA;BAHIA
16418766000120;CARAIBAS;BA;BAHIA;SUBA;BAHIA
13761689000119;CARAVELAS;BA;BAHIA;SUBA;BAHIA
14126254000165;CARDEAL DA SILVA;BA;BAHIA;SUBA;BAHIA
14105209000124;CARINHANHA;BA;BAHIA;SUBA;BAHIA
13691811000128;CASA NOVA;BA;BAHIA;SUBA;BAHIA
13693122000152;CASTRO ALVES;BA;BAHIA;SUBA;BAHIA
13654447000126;CATOLANDIA;BA;BAHIA;SUBA;BAHIA
13800685000100;CATU;BA;BAHIA;SUBA;BAHIA
16257719000142;CATURAMA;BA;BAHIA;SUBA;BAHIA
14136816000151;CENTRAL;BA;BAHIA;SUBA;BAHIA
13915665000177;CHORROCHO;BA;BAHIA;SUBA;BAHIA
13808613000100;CICERO DANTAS;BA;BAHIA;SUBA;BAHIA
13808936000195;CIPO;BA;BAHIA;SUBA;BAHIA
14147474000175;COARACI;BA;BAHIA;SUBA;BAHIA
14222012000175;COCOS;BA;BAHIA;SUBA;BAHIA
13828371000108;CONCEICAO DA FEIRA;BA;BAHIA;SUBA;BAHIA
13695028000132;CONCEICAO DO ALMEIDA;BA;BAHIA;SUBA;BAHIA
13843842000157;CONCEICAO DO COITE;BA;BAHIA;SUBA;BAHIA
14222574000119;CONCEICAO DO JACUIPE;BA;BAHIA;SUBA;BAHIA
14126692000123;CONDE;BA;BAHIA;SUBA;BAHIA
13694138000180;CONDEUBA;BA;BAHIA;SUBA;BAHIA
14106553000138;CONTENDAS DO SINCORA;BA;BAHIA;SUBA;BAHIA
13883996000172;CORACAO DE MARIA;BA;BAHIA;SUBA;BAHIA
13694468000175;CORDEIROS;BA;BAHIA;SUBA;BAHIA
13912084000181;CORIBE;BA;BAHIA;SUBA;BAHIA
14215818000136;CORONEL JOAO SA;BA;BAHIA;SUBA;BAHIA
14221741000107;CORRENTINA;BA;BAHIA;SUBA;BAHIA
13654892000196;COTEGIPE;BA;BAHIA;SUBA;BAHIA
13763396000170;CRAVOLANDIA;BA;BAHIA;SUBA;BAHIA
13646922000112;CRISOPOLIS;BA;BAHIA;SUBA;BAHIA
13655089000176;CRISTOPOLIS;BA;BAHIA;SUBA;BAHIA
14006977000120;CRUZ DAS ALMAS;BA;BAHIA;SUBA;BAHIA
13915640000173;CURACA;BA;BAHIA;SUBA;BAHIA
13700174000109;DARIO MEIRA;BA;BAHIA;SUBA;BAHIA
13394044000195;DIAS D'AVILA;BA;BAHIA;SUBA;BAHIA
13673314000105;DOM BASILIO;BA;BAHIA;SUBA;BAHIA
13827019000158;DOM MACEDO COSTA;BA;BAHIA;SUBA;BAHIA
13693379000104;ELISIO MEDRADO;BA;BAHIA;SUBA;BAHIA
13907373000192;ENCRUZILHADA;BA;BAHIA;SUBA;BAHIA
14126981000122;ENTRE RIOS;BA;BAHIA;SUBA;BAHIA
13670203000137;ERICO CARDOSO;BA;BAHIA;SUBA;BAHIA
13885231000171;ESPLANADA;BA;BAHIA;SUBA;BAHIA
13698774000180;EUCLIDES DA CUNHA;BA;BAHIA;SUBA;BAHIA
16233439000102;EUNAPOLIS;BA;BAHIA;SUBA;BAHIA
13393152000143;FATIMA;BA;BAHIA;SUBA;BAHIA
16416125000137;FEIRA DA MATA;BA;BAHIA;SUBA;BAHIA
14043574000151;FEIRA DE SANTANA;BA;BAHIA;SUBA;BAHIA
13232996000102;FILADELFIA;BA;BAHIA;SUBA;BAHIA
13752415000163;FIRMINO ALVES;BA;BAHIA;SUBA;BAHIA
14147904000159;FLORESTA AZUL;BA;BAHIA;SUBA;BAHIA
13654454000128;FORMOSA DO RIO PRETO;BA;BAHIA;SUBA;BAHIA
14195358000121;GANDU;BA;BAHIA;SUBA;BAHIA
13233036000167;GAVIAO;BA;BAHIA;SUBA;BAHIA
13879390000163;GENTIO DO OURO;BA;BAHIA;SUBA;BAHIA
14217335000170;GLORIA;BA;BAHIA;SUBA;BAHIA
14235048000193;GONGOGI;BA;BAHIA;SUBA;BAHIA
13828496000138;GOVERNADOR MANGABEIRA;BA;BAHIA;SUBA;BAHIA
13284658000114;GUAJERU;BA;BAHIA;SUBA;BAHIA
13982640000196;GUANAMBI;BA;BAHIA;SUBA;BAHIA
13634985000159;GUARATINGA;BA;BAHIA;SUBA;BAHIA
13393178000191;HELIOPOLIS;BA;BAHIA;SUBA;BAHIA
13889993000146;IACU;BA;BAHIA;SUBA;BAHIA
13676986000166;IBIASSUCE;BA;BAHIA;SUBA;BAHIA
14147896000140;IBICARAI;BA;BAHIA;SUBA;BAHIA
13922588000182;IBICOARA;BA;BAHIA;SUBA;BAHIA
13857701000193;IBICUI;BA;BAHIA;SUBA;BAHIA
13714803000150;IBIPEBA;BA;BAHIA;SUBA;BAHIA
13781364000106;IBIPITANGA;BA;BAHIA;SUBA;BAHIA
13718671000134;IBIQUERA;BA;BAHIA;SUBA;BAHIA
13846753000164;IBIRAPITANGA;BA;BAHIA;SUBA;BAHIA
14210389000104;IBIRAPUA;BA;BAHIA;SUBA;BAHIA
14131569000109;IBIRATAIA;BA;BAHIA;SUBA;BAHIA
13781828000176;IBITIARA;BA;BAHIA;SUBA;BAHIA
13715057000119;IBITITA;BA;BAHIA;SUBA;BAHIA
13798152000123;IBOTIRAMA;BA;BAHIA;SUBA;BAHIA
13906151000155;ICHU;BA;BAHIA;SUBA;BAHIA
13811484000109;IGAPORA;BA;BAHIA;SUBA;BAHIA
13071204000165;IGRAPIUNA;BA;BAHIA;SUBA;BAHIA
13858303000191;IGUAI;BA;BAHIA;SUBA;BAHIA
13672597000162;ILHEUS;BA;BAHIA;SUBA;BAHIA
13647185000172;INHAMBUPE;BA;BAHIA;SUBA;BAHIA
13621735000184;IPECAETA;BA;BAHIA;SUBA;BAHIA
13701651000150;IPIAU;BA;BAHIA;SUBA;BAHIA
14042659000115;IPIRA;BA;BAHIA;SUBA;BAHIA
13798384000181;IPUPIARA;BA;BAHIA;SUBA;BAHIA
13763479000160;IRAJUBA;BA;BAHIA;SUBA;BAHIA
13894902000160;IRAMAIA;BA;BAHIA;SUBA;BAHIA
13922596000129;IRAQUARA;BA;BAHIA;SUBA;BAHIA
13626205000129;IRARA;BA;BAHIA;SUBA;BAHIA
13715891000104;IRECE;BA;BAHIA;SUBA;BAHIA
16234429000183;ITABELA;BA;BAHIA;SUBA;BAHIA
13719646000175;ITABERABA;BA;BAHIA;SUBA;BAHIA
14147490000168;ITABUNA;BA;BAHIA;SUBA;BAHIA
13846902000195;ITACARE;BA;BAHIA;SUBA;BAHIA
13922620000120;ITAETE;BA;BAHIA;SUBA;BAHIA
14200406000122;ITAGI;BA;BAHIA;SUBA;BAHIA
13701966000106;ITAGIBA;BA;BAHIA;SUBA;BAHIA
13634969000166;ITAGIMIRIM;BA;BAHIA;SUBA;BAHIA
16445843000131;ITAGUACU DA BAHIA;BA;BAHIA;SUBA;BAHIA
14147920000141;ITAJU DO COLONIA;BA;BAHIA;SUBA;BAHIA
14147946000190;ITAJUIPE;BA;BAHIA;SUBA;BAHIA
13761697000165;ITAMARAJU;BA;BAHIA;SUBA;BAHIA
13753959000140;ITAMARI;BA;BAHIA;SUBA;BAHIA
13743760000130;ITAMBE;BA;BAHIA;SUBA;BAHIA
14757157000170;ITANAGRA;BA;BAHIA;SUBA;BAHIA
14210512000197;ITANHEM;BA;BAHIA;SUBA;BAHIA
13882949000104;ITAPARICA;BA;BAHIA;SUBA;BAHIA
14147938000143;ITAPE;BA;BAHIA;SUBA;BAHIA
13634993000103;ITAPEBI;BA;BAHIA;SUBA;BAHIA
13751102000190;ITAPETINGA;BA;BAHIA;SUBA;BAHIA
13647557000160;ITAPICURU;BA;BAHIA;SUBA;BAHIA
14147482000111;ITAPITANGA;BA;BAHIA;SUBA;BAHIA
13763735000119;ITAQUARA;BA;BAHIA;SUBA;BAHIA
13751276000153;ITARANTIM;BA;BAHIA;SUBA;BAHIA
13866843000117;ITATIM;BA;BAHIA;SUBA;BAHIA
14198543000170;ITIRUCU;BA;BAHIA;SUBA;BAHIA
13988324000121;ITIUBA;BA;BAHIA;SUBA;BAHIA
13752993000108;ITORORO;BA;BAHIA;SUBA;BAHIA
14106280000121;ITUACU;BA;BAHIA;SUBA;BAHIA
14195333000128;ITUBERA;BA;BAHIA;SUBA;BAHIA
16416158000187;IUIU;BA;BAHIA;SUBA;BAHIA
13245568000114;JABORANDI;BA;BAHIA;SUBA;BAHIA
13677109000100;JACARACI;BA;BAHIA;SUBA;BAHIA
14197586000130;JACOBINA;BA;BAHIA;SUBA;BAHIA
13910211000103;JAGUAQUARA;BA;BAHIA;SUBA;BAHIA
13988316000185;JAGUARARI;BA;BAHIA;SUBA;BAHIA
13796289000149;JAGUARIPE;BA;BAHIA;SUBA;BAHIA
13697206000164;JANDAIRA;BA;BAHIA;SUBA;BAHIA
13894878000160;JEQUIE;BA;BAHIA;SUBA;BAHIA
13809041000175;JEREMOABO;BA;BAHIA;SUBA;BAHIA
13764659000166;JIQUIRICA;BA;BAHIA;SUBA;BAHIA
14205686000161;JITAUNA;BA;BAHIA;SUBA;BAHIA
13891510000148;JOAO DOURADO;BA;BAHIA;SUBA;BAHIA
13915632000127;JUAZEIRO;BA;BAHIA;SUBA;BAHIA
16412025000132;JUCURUCU;BA;BAHIA;SUBA;BAHIA
13717277000181;JUSSARA;BA;BAHIA;SUBA;BAHIA
13657937000186;JUSSARI;BA;BAHIA;SUBA;BAHIA
13674148000153;JUSSIAPE;BA;BAHIA;SUBA;BAHIA
14205959000178;LAFAIETE COUTINHO;BA;BAHIA;SUBA;BAHIA
16416117000190;LAGOA REAL;BA;BAHIA;SUBA;BAHIA
13825492000104;LAJE;BA;BAHIA;SUBA;BAHIA
13785670000102;LAJEDAO;BA;BAHIA;SUBA;BAHIA
13810544000160;LAJEDINHO;BA;BAHIA;SUBA;BAHIA
16434441000131;LAJEDO DO TABOCAL;BA;BAHIA;SUBA;BAHIA
13844071000112;LAMARAO;BA;BAHIA;SUBA;BAHIA
13891528000140;LAPAO;BA;BAHIA;SUBA;BAHIA
13927819000140;LAURO DE FREITAS;BA;BAHIA;SUBA;BAHIA
14694400000159;LENCOIS;BA;BAHIA;SUBA;BAHIA
14108286000138;LICINIO DE ALMEIDA;BA;BAHIA;SUBA;BAHIA
13674817000197;LIVRAMENTO DE NOSSA SENHORA;BA;BAHIA;SUBA;BAHIA
04214419000105;LUIS EDUARDO MAGALHAES;BA;BAHIA;SUBA;BAHIA
13810841000106;MACAJUBA;BA;BAHIA;SUBA;BAHIA
13751540000159;MACARANI;BA;BAHIA;SUBA;BAHIA
13782461000105;MACAUBAS;BA;BAHIA;SUBA;BAHIA
14217343000117;MACURURE;BA;BAHIA;SUBA;BAHIA
33919960000109;MADRE DE DEUS;BA;BAHIA;SUBA;BAHIA
13284641000167;MAETINGA;BA;BAHIA;SUBA;BAHIA
13751821000101;MAIQUINIQUE;BA;BAHIA;SUBA;BAHIA
14212872000128;MAIRI;BA;BAHIA;SUBA;BAHIA
14105217000170;MALHADA;BA;BAHIA;SUBA;BAHIA
14106561000184;MALHADA DE PEDRAS;BA;BAHIA;SUBA;BAHIA
13894886000106;MANOEL VITORINO;BA;BAHIA;SUBA;BAHIA
13348529000142;MANSIDAO;BA;BAHIA;SUBA;BAHIA
13910203000167;MARACAS;BA;BAHIA;SUBA;BAHIA
13784384000122;MARAGOGIPE;BA;BAHIA;SUBA;BAHIA
13848973000127;MARAU;BA;BAHIA;SUBA;BAHIA
13765219000123;MARCIONILIO SOUZA;BA;BAHIA;SUBA;BAHIA
13818018000147;MASCOTE;BA;BAHIA;SUBA;BAHIA
13805528000180;MATA DE SAO JOAO;BA;BAHIA;SUBA;BAHIA
16417800000142;MATINA;BA;BAHIA;SUBA;BAHIA
13786520000113;MEDEIROS NETO;BA;BAHIA;SUBA;BAHIA
13913363000160;MIGUEL CALMON;BA;BAHIA;SUBA;BAHIA
13720263000117;MILAGRES;BA;BAHIA;SUBA;BAHIA
13913371000106;MIRANGABA;BA;BAHIA;SUBA;BAHIA
16416521000164;MIRANTE;BA;BAHIA;SUBA;BAHIA
13698766000133;MONTE SANTO;BA;BAHIA;SUBA;BAHIA
13798574000107;MORPARA;BA;BAHIA;SUBA;BAHIA
13717517000148;MORRO DO CHAPEU;BA;BAHIA;SUBA;BAHIA
13677687000146;MORTUGABA;BA;BAHIA;SUBA;BAHIA
13922562000134;MUCUGE;BA;BAHIA;SUBA;BAHIA
13761705000173;MUCURI;BA;BAHIA;SUBA;BAHIA
16445876000181;MULUNGU DO MORRO;BA;BAHIA;SUBA;BAHIA
13795380000140;MUNDO NOVO;BA;BAHIA;SUBA;BAHIA
13796461000164;MUNIZ FERREIRA;BA;BAHIA;SUBA;BAHIA
;MUQUEM DE SAO FRANCISCO;BA;BAHIA;SUBA;BAHIA
13828504000146;MURITIBA;BA;BAHIA;SUBA;BAHIA
13827035000140;MUTUIPE;BA;BAHIA;SUBA;BAHIA
13797188000192;NAZARE;BA;BAHIA;SUBA;BAHIA
13758313000155;NILO PECANHA;BA;BAHIA;SUBA;BAHIA
13347539000163;NORDESTINA;BA;BAHIA;SUBA;BAHIA
13858675000118;NOVA CANAA;BA;BAHIA;SUBA;BAHIA
16444069000144;NOVA FATIMA;BA;BAHIA;SUBA;BAHIA
32697583000148;NOVA IBIA;BA;BAHIA;SUBA;BAHIA
13892187000127;NOVA ITARANA;BA;BAHIA;SUBA;BAHIA
16245334000165;NOVA REDENCAO;BA;BAHIA;SUBA;BAHIA
13904420000144;NOVA SOURE;BA;BAHIA;SUBA;BAHIA
13761531000149;NOVA VICOSA;BA;BAHIA;SUBA;BAHIA
16255077000142;NOVO HORIZONTE;BA;BAHIA;SUBA;BAHIA
16298945000171;NOVO TRIUNFO;BA;BAHIA;SUBA;BAHIA
13647854000106;OLINDINA;BA;BAHIA;SUBA;BAHIA
13798905000109;OLIVEIRA DOS BREJINHOS;BA;BAHIA;SUBA;BAHIA
13648043000120;OURICANGAS;BA;BAHIA;SUBA;BAHIA
16444150000124;OUROLANDIA;BA;BAHIA;SUBA;BAHIA
13982590000147;PALMAS DE MONTE ALTO;BA;BAHIA;SUBA;BAHIA
13922638000121;PALMEIRAS;BA;BAHIA;SUBA;BAHIA
13675491000112;PARAMIRIM;BA;BAHIA;SUBA;BAHIA
14105225000117;PARATINGA;BA;BAHIA;SUBA;BAHIA
14215826000182;PARIPIRANGA;BA;BAHIA;SUBA;BAHIA
13682299000153;PAU BRASIL;BA;BAHIA;SUBA;BAHIA
14217327000124;PAULO AFONSO;BA;BAHIA;SUBA;BAHIA
13232913000185;PE DE SERRA;BA;BAHIA;SUBA;BAHIA
13648241000193;PEDRAO;BA;BAHIA;SUBA;BAHIA
14216238000163;PEDRO ALEXANDRE;BA;BAHIA;SUBA;BAHIA
13675681000130;PIATA;BA;BAHIA;SUBA;BAHIA
13692033000191;PILAO ARCADO;BA;BAHIA;SUBA;BAHIA
13982624000101;PINDAI;BA;BAHIA;SUBA;BAHIA
13908710000166;PINDOBACU;BA;BAHIA;SUBA;BAHIA
13896725000151;PINTADAS;BA;BAHIA;SUBA;BAHIA
13071220000158;PIRAI DO NORTE;BA;BAHIA;SUBA;BAHIA
13694658000192;PIRIPA;BA;BAHIA;SUBA;BAHIA
13795786000122;PIRITIBA;BA;BAHIA;SUBA;BAHIA
13769021000118;PLANALTINO;BA;BAHIA;SUBA;BAHIA
13858907000138;PLANALTO;BA;BAHIA;SUBA;BAHIA
14242200000165;POCOES;BA;BAHIA;SUBA;BAHIA
13806237000106;POJUCA;BA;BAHIA;SUBA;BAHIA
16444143000122;PONTO NOVO;BA;BAHIA;SUBA;BAHIA
13635016000112;PORTO SEGURO;BA;BAHIA;SUBA;BAHIA
13752191000190;POTIRAGUA;BA;BAHIA;SUBA;BAHIA
13761713000110;PRADO;BA;BAHIA;SUBA;BAHIA
13717798000139;PRESIDENTE DUTRA;BA;BAHIA;SUBA;BAHIA
14120539000199;PRESIDENTE JANIO QUADROS;BA;BAHIA;SUBA;BAHIA
13071253000106;PRESIDENTE TANCREDO NEVES;BA;BAHIA;SUBA;BAHIA
14218952000190;QUEIMADAS;BA;BAHIA;SUBA;BAHIA
13698782000126;QUIJINGUE;BA;BAHIA;SUBA;BAHIA
16443723000103;QUIXABEIRA;BA;BAHIA;SUBA;BAHIA
13195862000169;RAFAEL JAMBEIRO;BA;BAHIA;SUBA;BAHIA
13909247000177;REMANSO;BA;BAHIA;SUBA;BAHIA
13844220000143;RETIROLANDIA;BA;BAHIA;SUBA;BAHIA
14100747000126;RIACHAO DAS NEVES;BA;BAHIA;SUBA;BAHIA
14043269000160;RIACHAO DO JACUIPE;BA;BAHIA;SUBA;BAHIA
14105191000160;RIACHO DE SANTANA;BA;BAHIA;SUBA;BAHIA
13809405000117;RIBEIRA DO AMPARO;BA;BAHIA;SUBA;BAHIA
13809397000109;RIBEIRA DO POMBAL;BA;BAHIA;SUBA;BAHIA
16418683000131;RIBEIRAO DO LARGO;BA;BAHIA;SUBA;BAHIA
14263859000106;RIO DE CONTAS;BA;BAHIA;SUBA;BAHIA
13678008000153;RIO DO ANTONIO;BA;BAHIA;SUBA;BAHIA
13783279000179;RIO DO PIRES;BA;BAHIA;SUBA;BAHIA
15088800000183;RIO REAL;BA;BAHIA;SUBA;BAHIA
14217350000119;RODELAS;BA;BAHIA;SUBA;BAHIA
13810833000160;RUY BARBOSA;BA;BAHIA;SUBA;BAHIA
13743281000114;SALINAS DA MARGARIDA;BA;BAHIA;SUBA;BAHIA
13927801000300;SALVADOR;BA;BAHIA;SUBA;BAHIA
13626908000157;SANTA BARBARA;BA;BAHIA;SUBA;BAHIA
14217368000110;SANTA BRIGIDA;BA;BAHIA;SUBA;BAHIA
13635008000176;SANTA CRUZ CABRALIA;BA;BAHIA;SUBA;BAHIA
14147912000103;SANTA CRUZ DA VITORIA;BA;BAHIA;SUBA;BAHIA
14199921000130;SANTA INES;BA;BAHIA;SUBA;BAHIA
13269634000196;SANTA LUZIA;BA;BAHIA;SUBA;BAHIA
13912506000119;SANTA MARIA DA VITORIA;BA;BAHIA;SUBA;BAHIA
13880711000140;SANTA RITA DE CASSIA;BA;BAHIA;SUBA;BAHIA
13693650000101;SANTA TERESINHA;BA;BAHIA;SUBA;BAHIA
13807870000119;SANTALUZ;BA;BAHIA;SUBA;BAHIA
13913140000100;SANTANA;BA;BAHIA;SUBA;BAHIA
13627062000170;SANTANOPOLIS;BA;BAHIA;SUBA;BAHIA
14222566000172;SANTO AMARO;BA;BAHIA;SUBA;BAHIA
13825476000103;SANTO ANTONIO DE JESUS;BA;BAHIA;SUBA;BAHIA
14042667000161;SANTO ESTEVAO;BA;BAHIA;SUBA;BAHIA
13655436000160;SAO DESIDERIO;BA;BAHIA;SUBA;BAHIA
16435547000150;SAO DOMINGOS;BA;BAHIA;SUBA;BAHIA
13827027000102;SAO FELIPE;BA;BAHIA;SUBA;BAHIA
13828389000100;SAO FELIX;BA;BAHIA;SUBA;BAHIA
16430951000130;SAO FELIX DO CORIBE;BA;BAHIA;SUBA;BAHIA
13830823000196;SAO FRANCISCO DO CONDE;BA;BAHIA;SUBA;BAHIA
13891544000132;SAO GABRIEL;BA;BAHIA;SUBA;BAHIA
14060602000149;SAO GONCALO DOS CAMPOS;BA;BAHIA;SUBA;BAHIA
16429268000183;SAO JOSE DA VITORIA;BA;BAHIA;SUBA;BAHIA
16443632000160;SAO JOSE DO JACUIPE;BA;BAHIA;SUBA;BAHIA
13825500000104;SAO MIGUEL DAS MATAS;BA;BAHIA;SUBA;BAHIA
13831441000187;SAO SEBASTIAO DO PASSE;BA;BAHIA;SUBA;BAHIA
13696257000171;SAPEACU;BA;BAHIA;SUBA;BAHIA
13648480000143;SATIRO DIAS;BA;BAHIA;SUBA;BAHIA
13040233000160;SAUBARA;BA;BAHIA;SUBA;BAHIA
14197628000133;SAUDE;BA;BAHIA;SUBA;BAHIA
13922604000137;SEABRA;BA;BAHIA;SUBA;BAHIA
13982616000157;SEBASTIAO LARANJEIRAS;BA;BAHIA;SUBA;BAHIA
13988308000139;SENHOR DO BONFIM;BA;BAHIA;SUBA;BAHIA
13692736000110;SENTO SE;BA;BAHIA;SUBA;BAHIA
16417784000198;SERRA DO RAMALHO;BA;BAHIA;SUBA;BAHIA
14222277000173;SERRA DOURADA;BA;BAHIA;SUBA;BAHIA
13627823000193;SERRA PRETA;BA;BAHIA;SUBA;BAHIA
08144792000180;SERRINHA;BA;BAHIA;SUBA;BAHIA
14196703000141;SERROLANDIA;BA;BAHIA;SUBA;BAHIA
13927827000197;SIMOES FILHO;BA;BAHIA;SUBA;BAHIA
16417792000134;SITIO DO MATO;BA;BAHIA;SUBA;BAHIA
13452958000165;SITIO DO QUINTO;BA;BAHIA;SUBA;BAHIA
16444804000110;SOBRADINHO;BA;BAHIA;SUBA;BAHIA
13922554000198;SOUTO SOARES;BA;BAHIA;SUBA;BAHIA
13655659000128;TABOCAS DO BREJO VELHO;BA;BAHIA;SUBA;BAHIA
13676309000148;TANHACU;BA;BAHIA;SUBA;BAHIA
13225131000119;TANQUE NOVO;BA;BAHIA;SUBA;BAHIA
13627997000156;TANQUINHO;BA;BAHIA;SUBA;BAHIA
13850342000142;TAPEROA;BA;BAHIA;SUBA;BAHIA
13796016000102;TAPIRAMUTA;BA;BAHIA;SUBA;BAHIA
13650403000128;TEIXEIRA DE FREITAS;BA;BAHIA;SUBA;BAHIA
13824248000119;TEODORO SAMPAIO;BA;BAHIA;SUBA;BAHIA
13845466000130;TEOFILANDIA;BA;BAHIA;SUBA;BAHIA
14196042000154;TEOLANDIA;BA;BAHIA;SUBA;BAHIA
13824511000170;TERRA NOVA;BA;BAHIA;SUBA;BAHIA
14243463000199;TREMEDAL;BA;BAHIA;SUBA;BAHIA
13810312000102;TUCANO;BA;BAHIA;SUBA;BAHIA
13698758000197;UAUA;BA;BAHIA;SUBA;BAHIA
13910690000168;UBAIRA;BA;BAHIA;SUBA;BAHIA
16137309000168;UBAITABA;BA;BAHIA;SUBA;BAHIA
14235253000159;UBATA;BA;BAHIA;SUBA;BAHIA
14140701000130;UIBAI;BA;BAHIA;SUBA;BAHIA
16449902000140;UMBURANAS;BA;BAHIA;SUBA;BAHIA
13672605000170;UNA;BA;BAHIA;SUBA;BAHIA
13982632000140;URANDI;BA;BAHIA;SUBA;BAHIA
14160378000167;URUCUCA;BA;BAHIA;SUBA;BAHIA
13811807000156;UTINGA;BA;BAHIA;SUBA;BAHIA
14235899000136;VALENCA;BA;BAHIA;SUBA;BAHIA
13845896000151;VALENTE;BA;BAHIA;SUBA;BAHIA
13896758000100;VARZEA DA ROCA;BA;BAHIA;SUBA;BAHIA
13913389000108;VARZEA DO POCO;BA;BAHIA;SUBA;BAHIA
13231006000111;VARZEA NOVA;BA;BAHIA;SUBA;BAHIA
13460266000169;VARZEDO;BA;BAHIA;SUBA;BAHIA
13891130000103;VERA CRUZ;BA;BAHIA;SUBA;BAHIA
16412017000196;VEREDA;BA;BAHIA;SUBA;BAHIA
14239578000100;VITORIA DA CONQUISTA;BA;BAHIA;SUBA;BAHIA
14694517000132;WAGNER;BA;BAHIA;SUBA;BAHIA
13348479000101;WANDERLEY;BA;BAHIA;SUBA;BAHIA
13758842000159;WENCESLAU GUIMARAES;BA;BAHIA;SUBA;BAHIA
13880257000127;XIQUE-XIQUE;BA;BAHIA;SUBA;BAHIA
07411531000116;ABAIARA;CE;PERNAMBUCO;SUPE;PERNAMBUCO
23555170000138;ACARAPE;CE;PERNAMBUCO;SUPE;PERNAMBUCO
07547821000191;ACARAU;CE;PERNAMBUCO;SUPE;PERNAMBUCO
07847379000119;ACOPIARA;CE;PERNAMBUCO;SUPE;PERNAMBUCO
07568231000145;AIUABA;CE;PERNAMBUCO;SUPE;PERNAMBUCO
07598626000190;ALCANTARAS;CE;PERNAMBUCO;SUPE;PERNAMBUCO
07385503000171;ALTANEIRA;CE;PERNAMBUCO;SUPE;PERNAMBUCO
07891666000126;ALTO SANTO;CE;PERNAMBUCO;SUPE;PERNAMBUCO
06582449000191;AMONTADA;CE;PERNAMBUCO;SUPE;PERNAMBUCO
07594500000148;ANTONINA DO NORTE;CE;PERNAMBUCO;SUPE;PERNAMBUCO
07438468000101;APUIARES;CE;PERNAMBUCO;SUPE;PERNAMBUCO
07911696000157;AQUIRAZ;CE;PERNAMBUCO;SUPE;PERNAMBUCO
07684756000146;ARACATI;CE;PERNAMBUCO;SUPE;PERNAMBUCO
07387392000132;ARACOIABA;CE;PERNAMBUCO;SUPE;PERNAMBUCO
23718356000160;ARARENDA;CE;PERNAMBUCO;SUPE;PERNAMBUCO
07539984000122;ARARIPE;CE;PERNAMBUCO;SUPE;PERNAMBUCO
07387525000170;ARATUBA;CE;PERNAMBUCO;SUPE;PERNAMBUCO
06748297000154;ARNEIROZ;CE;PERNAMBUCO;SUPE;PERNAMBUCO
07587983000153;ASSARE;CE;PERNAMBUCO;SUPE;PERNAMBUCO
07978042000140;AURORA;CE;PERNAMBUCO;SUPE;PERNAMBUCO
07520224000173;BAIXIO;CE;PERNAMBUCO;SUPE;PERNAMBUCO
23444672000191;BANABUIU;CE;PERNAMBUCO;SUPE;PERNAMBUCO
06740278000181;BARBALHA;CE;PERNAMBUCO;SUPE;PERNAMBUCO
12459632000105;BARREIRA;CE;PERNAMBUCO;SUPE;PERNAMBUCO
07620396000119;BARRO;CE;PERNAMBUCO;SUPE;PERNAMBUCO
23478597000180;BARROQUINHA;CE;PERNAMBUCO;SUPE;PERNAMBUCO
07387343000108;BATURITE;CE;PERNAMBUCO;SUPE;PERNAMBUCO
07528292000189;BEBERIBE;CE;PERNAMBUCO;SUPE;PERNAMBUCO
07566045000177;BELA CRUZ;CE;PERNAMBUCO;SUPE;PERNAMBUCO
07963515000136;BOA VIAGEM;CE;PERNAMBUCO;SUPE;PERNAMBUCO
07620701000172;BREJO SANTO;CE;PERNAMBUCO;SUPE;PERNAMBUCO
07660350000123;CAMOCIM;CE;PERNAMBUCO;SUPE;PERNAMBUCO
07416704000199;CAMPOS SALES;CE;PERNAMBUCO;SUPE;PERNAMBUCO
07963259000187;CANINDE;CE;PERNAMBUCO;SUPE;PERNAMBUCO
07063589000116;CAPISTRANO;CE;PERNAMBUCO;SUPE;PERNAMBUCO
07707094000182;CARIDADE;CE;PERNAMBUCO;SUPE;PERNAMBUCO
07598600000142;CARIRE;CE;PERNAMBUCO;SUPE;PERNAMBUCO
06738132000100;CARIRIACU;CE;PERNAMBUCO;SUPE;PERNAMBUCO
07540180000143;CARIUS;CE;PERNAMBUCO;SUPE;PERNAMBUCO
07732670000222;CARNAUBAL;CE;PERNAMBUCO;SUPE;PERNAMBUCO
07589369000120;CASCAVEL;CE;PERNAMBUCO;SUPE;PERNAMBUCO
07540925000174;CATARINA;CE;PERNAMBUCO;SUPE;PERNAMBUCO
35049097000101;CATUNDA;CE;PERNAMBUCO;SUPE;PERNAMBUCO
07616162000106;CAUCAIA;CE;PERNAMBUCO;SUPE;PERNAMBUCO
07812241000184;CEDRO;CE;PERNAMBUCO;SUPE;PERNAMBUCO
07146301000177;CHAVAL;CE;PERNAMBUCO;SUPE;PERNAMBUCO
63386627000142;CHORO;CE;PERNAMBUCO;SUPE;PERNAMBUCO
23555279000175;CHOROZINHO;CE;PERNAMBUCO;SUPE;PERNAMBUCO
07598618000144;COREAU;CE;PERNAMBUCO;SUPE;PERNAMBUCO
07982036000167;CRATEUS;CE;PERNAMBUCO;SUPE;PERNAMBUCO
07587975000107;CRATO;CE;PERNAMBUCO;SUPE;PERNAMBUCO
10462349000107;CROATA;CE;PERNAMBUCO;SUPE;PERNAMBUCO
07663917000115;CRUZ;CE;PERNAMBUCO;SUPE;PERNAMBUCO
12464103000191;DEPUTADO IRAPUAN PINHEIRO;CE;PERNAMBUCO;SUPE;PERNAMBUCO
12465068000125;ERERE;CE;PERNAMBUCO;SUPE;PERNAMBUCO
23563067000130;EUSEBIO;CE;PERNAMBUCO;SUPE;PERNAMBUCO
07595572000100;FARIAS BRITO;CE;PERNAMBUCO;SUPE;PERNAMBUCO
07673106000103;FORQUILHA;CE;PERNAMBUCO;SUPE;PERNAMBUCO
07954605000160;FORTALEZA;CE;PERNAMBUCO;SUPE;PERNAMBUCO
35050756000120;FORTIM;CE;PERNAMBUCO;SUPE;PERNAMBUCO
07598592000134;FRECHEIRINHA;CE;PERNAMBUCO;SUPE;PERNAMBUCO
07438591000122;GENERAL SAMPAIO;CE;PERNAMBUCO;SUPE;PERNAMBUCO
23467889000117;GRACA;CE;PERNAMBUCO;SUPE;PERNAMBUCO
07827165000180;GRANJA;CE;PERNAMBUCO;SUPE;PERNAMBUCO
41342098000142;GRANJEIRO;CE;PERNAMBUCO;SUPE;PERNAMBUCO
07598709000180;GROAIRAS;CE;PERNAMBUCO;SUPE;PERNAMBUCO
12359535000132;GUAIUBA;CE;PERNAMBUCO;SUPE;PERNAMBUCO
07569205000131;GUARACIABA DO NORTE;CE;PERNAMBUCO;SUPE;PERNAMBUCO
07606478000109;GUARAMIRANGA;CE;PERNAMBUCO;SUPE;PERNAMBUCO
07707680000127;HIDROLANDIA;CE;PERNAMBUCO;SUPE;PERNAMBUCO
23555196000186;HORIZONTE;CE;PERNAMBUCO;SUPE;PERNAMBUCO
23444680000138;IBARETAMA;CE;PERNAMBUCO;SUPE;PERNAMBUCO
07523186000102;IBIAPINA;CE;PERNAMBUCO;SUPE;PERNAMBUCO
12461646000155;IBICUITINGA;CE;PERNAMBUCO;SUPE;PERNAMBUCO
10393593000157;ICAPUI;CE;PERNAMBUCO;SUPE;PERNAMBUCO
07669682000179;ICO;CE;PERNAMBUCO;SUPE;PERNAMBUCO
07810468000190;IGUATU;CE;PERNAMBUCO;SUPE;PERNAMBUCO
07982028000110;INDEPENDENCIA;CE;PERNAMBUCO;SUPE;PERNAMBUCO
10462364000147;IPAPORANGA;CE;PERNAMBUCO;SUPE;PERNAMBUCO
07520141000184;IPAUMIRIM;CE;PERNAMBUCO;SUPE;PERNAMBUCO
07679723000108;IPU;CE;PERNAMBUCO;SUPE;PERNAMBUCO
07680846000169;IPUEIRAS;CE;PERNAMBUCO;SUPE;PERNAMBUCO
07891658000180;IRACEMA;CE;PERNAMBUCO;SUPE;PERNAMBUCO
07683188000169;IRAUCUBA;CE;PERNAMBUCO;SUPE;PERNAMBUCO
07403769000108;ITAICABA;CE;PERNAMBUCO;SUPE;PERNAMBUCO
41563628000182;ITAITINGA;CE;PERNAMBUCO;SUPE;PERNAMBUCO
07683956000184;ITAPAJE;CE;PERNAMBUCO;SUPE;PERNAMBUCO
07623077000167;ITAPIPOCA;CE;PERNAMBUCO;SUPE;PERNAMBUCO
07387509000188;ITAPIUNA;CE;PERNAMBUCO;SUPE;PERNAMBUCO
07663941000154;ITAREMA;CE;PERNAMBUCO;SUPE;PERNAMBUCO
07963739000148;ITATIRA;CE;PERNAMBUCO;SUPE;PERNAMBUCO
07442825000105;JAGUARETAMA;CE;PERNAMBUCO;SUPE;PERNAMBUCO
07442981000176;JAGUARIBARA;CE;PERNAMBUCO;SUPE;PERNAMBUCO
07443708000166;JAGUARIBE;CE;PERNAMBUCO;SUPE;PERNAMBUCO
07615750000117;JAGUARUANA;CE;PERNAMBUCO;SUPE;PERNAMBUCO
07391006000186;JARDIM;CE;PERNAMBUCO;SUPE;PERNAMBUCO
07413255000125;JATI;CE;PERNAMBUCO;SUPE;PERNAMBUCO
23718034000111;JIJOCA DE JERICOACOARA;CE;PERNAMBUCO;SUPE;PERNAMBUCO
07974082000114;JUAZEIRO DO NORTE;CE;PERNAMBUCO;SUPE;PERNAMBUCO
07541279000160;JUCAS;CE;PERNAMBUCO;SUPE;PERNAMBUCO
07609621000116;LAVRAS DA MANGABEIRA;CE;PERNAMBUCO;SUPE;PERNAMBUCO
07891674000172;LIMOEIRO DO NORTE;CE;PERNAMBUCO;SUPE;PERNAMBUCO
10508935000137;MADALENA;CE;PERNAMBUCO;SUPE;PERNAMBUCO
07605850000162;MARACANAU;CE;PERNAMBUCO;SUPE;PERNAMBUCO
07963051000168;MARANGUAPE;CE;PERNAMBUCO;SUPE;PERNAMBUCO
07566516000147;MARCO;CE;PERNAMBUCO;SUPE;PERNAMBUCO
07661192000126;MARTINOPOLE;CE;PERNAMBUCO;SUPE;PERNAMBUCO
07598691000116;MASSAPE;CE;PERNAMBUCO;SUPE;PERNAMBUCO
07655269000155;MAURITI;CE;PERNAMBUCO;SUPE;PERNAMBUCO
07598683000170;MERUOCA;CE;PERNAMBUCO;SUPE;PERNAMBUCO
07655277000100;MILAGRES;CE;PERNAMBUCO;SUPE;PERNAMBUCO
06741565000106;MILHA;CE;PERNAMBUCO;SUPE;PERNAMBUCO
10517563000105;MIRAIMA;CE;PERNAMBUCO;SUPE;PERNAMBUCO
07977044000115;MISSAO VELHA;CE;PERNAMBUCO;SUPE;PERNAMBUCO
07736390000101;MOMBACA;CE;PERNAMBUCO;SUPE;PERNAMBUCO
07693989000105;MONSENHOR TABOSA;CE;PERNAMBUCO;SUPE;PERNAMBUCO
07782840000100;MORADA NOVA;CE;PERNAMBUCO;SUPE;PERNAMBUCO
07598675000123;MORAUJO;CE;PERNAMBUCO;SUPE;PERNAMBUCO
07566920000110;MORRINHOS;CE;PERNAMBUCO;SUPE;PERNAMBUCO
07733793000105;MUCAMBO;CE;PERNAMBUCO;SUPE;PERNAMBUCO
07910730000179;MULUNGU;CE;PERNAMBUCO;SUPE;PERNAMBUCO
07536444000195;NOVA OLINDA;CE;PERNAMBUCO;SUPE;PERNAMBUCO
07993439000101;NOVA RUSSAS;CE;PERNAMBUCO;SUPE;PERNAMBUCO
07982010000119;NOVO ORIENTE;CE;PERNAMBUCO;SUPE;PERNAMBUCO
12459616000104;OCARA;CE;PERNAMBUCO;SUPE;PERNAMBUCO
07670821000184;OROS;CE;PERNAMBUCO;SUPE;PERNAMBUCO
07384407000109;PACAJUS;CE;PERNAMBUCO;SUPE;PERNAMBUCO
07963861000114;PACATUBA;CE;PERNAMBUCO;SUPE;PERNAMBUCO
07910755000172;PACOTI;CE;PERNAMBUCO;SUPE;PERNAMBUCO
07734148000107;PACUJA;CE;PERNAMBUCO;SUPE;PERNAMBUCO
07488679000159;PALHANO;CE;PERNAMBUCO;SUPE;PERNAMBUCO
07711666000105;PALMACIA;CE;PERNAMBUCO;SUPE;PERNAMBUCO
07592298000115;PARACURU;CE;PERNAMBUCO;SUPE;PERNAMBUCO
10380608000142;PARAIPABA;CE;PERNAMBUCO;SUPE;PERNAMBUCO
07731102000126;PARAMBU;CE;PERNAMBUCO;SUPE;PERNAMBUCO
07711963000142;PARAMOTI;CE;PERNAMBUCO;SUPE;PERNAMBUCO
07726540000104;PEDRA BRANCA;CE;PERNAMBUCO;SUPE;PERNAMBUCO
07414931000185;PENAFORTE;CE;PERNAMBUCO;SUPE;PERNAMBUCO
07682651000158;PENTECOSTE;CE;PERNAMBUCO;SUPE;PERNAMBUCO
07570518000100;PEREIRO;CE;PERNAMBUCO;SUPE;PERNAMBUCO
23563448000119;PINDORETAMA;CE;PERNAMBUCO;SUPE;PERNAMBUCO
07738057000131;PIQUET CARNEIRO;CE;PERNAMBUCO;SUPE;PERNAMBUCO
10462208000186;PIRES FERREIRA;CE;PERNAMBUCO;SUPE;PERNAMBUCO
07438187000159;PORANGA;CE;PERNAMBUCO;SUPE;PERNAMBUCO
07654114000102;PORTEIRAS;CE;PERNAMBUCO;SUPE;PERNAMBUCO
07658917000127;POTENGI;CE;PERNAMBUCO;SUPE;PERNAMBUCO
12461653000157;POTIRETAMA;CE;PERNAMBUCO;SUPE;PERNAMBUCO
07551179000114;QUITERIANOPOLIS;CE;PERNAMBUCO;SUPE;PERNAMBUCO
23444748000189;QUIXADA;CE;PERNAMBUCO;SUPE;PERNAMBUCO
06742480000142;QUIXELO;CE;PERNAMBUCO;SUPE;PERNAMBUCO
07744303000168;QUIXERAMOBIM;CE;PERNAMBUCO;SUPE;PERNAMBUCO
07807191000147;QUIXERE;CE;PERNAMBUCO;SUPE;PERNAMBUCO
07756646000142;REDENCAO;CE;PERNAMBUCO;SUPE;PERNAMBUCO
07598667000187;RERIUTABA;CE;PERNAMBUCO;SUPE;PERNAMBUCO
07535446000160;RUSSAS;CE;PERNAMBUCO;SUPE;PERNAMBUCO
07811946000187;SABOEIRO;CE;PERNAMBUCO;SUPE;PERNAMBUCO
12464491000100;SALITRE;CE;PERNAMBUCO;SUPE;PERNAMBUCO
07725138000105;SANTA QUITERIA;CE;PERNAMBUCO;SUPE;PERNAMBUCO
07598659000130;SANTANA DO ACARAU;CE;PERNAMBUCO;SUPE;PERNAMBUCO
07597347000102;SANTANA DO CARIRI;CE;PERNAMBUCO;SUPE;PERNAMBUCO
07778129000174;SAO BENEDITO;CE;PERNAMBUCO;SUPE;PERNAMBUCO
07533656000119;SAO GONCALO DO AMARANTE;CE;PERNAMBUCO;SUPE;PERNAMBUCO
07891690000165;SAO JOAO DO JAGUARIBE;CE;PERNAMBUCO;SUPE;PERNAMBUCO
07623051000119;SAO LUIS DO CURU;CE;PERNAMBUCO;SUPE;PERNAMBUCO
07728421000182;SENADOR POMPEU;CE;PERNAMBUCO;SUPE;PERNAMBUCO
07598642000183;SENADOR SA;CE;PERNAMBUCO;SUPE;PERNAMBUCO
07598634000137;SOBRAL;CE;PERNAMBUCO;SUPE;PERNAMBUCO
07733256000157;SOLONOPOLE;CE;PERNAMBUCO;SUPE;PERNAMBUCO
07891682000119;TABULEIRO DO NORTE;CE;PERNAMBUCO;SUPE;PERNAMBUCO
07705817000104;TAMBORIL;CE;PERNAMBUCO;SUPE;PERNAMBUCO
12464301000155;TARRAFAS;CE;PERNAMBUCO;SUPE;PERNAMBUCO
07849532000147;TAUA;CE;PERNAMBUCO;SUPE;PERNAMBUCO
23489834000108;TEJUCUOCA;CE;PERNAMBUCO;SUPE;PERNAMBUCO
07735178000120;TIANGUA;CE;PERNAMBUCO;SUPE;PERNAMBUCO
07533946000162;TRAIRI;CE;PERNAMBUCO;SUPE;PERNAMBUCO
10517878000152;TURURU;CE;PERNAMBUCO;SUPE;PERNAMBUCO
07735541000107;UBAJARA;CE;PERNAMBUCO;SUPE;PERNAMBUCO
07520372000198;UMARI;CE;PERNAMBUCO;SUPE;PERNAMBUCO
06582464000130;UMIRIM;CE;PERNAMBUCO;SUPE;PERNAMBUCO
07623069000110;URUBURETAMA;CE;PERNAMBUCO;SUPE;PERNAMBUCO
07667926000184;URUOCA;CE;PERNAMBUCO;SUPE;PERNAMBUCO
07673114000141;VARJOTA;CE;PERNAMBUCO;SUPE;PERNAMBUCO
07539273000158;VARZEA ALEGRE;CE;PERNAMBUCO;SUPE;PERNAMBUCO
10462497000113;VICOSA DO CEARA;CE;PERNAMBUCO;SUPE;PERNAMBUCO
;AGUA QUENTE;DF;DISTRITO FEDERAL;SUDF;DISTRITO FEDERAL
;AGUAS CLARAS;DF;DISTRITO FEDERAL;SUDF;DISTRITO FEDERAL
;ARAPOANGA;DF;DISTRITO FEDERAL;SUDF;DISTRITO FEDERAL
;ARNIQUEIRA;DF;DISTRITO FEDERAL;SUDF;DISTRITO FEDERAL
00394601000126;BRASILIA;DF;DISTRITO FEDERAL;SUDF;DISTRITO FEDERAL
;BRAZLANDIA;DF;DISTRITO FEDERAL;SUDF;DISTRITO FEDERAL
;CANDANGOLANDIA;DF;DISTRITO FEDERAL;SUDF;DISTRITO FEDERAL
;CEILANDIA;DF;DISTRITO FEDERAL;SUDF;DISTRITO FEDERAL
;CRUZEIRO;DF;DISTRITO FEDERAL;SUDF;DISTRITO FEDERAL
;FERCAL;DF;DISTRITO FEDERAL;SUDF;DISTRITO FEDERAL
;GAMA;DF;DISTRITO FEDERAL;SUDF;DISTRITO FEDERAL
;GUARA;DF;DISTRITO FEDERAL;SUDF;DISTRITO FEDERAL
;ITAPOA;DF;DISTRITO FEDERAL;SUDF;DISTRITO FEDERAL
;JARDIM BOTANICO;DF;DISTRITO FEDERAL;SUDF;DISTRITO FEDERAL
;LAGO NORTE;DF;DISTRITO FEDERAL;SUDF;DISTRITO FEDERAL
;LAGO SUL;DF;DISTRITO FEDERAL;SUDF;DISTRITO FEDERAL
;NUCLEO BANDEIRANTE;DF;DISTRITO FEDERAL;SUDF;DISTRITO FEDERAL
;PARANOA;DF;DISTRITO FEDERAL;SUDF;DISTRITO FEDERAL
;PARK WAY;DF;DISTRITO FEDERAL;SUDF;DISTRITO FEDERAL
;PLANALTINA;DF;DISTRITO FEDERAL;SUDF;DISTRITO FEDERAL
;PLANO PILOTO;DF;DISTRITO FEDERAL;SUDF;DISTRITO FEDERAL
;RECANTO DAS EMAS;DF;DISTRITO FEDERAL;SUDF;DISTRITO FEDERAL
;RIACHO FUNDO;DF;DISTRITO FEDERAL;SUDF;DISTRITO FEDERAL
;RIACHO FUNDO II;DF;DISTRITO FEDERAL;SUDF;DISTRITO FEDERAL
;SAMAMBAIA;DF;DISTRITO FEDERAL;SUDF;DISTRITO FEDERAL
;SANTA MARIA;DF;DISTRITO FEDERAL;SUDF;DISTRITO FEDERAL
;SAO SEBASTIAO;DF;DISTRITO FEDERAL;SUDF;DISTRITO FEDERAL
;SCIA;DF;DISTRITO FEDERAL;SUDF;DISTRITO FEDERAL
;SIA;DF;DISTRITO FEDERAL;SUDF;DISTRITO FEDERAL
;SOBRADINHO;DF;DISTRITO FEDERAL;SUDF;DISTRITO FEDERAL
;SOBRADINHO II;DF;DISTRITO FEDERAL;SUDF;DISTRITO FEDERAL
;SOL NASCENTE / POR DO SOL;DF;DISTRITO FEDERAL;SUDF;DISTRITO FEDERAL
;SUDOESTE/OCTOGONAL;DF;DISTRITO FEDERAL;SUDF;DISTRITO FEDERAL
;TAGUATINGA;DF;DISTRITO FEDERAL;SUDF;DISTRITO FEDERAL
;VARJAO;DF;DISTRITO FEDERAL;SUDF;DISTRITO FEDERAL
;VICENTE PIRES;DF;DISTRITO FEDERAL;SUDF;DISTRITO FEDERAL
27165562000141;AFONSO CLAUDIO;ES;RIO DE JANEIRO;SURJ;RIO DE JANEIRO
31796626000180;AGUA DOCE DO NORTE;ES;RIO DE JANEIRO;SURJ;RIO DE JANEIRO
31796584000187;AGUIA BRANCA;ES;RIO DE JANEIRO;SURJ;RIO DE JANEIRO
27174101000135;ALEGRE;ES;RIO DE JANEIRO;SURJ;RIO DE JANEIRO
27142686000101;ALFREDO CHAVES;ES;RIO DE JANEIRO;SURJ;RIO DE JANEIRO
31796659000120;ALTO RIO NOVO;ES;RIO DE JANEIRO;SURJ;RIO DE JANEIRO
27142694000158;ANCHIETA;ES;RIO DE JANEIRO;SURJ;RIO DE JANEIRO
27165604000144;APIACA;ES;RIO DE JANEIRO;SURJ;RIO DE JANEIRO
27142702000166;ARACRUZ;ES;RIO DE JANEIRO;SURJ;RIO DE JANEIRO
27165620000137;ATILIO VIVACQUA;ES;RIO DE JANEIRO;SURJ;RIO DE JANEIRO
27165737000110;BAIXO GUANDU;ES;RIO DE JANEIRO;SURJ;RIO DE JANEIRO
27165745000167;BARRA DE SAO FRANCISCO;ES;RIO DE JANEIRO;SURJ;RIO DE JANEIRO
27167436000126;BOA ESPERANCA;ES;RIO DE JANEIRO;SURJ;RIO DE JANEIRO
27167360000139;BOM JESUS DO NORTE;ES;RIO DE JANEIRO;SURJ;RIO DE JANEIRO
01612674000100;BREJETUBA;ES;RIO DE JANEIRO;SURJ;RIO DE JANEIRO
27165588000190;CACHOEIRO DE ITAPEMIRIM;ES;RIO DE JANEIRO;SURJ;RIO DE JANEIRO
27150549000119;CARIACICA;ES;RIO DE JANEIRO;SURJ;RIO DE JANEIRO
27165638000139;CASTELO;ES;RIO DE JANEIRO;SURJ;RIO DE JANEIRO
27165729000174;COLATINA;ES;RIO DE JANEIRO;SURJ;RIO DE JANEIRO
27174077000134;CONCEICAO DA BARRA;ES;RIO DE JANEIRO;SURJ;RIO DE JANEIRO
27165570000198;CONCEICAO DO CASTELO;ES;RIO DE JANEIRO;SURJ;RIO DE JANEIRO
27174127000183;DIVINO DE SAO LOURENCO;ES;RIO DE JANEIRO;SURJ;RIO DE JANEIRO
27150556000110;DOMINGOS MARTINS;ES;RIO DE JANEIRO;SURJ;RIO DE JANEIRO
27167386000187;DORES DO RIO PRETO;ES;RIO DE JANEIRO;SURJ;RIO DE JANEIRO
27167311000104;ECOPORANGA;ES;RIO DE JANEIRO;SURJ;RIO DE JANEIRO
27165182000107;FUNDAO;ES;RIO DE JANEIRO;SURJ;RIO DE JANEIRO
04217786000154;GOVERNADOR LINDENBERG;ES;RIO DE JANEIRO;SURJ;RIO DE JANEIRO
27174135000120;GUACUI;ES;RIO DE JANEIRO;SURJ;RIO DE JANEIRO
27165190000153;GUARAPARI;ES;RIO DE JANEIRO;SURJ;RIO DE JANEIRO
27744150000166;IBATIBA;ES;RIO DE JANEIRO;SURJ;RIO DE JANEIRO
27165208000117;IBIRACU;ES;RIO DE JANEIRO;SURJ;RIO DE JANEIRO
31726490000131;IBITIRAMA;ES;RIO DE JANEIRO;SURJ;RIO DE JANEIRO
27165646000185;ICONHA;ES;RIO DE JANEIRO;SURJ;RIO DE JANEIRO
36403954000192;IRUPI;ES;RIO DE JANEIRO;SURJ;RIO DE JANEIRO
27167451000174;ITAGUACU;ES;RIO DE JANEIRO;SURJ;RIO DE JANEIRO
27165588000190;ITAPEMIRIM;ES;RIO DE JANEIRO;SURJ;RIO DE JANEIRO
27104363000123;ITARANA;ES;RIO DE JANEIRO;SURJ;RIO DE JANEIRO
27167394000123;IUNA;ES;RIO DE JANEIRO;SURJ;RIO DE JANEIRO
27744184000150;JAGUARE;ES;RIO DE JANEIRO;SURJ;RIO DE JANEIRO
27165653000187;JERONIMO MONTEIRO;ES;RIO DE JANEIRO;SURJ;RIO DE JANEIRO
31776479000186;JOAO NEIVA;ES;RIO DE JANEIRO;SURJ;RIO DE JANEIRO
31796097000114;LARANJA DA TERRA;ES;RIO DE JANEIRO;SURJ;RIO DE JANEIRO
27167410000188;LINHARES;ES;RIO DE JANEIRO;SURJ;RIO DE JANEIRO
27167345000190;MANTENOPOLIS;ES;RIO DE JANEIRO;SURJ;RIO DE JANEIRO
01609408000128;MARATAIZES;ES;RIO DE JANEIRO;SURJ;RIO DE JANEIRO
39385927000122;MARECHAL FLORIANO;ES;RIO DE JANEIRO;SURJ;RIO DE JANEIRO
27744176000104;MARILANDIA;ES;RIO DE JANEIRO;SURJ;RIO DE JANEIRO
27174119000137;MIMOSO DO SUL;ES;RIO DE JANEIRO;SURJ;RIO DE JANEIRO
27174051000196;MONTANHA;ES;RIO DE JANEIRO;SURJ;RIO DE JANEIRO
27174069000198;MUCURICI;ES;RIO DE JANEIRO;SURJ;RIO DE JANEIRO
27165687000171;MUNIZ FREIRE;ES;RIO DE JANEIRO;SURJ;RIO DE JANEIRO
27082403000183;MUQUI;ES;RIO DE JANEIRO;SURJ;RIO DE JANEIRO
27167428000180;NOVA VENECIA;ES;RIO DE JANEIRO;SURJ;RIO DE JANEIRO
27174150000178;PANCAS;ES;RIO DE JANEIRO;SURJ;RIO DE JANEIRO
28539872000141;PEDRO CANARIO;ES;RIO DE JANEIRO;SURJ;RIO DE JANEIRO
27174085000180;PINHEIROS;ES;RIO DE JANEIRO;SURJ;RIO DE JANEIRO
27165695000118;PIUMA;ES;RIO DE JANEIRO;SURJ;RIO DE JANEIRO
01614334000118;PONTO BELO;ES;RIO DE JANEIRO;SURJ;RIO DE JANEIRO
27165703000126;PRESIDENTE KENNEDY;ES;RIO DE JANEIRO;SURJ;RIO DE JANEIRO
27744143000164;RIO BANANAL;ES;RIO DE JANEIRO;SURJ;RIO DE JANEIRO
27165711000172;RIO NOVO DO SUL;ES;RIO DE JANEIRO;SURJ;RIO DE JANEIRO
27165521000155;SANTA LEOPOLDINA;ES;RIO DE JANEIRO;SURJ;RIO DE JANEIRO
36388445000138;SANTA MARIA DE JETIBA;ES;RIO DE JANEIRO;SURJ;RIO DE JANEIRO
27167444000172;SANTA TERESA;ES;RIO DE JANEIRO;SURJ;RIO DE JANEIRO
36350312000172;SAO DOMINGOS DO NORTE;ES;RIO DE JANEIRO;SURJ;RIO DE JANEIRO
27174143000176;SAO GABRIEL DA PALHA;ES;RIO DE JANEIRO;SURJ;RIO DE JANEIRO
27167402000131;SAO JOSE DO CALCADO;ES;RIO DE JANEIRO;SURJ;RIO DE JANEIRO
27167477000112;SAO MATEUS;ES;RIO DE JANEIRO;SURJ;RIO DE JANEIRO
01612865000171;SAO ROQUE DO CANAA;ES;RIO DE JANEIRO;SURJ;RIO DE JANEIRO
27174093000127;SERRA;ES;RIO DE JANEIRO;SURJ;RIO DE JANEIRO
01612155000141;SOORETAMA;ES;RIO DE JANEIRO;SURJ;RIO DE JANEIRO
31723570000133;VARGEM ALTA;ES;RIO DE JANEIRO;SURJ;RIO DE JANEIRO
31723497000108;VENDA NOVA DO IMIGRANTE;ES;RIO DE JANEIRO;SURJ;RIO DE JANEIRO
27165547000101;VIANA;ES;RIO DE JANEIRO;SURJ;RIO DE JANEIRO
36350346000167;VILA PAVAO;ES;RIO DE JANEIRO;SURJ;RIO DE JANEIRO
01619232000195;VILA VALERIO;ES;RIO DE JANEIRO;SURJ;RIO DE JANEIRO
27165554000103;VILA VELHA;ES;RIO DE JANEIRO;SURJ;RIO DE JANEIRO
27142058000126;VITORIA;ES;RIO DE JANEIRO;SURJ;RIO DE JANEIRO
01613940000119;ABADIA DE GOIAS;GO;DISTRITO FEDERAL;SUDF;DISTRITO FEDERAL
01298330000178;ABADIANIA;GO;DISTRITO FEDERAL;SUDF;DISTRITO FEDERAL
02218683000183;ACREUNA;GO;DISTRITO FEDERAL;SUDF;DISTRITO FEDERAL
25108291000167;ADELANDIA;GO;DISTRITO FEDERAL;SUDF;DISTRITO FEDERAL
25141292000103;AGUA FRIA DE GOIAS;GO;DISTRITO FEDERAL;SUDF;DISTRITO FEDERAL
01173053000177;AGUA LIMPA;GO;DISTRITO FEDERAL;SUDF;DISTRITO FEDERAL
01616520000196;AGUAS LINDAS DE GOIAS;GO;DISTRITO FEDERAL;SUDF;DISTRITO FEDERAL
01298975000100;ALEXANIA;GO;DISTRITO FEDERAL;SUDF;DISTRITO FEDERAL
01345537000156;ALOANDIA;GO;DISTRITO FEDERAL;SUDF;DISTRITO FEDERAL
33331604000170;ALTO HORIZONTE;GO;DISTRITO FEDERAL;SUDF;DISTRITO FEDERAL
01740455000106;ALTO PARAISO DE GOIAS;GO;DISTRITO FEDERAL;SUDF;DISTRITO FEDERAL
02367597000132;ALVORADA DO NORTE;GO;DISTRITO FEDERAL;SUDF;DISTRITO FEDERAL
01492098000104;AMARALINA;GO;DISTRITO FEDERAL;SUDF;DISTRITO FEDERAL
00007344000122;AMERICANO DO BRASIL;GO;DISTRITO FEDERAL;SUDF;DISTRITO FEDERAL
01067073000163;AMORINOPOLIS;GO;DISTRITO FEDERAL;SUDF;DISTRITO FEDERAL
01067479000146;ANAPOLIS;GO;DISTRITO FEDERAL;SUDF;DISTRITO FEDERAL
01127430000131;ANHANGUERA;GO;DISTRITO FEDERAL;SUDF;DISTRITO FEDERAL
02262368000153;ANICUNS;GO;DISTRITO FEDERAL;SUDF;DISTRITO FEDERAL
01005727000124;APARECIDA DE GOIANIA;GO;DISTRITO FEDERAL;SUDF;DISTRITO FEDERAL
24859316000100;APARECIDA DO RIO DOCE;GO;DISTRITO FEDERAL;SUDF;DISTRITO FEDERAL
02186336000116;APORE;GO;DISTRITO FEDERAL;SUDF;DISTRITO FEDERAL
01318898000103;ARACU;GO;DISTRITO FEDERAL;SUDF;DISTRITO FEDERAL
02125227000199;ARAGARCAS;GO;DISTRITO FEDERAL;SUDF;DISTRITO FEDERAL
01215474000113;ARAGOIANIA;GO;DISTRITO FEDERAL;SUDF;DISTRITO FEDERAL
00163147000100;ARAGUAPAZ;GO;DISTRITO FEDERAL;SUDF;DISTRITO FEDERAL
00007914000184;ARENOPOLIS;GO;DISTRITO FEDERAL;SUDF;DISTRITO FEDERAL
01067081000100;ARUANA;GO;DISTRITO FEDERAL;SUDF;DISTRITO FEDERAL
02320364000184;AURILANDIA;GO;DISTRITO FEDERAL;SUDF;DISTRITO FEDERAL
01215839000100;AVELINOPOLIS;GO;DISTRITO FEDERAL;SUDF;DISTRITO FEDERAL
01067131000159;BALIZA;GO;DISTRITO FEDERAL;SUDF;DISTRITO FEDERAL
02355675000189;BARRO ALTO;GO;DISTRITO FEDERAL;SUDF;DISTRITO FEDERAL
01005917000141;BELA VISTA DE GOIAS;GO;DISTRITO FEDERAL;SUDF;DISTRITO FEDERAL
02186708000104;BOM JARDIM DE GOIAS;GO;DISTRITO FEDERAL;SUDF;DISTRITO FEDERAL
01149624000138;BOM JESUS;GO;DISTRITO FEDERAL;SUDF;DISTRITO FEDERAL
24857096000177;BONFINOPOLIS;GO;DISTRITO FEDERAL;SUDF;DISTRITO FEDERAL
01634272000106;BONOPOLIS;GO;DISTRITO FEDERAL;SUDF;DISTRITO FEDERAL
01756741000160;BRAZABRANTES;GO;DISTRITO FEDERAL;SUDF;DISTRITO FEDERAL
02296325000199;BRITANIA;GO;DISTRITO FEDERAL;SUDF;DISTRITO FEDERAL
01345909000144;BURITI ALEGRE;GO;DISTRITO FEDERAL;SUDF;DISTRITO FEDERAL
26867770000120;BURITI DE GOIAS;GO;DISTRITO FEDERAL;SUDF;DISTRITO FEDERAL
24856569000111;BURITINOPOLIS;GO;DISTRITO FEDERAL;SUDF;DISTRITO FEDERAL
01740430000102;CABECEIRAS;GO;DISTRITO FEDERAL;SUDF;DISTRITO FEDERAL
02056760000146;CACHOEIRA ALTA;GO;DISTRITO FEDERAL;SUDF;DISTRITO FEDERAL
02164820000144;CACHOEIRA DE GOIAS;GO;DISTRITO FEDERAL;SUDF;DISTRITO FEDERAL
00079806000117;CACHOEIRA DOURADA;GO;DISTRITO FEDERAL;SUDF;DISTRITO FEDERAL
01164292000160;CACU;GO;DISTRITO FEDERAL;SUDF;DISTRITO FEDERAL
01164946000156;CAIAPONIA;GO;DISTRITO FEDERAL;SUDF;DISTRITO FEDERAL
01787506000155;CALDAS NOVAS;GO;DISTRITO FEDERAL;SUDF;DISTRITO FEDERAL
37622149000112;CALDAZINHA;GO;DISTRITO FEDERAL;SUDF;DISTRITO FEDERAL
02262236000121;CAMPESTRE DE GOIAS;GO;DISTRITO FEDERAL;SUDF;DISTRITO FEDERAL
00145789000179;CAMPINACU;GO;DISTRITO FEDERAL;SUDF;DISTRITO FEDERAL
02215747000192;CAMPINORTE;GO;DISTRITO FEDERAL;SUDF;DISTRITO FEDERAL
01763614000198;CAMPO ALEGRE DE GOIAS;GO;DISTRITO FEDERAL;SUDF;DISTRITO FEDERAL
04216593000189;CAMPO LIMPO DE GOIAS;GO;DISTRITO FEDERAL;SUDF;DISTRITO FEDERAL
01126143000107;CAMPOS BELOS;GO;DISTRITO FEDERAL;SUDF;DISTRITO FEDERAL
01493998000176;CAMPOS VERDES;GO;DISTRITO FEDERAL;SUDF;DISTRITO FEDERAL
02542538000153;CARMO DO RIO VERDE;GO;DISTRITO FEDERAL;SUDF;DISTRITO FEDERAL
37275849000188;CASTELANDIA;GO;DISTRITO FEDERAL;SUDF;DISTRITO FEDERAL
01505643000150;CATALAO;GO;DISTRITO FEDERAL;SUDF;DISTRITO FEDERAL
01319326000149;CATURAI;GO;DISTRITO FEDERAL;SUDF;DISTRITO FEDERAL
01738772000198;CAVALCANTE;GO;DISTRITO FEDERAL;SUDF;DISTRITO FEDERAL
01131713000157;CERES;GO;DISTRITO FEDERAL;SUDF;DISTRITO FEDERAL
25043530000148;CEZARINA;GO;DISTRITO FEDERAL;SUDF;DISTRITO FEDERAL
24859332000194;CHAPADAO DO CEU;GO;DISTRITO FEDERAL;SUDF;DISTRITO FEDERAL
36862621000121;CIDADE OCIDENTAL;GO;DISTRITO FEDERAL;SUDF;DISTRITO FEDERAL
36985463000105;COCALZINHO DE GOIAS;GO;DISTRITO FEDERAL;SUDF;DISTRITO FEDERAL
25105255000140;COLINAS DO SUL;GO;DISTRITO FEDERAL;SUDF;DISTRITO FEDERAL
02321115000103;CORREGO DO OURO;GO;DISTRITO FEDERAL;SUDF;DISTRITO FEDERAL
01118850000151;CORUMBA DE GOIAS;GO;DISTRITO FEDERAL;SUDF;DISTRITO FEDERAL
01302603000100;CORUMBAIBA;GO;DISTRITO FEDERAL;SUDF;DISTRITO FEDERAL
01138122000101;CRISTALINA;GO;DISTRITO FEDERAL;SUDF;DISTRITO FEDERAL
01180645000116;CRISTIANOPOLIS;GO;DISTRITO FEDERAL;SUDF;DISTRITO FEDERAL
02382067000163;CRIXAS;GO;DISTRITO FEDERAL;SUDF;DISTRITO FEDERAL
02073211000180;CROMINIA;GO;DISTRITO FEDERAL;SUDF;DISTRITO FEDERAL
01302728000130;CUMARI;GO;DISTRITO FEDERAL;SUDF;DISTRITO FEDERAL
01740505000155;DAMIANOPOLIS;GO;DISTRITO FEDERAL;SUDF;DISTRITO FEDERAL
01067164000107;DAMOLANDIA;GO;DISTRITO FEDERAL;SUDF;DISTRITO FEDERAL
01130277000100;DAVINOPOLIS;GO;DISTRITO FEDERAL;SUDF;DISTRITO FEDERAL
01335363000140;DIORAMA;GO;DISTRITO FEDERAL;SUDF;DISTRITO FEDERAL
01067206000100;DIVINOPOLIS DE GOIAS;GO;DISTRITO FEDERAL;SUDF;DISTRITO FEDERAL
00078790000128;DOVERLANDIA;GO;DISTRITO FEDERAL;SUDF;DISTRITO FEDERAL
24852618000148;EDEALINA;GO;DISTRITO FEDERAL;SUDF;DISTRITO FEDERAL
01788082000143;EDEIA;GO;DISTRITO FEDERAL;SUDF;DISTRITO FEDERAL
01800465000190;ESTRELA DO NORTE;GO;DISTRITO FEDERAL;SUDF;DISTRITO FEDERAL
25141318000113;FAINA;GO;DISTRITO FEDERAL;SUDF;DISTRITO FEDERAL
01915313000132;FAZENDA NOVA;GO;DISTRITO FEDERAL;SUDF;DISTRITO FEDERAL
02321917000113;FIRMINOPOLIS;GO;DISTRITO FEDERAL;SUDF;DISTRITO FEDERAL
01740497000147;FLORES DE GOIAS;GO;DISTRITO FEDERAL;SUDF;DISTRITO FEDERAL
01738780000134;FORMOSA;GO;DISTRITO FEDERAL;SUDF;DISTRITO FEDERAL
02395812000109;FORMOSO;GO;DISTRITO FEDERAL;SUDF;DISTRITO FEDERAL
04223461000184;GAMELEIRA DE GOIAS;GO;DISTRITO FEDERAL;SUDF;DISTRITO FEDERAL
02506012000118;GOIANAPOLIS;GO;DISTRITO FEDERAL;SUDF;DISTRITO FEDERAL
01303221000100;GOIANDIRA;GO;DISTRITO FEDERAL;SUDF;DISTRITO FEDERAL
01065846000172;GOIANESIA;GO;DISTRITO FEDERAL;SUDF;DISTRITO FEDERAL
01612092000123;GOIANIA;GO;DISTRITO FEDERAL;SUDF;DISTRITO FEDERAL
01291707000167;GOIANIRA;GO;DISTRITO FEDERAL;SUDF;DISTRITO FEDERAL
02295772000123;GOIAS;GO;DISTRITO FEDERAL;SUDF;DISTRITO FEDERAL
01753722000180;GOIATUBA;GO;DISTRITO FEDERAL;SUDF;DISTRITO FEDERAL
25040122000132;GOUVELANDIA;GO;DISTRITO FEDERAL;SUDF;DISTRITO FEDERAL
01373497000156;GUAPO;GO;DISTRITO FEDERAL;SUDF;DISTRITO FEDERAL
26873059000188;GUARAITA;GO;DISTRITO FEDERAL;SUDF;DISTRITO FEDERAL
01740588000182;GUARANI DE GOIAS;GO;DISTRITO FEDERAL;SUDF;DISTRITO FEDERAL
01494178000107;GUARINOS;GO;DISTRITO FEDERAL;SUDF;DISTRITO FEDERAL
02296002000103;HEITORAI;GO;DISTRITO FEDERAL;SUDF;DISTRITO FEDERAL
01105329000180;HIDROLANDIA;GO;DISTRITO FEDERAL;SUDF;DISTRITO FEDERAL
01067230000130;HIDROLINA;GO;DISTRITO FEDERAL;SUDF;DISTRITO FEDERAL
01740448000104;IACIARA;GO;DISTRITO FEDERAL;SUDF;DISTRITO FEDERAL
26923755000151;INACIOLANDIA;GO;DISTRITO FEDERAL;SUDF;DISTRITO FEDERAL
00005959000110;INDIARA;GO;DISTRITO FEDERAL;SUDF;DISTRITO FEDERAL
01153030000109;INHUMAS;GO;DISTRITO FEDERAL;SUDF;DISTRITO FEDERAL
01763606000141;IPAMERI;GO;DISTRITO FEDERAL;SUDF;DISTRITO FEDERAL
04215377000119;IPIRANGA DE GOIAS;GO;DISTRITO FEDERAL;SUDF;DISTRITO FEDERAL
01157536000188;IPORA;GO;DISTRITO FEDERAL;SUDF;DISTRITO FEDERAL
01067248000132;ISRAELANDIA;GO;DISTRITO FEDERAL;SUDF;DISTRITO FEDERAL
02451938000153;ITABERAI;GO;DISTRITO FEDERAL;SUDF;DISTRITO FEDERAL
24850109000186;ITAGUARI;GO;DISTRITO FEDERAL;SUDF;DISTRITO FEDERAL
01067255000134;ITAGUARU;GO;DISTRITO FEDERAL;SUDF;DISTRITO FEDERAL
02186757000147;ITAJA;GO;DISTRITO FEDERAL;SUDF;DISTRITO FEDERAL
01134808000124;ITAPACI;GO;DISTRITO FEDERAL;SUDF;DISTRITO FEDERAL
02024933000144;ITAPIRAPUA;GO;DISTRITO FEDERAL;SUDF;DISTRITO FEDERAL
01146604000103;ITAPURANGA;GO;DISTRITO FEDERAL;SUDF;DISTRITO FEDERAL
01067271000127;ITARUMA;GO;DISTRITO FEDERAL;SUDF;DISTRITO FEDERAL
00167437000114;ITAUCU;GO;DISTRITO FEDERAL;SUDF;DISTRITO FEDERAL
02204196000161;ITUMBIARA;GO;DISTRITO FEDERAL;SUDF;DISTRITO FEDERAL
02321891000103;IVOLANDIA;GO;DISTRITO FEDERAL;SUDF;DISTRITO FEDERAL
02879138000138;JANDAIA;GO;DISTRITO FEDERAL;SUDF;DISTRITO FEDERAL
01223916000173;JARAGUA;GO;DISTRITO FEDERAL;SUDF;DISTRITO FEDERAL
01165729000180;JATAI;GO;DISTRITO FEDERAL;SUDF;DISTRITO FEDERAL
01767342000102;JAUPACI;GO;DISTRITO FEDERAL;SUDF;DISTRITO FEDERAL
37623501000134;JESUPOLIS;GO;DISTRITO FEDERAL;SUDF;DISTRITO FEDERAL
02029957000196;JOVIANIA;GO;DISTRITO FEDERAL;SUDF;DISTRITO FEDERAL
02922128000138;JUSSARA;GO;DISTRITO FEDERAL;SUDF;DISTRITO FEDERAL
04215178000100;LAGOA SANTA;GO;DISTRITO FEDERAL;SUDF;DISTRITO FEDERAL
01067305000183;LEOPOLDO DE BULHOES;GO;DISTRITO FEDERAL;SUDF;DISTRITO FEDERAL
01169416000109;LUZIANIA;GO;DISTRITO FEDERAL;SUDF;DISTRITO FEDERAL
01067842000123;MAIRIPOTABA;GO;DISTRITO FEDERAL;SUDF;DISTRITO FEDERAL
01740463000152;MAMBAI;GO;DISTRITO FEDERAL;SUDF;DISTRITO FEDERAL
00007468000108;MARA ROSA;GO;DISTRITO FEDERAL;SUDF;DISTRITO FEDERAL
01174580000104;MARZAGAO;GO;DISTRITO FEDERAL;SUDF;DISTRITO FEDERAL
24850216000104;MATRINCHA;GO;DISTRITO FEDERAL;SUDF;DISTRITO FEDERAL
02056752000108;MAURILANDIA;GO;DISTRITO FEDERAL;SUDF;DISTRITO FEDERAL
25053430000100;MIMOSO DE GOIAS;GO;DISTRITO FEDERAL;SUDF;DISTRITO FEDERAL
02215275000178;MINACU;GO;DISTRITO FEDERAL;SUDF;DISTRITO FEDERAL
02316537000190;MINEIROS;GO;DISTRITO FEDERAL;SUDF;DISTRITO FEDERAL
02321909000177;MOIPORA;GO;DISTRITO FEDERAL;SUDF;DISTRITO FEDERAL
01126341000170;MONTE ALEGRE DE GOIAS;GO;DISTRITO FEDERAL;SUDF;DISTRITO FEDERAL
01767722000139;MONTES CLAROS DE GOIAS;GO;DISTRITO FEDERAL;SUDF;DISTRITO FEDERAL
25043571000134;MONTIVIDIU;GO;DISTRITO FEDERAL;SUDF;DISTRITO FEDERAL
25005166000121;MONTIVIDIU DO NORTE;GO;DISTRITO FEDERAL;SUDF;DISTRITO FEDERAL
01789551000149;MORRINHOS;GO;DISTRITO FEDERAL;SUDF;DISTRITO FEDERAL
25043621000183;MORRO AGUDO DE GOIAS;GO;DISTRITO FEDERAL;SUDF;DISTRITO FEDERAL
02267698000131;MOSSAMEDES;GO;DISTRITO FEDERAL;SUDF;DISTRITO FEDERAL
01135227000107;MOZARLANDIA;GO;DISTRITO FEDERAL;SUDF;DISTRITO FEDERAL
00163055000112;MUNDO NOVO;GO;DISTRITO FEDERAL;SUDF;DISTRITO FEDERAL
01799683000151;MUTUNOPOLIS;GO;DISTRITO FEDERAL;SUDF;DISTRITO FEDERAL
01373620000139;NAZARIO;GO;DISTRITO FEDERAL;SUDF;DISTRITO FEDERAL
01105626000125;NEROPOLIS;GO;DISTRITO FEDERAL;SUDF;DISTRITO FEDERAL
02215895000107;NIQUELANDIA;GO;DISTRITO FEDERAL;SUDF;DISTRITO FEDERAL
01135409000188;NOVA AMERICA;GO;DISTRITO FEDERAL;SUDF;DISTRITO FEDERAL
01303619000138;NOVA AURORA;GO;DISTRITO FEDERAL;SUDF;DISTRITO FEDERAL
00236968000111;NOVA CRIXAS;GO;DISTRITO FEDERAL;SUDF;DISTRITO FEDERAL
00098095000128;NOVA GLORIA;GO;DISTRITO FEDERAL;SUDF;DISTRITO FEDERAL
33331661000159;NOVA IGUACU DE GOIAS;GO;DISTRITO FEDERAL;SUDF;DISTRITO FEDERAL
01067925000112;NOVA ROMA;GO;DISTRITO FEDERAL;SUDF;DISTRITO FEDERAL
01123678000124;NOVA VENEZA;GO;DISTRITO FEDERAL;SUDF;DISTRITO FEDERAL
00006874000156;NOVO BRASIL;GO;DISTRITO FEDERAL;SUDF;DISTRITO FEDERAL
01629276000104;NOVO GAMA;GO;DISTRITO FEDERAL;SUDF;DISTRITO FEDERAL
25041005000193;NOVO PLANALTO;GO;DISTRITO FEDERAL;SUDF;DISTRITO FEDERAL
02385839000110;ORIZONA;GO;DISTRITO FEDERAL;SUDF;DISTRITO FEDERAL
01485531000184;OURO VERDE DE GOIAS;GO;DISTRITO FEDERAL;SUDF;DISTRITO FEDERAL
01131010000129;OUVIDOR;GO;DISTRITO FEDERAL;SUDF;DISTRITO FEDERAL
01170331000132;PADRE BERNARDO;GO;DISTRITO FEDERAL;SUDF;DISTRITO FEDERAL
24858102000100;PALESTINA DE GOIAS;GO;DISTRITO FEDERAL;SUDF;DISTRITO FEDERAL
02394757000132;PALMEIRAS DE GOIAS;GO;DISTRITO FEDERAL;SUDF;DISTRITO FEDERAL
01181239000178;PALMELO;GO;DISTRITO FEDERAL;SUDF;DISTRITO FEDERAL
01178573000172;PALMINOPOLIS;GO;DISTRITO FEDERAL;SUDF;DISTRITO FEDERAL
00079830000156;PANAMA;GO;DISTRITO FEDERAL;SUDF;DISTRITO FEDERAL
02056745000106;PARANAIGUARA;GO;DISTRITO FEDERAL;SUDF;DISTRITO FEDERAL
02394765000189;PARAUNA;GO;DISTRITO FEDERAL;SUDF;DISTRITO FEDERAL
24859324000148;PEROLANDIA;GO;DISTRITO FEDERAL;SUDF;DISTRITO FEDERAL
01825413000178;PETROLINA DE GOIAS;GO;DISTRITO FEDERAL;SUDF;DISTRITO FEDERAL
02647303000126;PILAR DE GOIAS;GO;DISTRITO FEDERAL;SUDF;DISTRITO FEDERAL
01179647000195;PIRACANJUBA;GO;DISTRITO FEDERAL;SUDF;DISTRITO FEDERAL
01168145000169;PIRANHAS;GO;DISTRITO FEDERAL;SUDF;DISTRITO FEDERAL
01067941000105;PIRENOPOLIS;GO;DISTRITO FEDERAL;SUDF;DISTRITO FEDERAL
07752031000148;PIRES DO RIO;GO;DISTRITO FEDERAL;SUDF;DISTRITO FEDERAL
01740422000166;PLANALTINA;GO;DISTRITO FEDERAL;SUDF;DISTRITO FEDERAL
01791276000106;PONTALINA;GO;DISTRITO FEDERAL;SUDF;DISTRITO FEDERAL
01801612000146;PORANGATU;GO;DISTRITO FEDERAL;SUDF;DISTRITO FEDERAL
01617413000182;PORTEIRAO;GO;DISTRITO FEDERAL;SUDF;DISTRITO FEDERAL
02317378000149;PORTELANDIA;GO;DISTRITO FEDERAL;SUDF;DISTRITO FEDERAL
01743335000162;POSSE;GO;DISTRITO FEDERAL;SUDF;DISTRITO FEDERAL
37388295000125;PROFESSOR JAMIL;GO;DISTRITO FEDERAL;SUDF;DISTRITO FEDERAL
02056737000151;QUIRINOPOLIS;GO;DISTRITO FEDERAL;SUDF;DISTRITO FEDERAL
01135904000197;RIALMA;GO;DISTRITO FEDERAL;SUDF;DISTRITO FEDERAL
01300094000187;RIANAPOLIS;GO;DISTRITO FEDERAL;SUDF;DISTRITO FEDERAL
24852675000127;RIO QUENTE;GO;DISTRITO FEDERAL;SUDF;DISTRITO FEDERAL
02056729000105;RIO VERDE;GO;DISTRITO FEDERAL;SUDF;DISTRITO FEDERAL
02382836000123;RUBIATABA;GO;DISTRITO FEDERAL;SUDF;DISTRITO FEDERAL
02164804000151;SANCLERLANDIA;GO;DISTRITO FEDERAL;SUDF;DISTRITO FEDERAL
02264166000140;SANTA BARBARA DE GOIAS;GO;DISTRITO FEDERAL;SUDF;DISTRITO FEDERAL
02669976000187;SANTA CRUZ DE GOIAS;GO;DISTRITO FEDERAL;SUDF;DISTRITO FEDERAL
25107517000105;SANTA FE DE GOIAS;GO;DISTRITO FEDERAL;SUDF;DISTRITO FEDERAL
02056711000103;SANTA HELENA DE GOIAS;GO;DISTRITO FEDERAL;SUDF;DISTRITO FEDERAL
00027722000130;SANTA ISABEL;GO;DISTRITO FEDERAL;SUDF;DISTRITO FEDERAL
01067990000148;SANTA RITA DO ARAGUAIA;GO;DISTRITO FEDERAL;SUDF;DISTRITO FEDERAL
01612756000154;SANTA RITA DO NOVO DESTINO;GO;DISTRITO FEDERAL;SUDF;DISTRITO FEDERAL
01761113000172;SANTA ROSA DE GOIAS;GO;DISTRITO FEDERAL;SUDF;DISTRITO FEDERAL
02073484000124;SANTA TEREZA DE GOIAS;GO;DISTRITO FEDERAL;SUDF;DISTRITO FEDERAL
01137116000130;SANTA TEREZINHA DE GOIAS;GO;DISTRITO FEDERAL;SUDF;DISTRITO FEDERAL
37275823000130;SANTO ANTONIO DA BARRA;GO;DISTRITO FEDERAL;SUDF;DISTRITO FEDERAL
37623485000180;SANTO ANTONIO DE GOIAS;GO;DISTRITO FEDERAL;SUDF;DISTRITO FEDERAL
00097857000171;SANTO ANTONIO DO DESCOBERTO;GO;DISTRITO FEDERAL;SUDF;DISTRITO FEDERAL
01068014000100;SAO DOMINGOS;GO;DISTRITO FEDERAL;SUDF;DISTRITO FEDERAL
02468437000180;SAO FRANCISCO DE GOIAS;GO;DISTRITO FEDERAL;SUDF;DISTRITO FEDERAL
25105222000108;SAO JOAO DA PARAUNA;GO;DISTRITO FEDERAL;SUDF;DISTRITO FEDERAL
01313113000100;SAO JOAO D'ALIANCA;GO;DISTRITO FEDERAL;SUDF;DISTRITO FEDERAL
02320406000187;SAO LUIS DE MONTES BELOS;GO;DISTRITO FEDERAL;SUDF;DISTRITO FEDERAL
25043639000185;SAO LUIZ DO NORTE;GO;DISTRITO FEDERAL;SUDF;DISTRITO FEDERAL
02391654000119;SAO MIGUEL DO ARAGUAIA;GO;DISTRITO FEDERAL;SUDF;DISTRITO FEDERAL
24862864000180;SAO MIGUEL DO PASSA QUATRO;GO;DISTRITO FEDERAL;SUDF;DISTRITO FEDERAL
01616670000108;SAO PATRICIO;GO;DISTRITO FEDERAL;SUDF;DISTRITO FEDERAL
02056778000148;SAO SIMAO;GO;DISTRITO FEDERAL;SUDF;DISTRITO FEDERAL
25107525000151;SENADOR CANEDO;GO;DISTRITO FEDERAL;SUDF;DISTRITO FEDERAL
01343086000118;SERRANOPOLIS;GO;DISTRITO FEDERAL;SUDF;DISTRITO FEDERAL
01068030000100;SILVANIA;GO;DISTRITO FEDERAL;SUDF;DISTRITO FEDERAL
24855058000185;SIMOLANDIA;GO;DISTRITO FEDERAL;SUDF;DISTRITO FEDERAL
01740489000109;SITIO D'ABADIA;GO;DISTRITO FEDERAL;SUDF;DISTRITO FEDERAL
01068055000104;TAQUARAL DE GOIAS;GO;DISTRITO FEDERAL;SUDF;DISTRITO FEDERAL
25105339000183;TERESINA DE GOIAS;GO;DISTRITO FEDERAL;SUDF;DISTRITO FEDERAL
36985455000150;TEREZOPOLIS DE GOIAS;GO;DISTRITO FEDERAL;SUDF;DISTRITO FEDERAL
01304286000161;TRES RANCHOS;GO;DISTRITO FEDERAL;SUDF;DISTRITO FEDERAL
01217538000115;TRINDADE;GO;DISTRITO FEDERAL;SUDF;DISTRITO FEDERAL
25004771000188;TROMBAS;GO;DISTRITO FEDERAL;SUDF;DISTRITO FEDERAL
02321883000167;TURVANIA;GO;DISTRITO FEDERAL;SUDF;DISTRITO FEDERAL
25107657000183;TURVELANDIA;GO;DISTRITO FEDERAL;SUDF;DISTRITO FEDERAL
37622164000160;UIRAPURU;GO;DISTRITO FEDERAL;SUDF;DISTRITO FEDERAL
01219807000182;URUACU;GO;DISTRITO FEDERAL;SUDF;DISTRITO FEDERAL
02295640000100;URUANA;GO;DISTRITO FEDERAL;SUDF;DISTRITO FEDERAL
01763622000134;URUTAI;GO;DISTRITO FEDERAL;SUDF;DISTRITO FEDERAL
01616319000109;VALPARAISO DE GOIAS;GO;DISTRITO FEDERAL;SUDF;DISTRITO FEDERAL
01218643000179;VARJAO;GO;DISTRITO FEDERAL;SUDF;DISTRITO FEDERAL
01299692000183;VIANOPOLIS;GO;DISTRITO FEDERAL;SUDF;DISTRITO FEDERAL
00044834000107;VICENTINOPOLIS;GO;DISTRITO FEDERAL;SUDF;DISTRITO FEDERAL
37388378000114;VILA BOA;GO;DISTRITO FEDERAL;SUDF;DISTRITO FEDERAL
01612817000183;VILA PROPICIO;GO;DISTRITO FEDERAL;SUDF;DISTRITO FEDERAL
11816419000132;ACAILANDIA;MA;DISTRITO FEDERAL;SUDF;DISTRITO FEDERAL
06096655000191;AFONSO CUNHA;MA;DISTRITO FEDERAL;SUDF;DISTRITO FEDERAL
01612339000101;AGUA DOCE DO MARANHAO;MA;DISTRITO FEDERAL;SUDF;DISTRITO FEDERAL
06000244000150;ALCANTARA;MA;DISTRITO FEDERAL;SUDF;DISTRITO FEDERAL
06096853000155;ALDEIAS ALTAS;MA;DISTRITO FEDERAL;SUDF;DISTRITO FEDERAL
06021323000148;ALTAMIRA DO MARANHAO;MA;DISTRITO FEDERAL;SUDF;DISTRITO FEDERAL
01612326000132;ALTO ALEGRE DO MARANHAO;MA;DISTRITO FEDERAL;SUDF;DISTRITO FEDERAL
01612832000121;ALTO ALEGRE DO PINDARE;MA;DISTRITO FEDERAL;SUDF;DISTRITO FEDERAL
11743691000130;ALTO PARNAIBA;MA;DISTRITO FEDERAL;SUDF;DISTRITO FEDERAL
01580959000106;AMAPA DO MARANHAO;MA;DISTRITO FEDERAL;SUDF;DISTRITO FEDERAL
11394580000165;AMARANTE DO MARANHAO;MA;DISTRITO FEDERAL;SUDF;DISTRITO FEDERAL
06086349000174;ANAJATUBA;MA;DISTRITO FEDERAL;SUDF;DISTRITO FEDERAL
06116461000100;ANAPURUS;MA;DISTRITO FEDERAL;SUDF;DISTRITO FEDERAL
01612531000106;APICUM-ACU;MA;DISTRITO FEDERAL;SUDF;DISTRITO FEDERAL
01612539000164;ARAGUANA;MA;DISTRITO FEDERAL;SUDF;DISTRITO FEDERAL
06450191000170;ARAIOSES;MA;DISTRITO FEDERAL;SUDF;DISTRITO FEDERAL
12542767000121;ARAME;MA;DISTRITO FEDERAL;SUDF;DISTRITO FEDERAL
06242846000114;ARARI;MA;DISTRITO FEDERAL;SUDF;DISTRITO FEDERAL
06008569000180;AXIXA;MA;DISTRITO FEDERAL;SUDF;DISTRITO FEDERAL
06014351000138;BACABAL;MA;DISTRITO FEDERAL;SUDF;DISTRITO FEDERAL
01611396000176;BACABEIRA;MA;DISTRITO FEDERAL;SUDF;DISTRITO FEDERAL
06151419000120;BACURI;MA;DISTRITO FEDERAL;SUDF;DISTRITO FEDERAL
01612534000131;BACURITUBA;MA;DISTRITO FEDERAL;SUDF;DISTRITO FEDERAL
06441430000125;BALSAS;MA;DISTRITO FEDERAL;SUDF;DISTRITO FEDERAL
06477822000144;BARAO DE GRAJAU;MA;DISTRITO FEDERAL;SUDF;DISTRITO FEDERAL
06769798000117;BARRA DO CORDA;MA;DISTRITO FEDERAL;SUDF;DISTRITO FEDERAL
06217954000137;BARREIRINHAS;MA;DISTRITO FEDERAL;SUDF;DISTRITO FEDERAL
01612347000158;BELA VISTA DO MARANHAO;MA;DISTRITO FEDERAL;SUDF;DISTRITO FEDERAL
01612545000111;BELAGUA;MA;DISTRITO FEDERAL;SUDF;DISTRITO FEDERAL
06096218000178;BENEDITO LEITE;MA;DISTRITO FEDERAL;SUDF;DISTRITO FEDERAL
41611716000102;BEQUIMAO;MA;DISTRITO FEDERAL;SUDF;DISTRITO FEDERAL
01612345000169;BERNARDO DO MEARIM;MA;DISTRITO FEDERAL;SUDF;DISTRITO FEDERAL
01612331000145;BOA VISTA DO GURUPI;MA;DISTRITO FEDERAL;SUDF;DISTRITO FEDERAL
06229975000172;BOM JARDIM;MA;DISTRITO FEDERAL;SUDF;DISTRITO FEDERAL
11886594000104;BOM JESUS DAS SELVAS;MA;DISTRITO FEDERAL;SUDF;DISTRITO FEDERAL
01611400000104;BOM LUGAR;MA;DISTRITO FEDERAL;SUDF;DISTRITO FEDERAL
06116743000108;BREJO;MA;DISTRITO FEDERAL;SUDF;DISTRITO FEDERAL
01612318000196;BREJO DE AREIA;MA;DISTRITO FEDERAL;SUDF;DISTRITO FEDERAL
06117071000155;BURITI;MA;DISTRITO FEDERAL;SUDF;DISTRITO FEDERAL
06052138000110;BURITI BRAVO;MA;DISTRITO FEDERAL;SUDF;DISTRITO FEDERAL
12036458000180;BURITICUPU;MA;DISTRITO FEDERAL;SUDF;DISTRITO FEDERAL
11476841000196;BURITIRANA;MA;DISTRITO FEDERAL;SUDF;DISTRITO FEDERAL
01612624000122;CACHOEIRA GRANDE;MA;DISTRITO FEDERAL;SUDF;DISTRITO FEDERAL
06054266000101;CAJAPIO;MA;DISTRITO FEDERAL;SUDF;DISTRITO FEDERAL
11258677000140;CAJARI;MA;DISTRITO FEDERAL;SUDF;DISTRITO FEDERAL
01598550000117;CAMPESTRE DO MARANHAO;MA;DISTRITO FEDERAL;SUDF;DISTRITO FEDERAL
06059505000108;CANDIDO MENDES;MA;DISTRITO FEDERAL;SUDF;DISTRITO FEDERAL
06156160000100;CANTANHEDE;MA;DISTRITO FEDERAL;SUDF;DISTRITO FEDERAL
01613309000110;CAPINZAL DO NORTE;MA;DISTRITO FEDERAL;SUDF;DISTRITO FEDERAL
12157543000104;CAROLINA;MA;DISTRITO FEDERAL;SUDF;DISTRITO FEDERAL
06903553000130;CARUTAPERA;MA;DISTRITO FEDERAL;SUDF;DISTRITO FEDERAL
06082820000156;CAXIAS;MA;DISTRITO FEDERAL;SUDF;DISTRITO FEDERAL
06235006000124;CEDRAL;MA;DISTRITO FEDERAL;SUDF;DISTRITO FEDERAL
01612342000125;CENTRAL DO MARANHAO;MA;DISTRITO FEDERAL;SUDF;DISTRITO FEDERAL
01612328000121;CENTRO DO GUILHERME;MA;DISTRITO FEDERAL;SUDF;DISTRITO FEDERAL
12452858000176;CENTRO NOVO DO MARANHAO;MA;DISTRITO FEDERAL;SUDF;DISTRITO FEDERAL
06117709000158;CHAPADINHA;MA;DISTRITO FEDERAL;SUDF;DISTRITO FEDERAL
01610134000197;CIDELANDIA;MA;DISTRITO FEDERAL;SUDF;DISTRITO FEDERAL
06109789000108;CODO;MA;DISTRITO FEDERAL;SUDF;DISTRITO FEDERAL
05281738000198;COELHO NETO;MA;DISTRITO FEDERAL;SUDF;DISTRITO FEDERAL
06113682000125;COLINAS;MA;DISTRITO FEDERAL;SUDF;DISTRITO FEDERAL
01612544000177;CONCEICAO DO LAGO-ACU;MA;DISTRITO FEDERAL;SUDF;DISTRITO FEDERAL
06331110000112;COROATA;MA;DISTRITO FEDERAL;SUDF;DISTRITO FEDERAL
18141775000142;CURURUPU;MA;DISTRITO FEDERAL;SUDF;DISTRITO FEDERAL
01616269000160;DAVINOPOLIS;MA;DISTRITO FEDERAL;SUDF;DISTRITO FEDERAL
06137293000130;DOM PEDRO;MA;DISTRITO FEDERAL;SUDF;DISTRITO FEDERAL
06314439000175;DUQUE BACELAR;MA;DISTRITO FEDERAL;SUDF;DISTRITO FEDERAL
06376669000169;ESPERANTINOPOLIS;MA;DISTRITO FEDERAL;SUDF;DISTRITO FEDERAL
11245566000108;ESTREITO;MA;DISTRITO FEDERAL;SUDF;DISTRITO FEDERAL
13120165000149;FEIRA NOVA DO MARANHAO;MA;DISTRITO FEDERAL;SUDF;DISTRITO FEDERAL
11163577000130;FERNANDO FALCAO;MA;DISTRITO FEDERAL;SUDF;DISTRITO FEDERAL
12125211000130;FORMOSA DA SERRA NEGRA;MA;DISTRITO FEDERAL;SUDF;DISTRITO FEDERAL
06080394000111;FORTALEZA DOS NOGUEIRAS;MA;DISTRITO FEDERAL;SUDF;DISTRITO FEDERAL
06140404000167;FORTUNA;MA;DISTRITO FEDERAL;SUDF;DISTRITO FEDERAL
06157051000108;GODOFREDO VIANA;MA;DISTRITO FEDERAL;SUDF;DISTRITO FEDERAL
06314827000156;GONCALVES DIAS;MA;DISTRITO FEDERAL;SUDF;DISTRITO FEDERAL
06138150000142;GOVERNADOR ARCHER;MA;DISTRITO FEDERAL;SUDF;DISTRITO FEDERAL
01597627000134;GOVERNADOR EDISON LOBAO;MA;DISTRITO FEDERAL;SUDF;DISTRITO FEDERAL
06101117000148;GOVERNADOR EUGENIO BARROS;MA;DISTRITO FEDERAL;SUDF;DISTRITO FEDERAL
01578554000133;GOVERNADOR LUIZ ROCHA;MA;DISTRITO FEDERAL;SUDF;DISTRITO FEDERAL
01615124000144;GOVERNADOR NEWTON BELLO;MA;DISTRITO FEDERAL;SUDF;DISTRITO FEDERAL
02130473000139;GOVERNADOR NUNES FREIRE;MA;DISTRITO FEDERAL;SUDF;DISTRITO FEDERAL
06140594000112;GRACA ARANHA;MA;DISTRITO FEDERAL;SUDF;DISTRITO FEDERAL
06377063000148;GRAJAU;MA;DISTRITO FEDERAL;SUDF;DISTRITO FEDERAL
05505334000130;GUIMARAES;MA;DISTRITO FEDERAL;SUDF;DISTRITO FEDERAL
11436956000157;HUMBERTO DE CAMPOS;MA;DISTRITO FEDERAL;SUDF;DISTRITO FEDERAL
05296298000142;ICATU;MA;DISTRITO FEDERAL;SUDF;DISTRITO FEDERAL
01612346000103;IGARAPE DO MEIO;MA;DISTRITO FEDERAL;SUDF;DISTRITO FEDERAL
06323208000128;IGARAPE GRANDE;MA;DISTRITO FEDERAL;SUDF;DISTRITO FEDERAL
06158455000116;IMPERATRIZ;MA;DISTRITO FEDERAL;SUDF;DISTRITO FEDERAL
11243194000172;ITAIPAVA DO GRAJAU;MA;DISTRITO FEDERAL;SUDF;DISTRITO FEDERAL
05648696000180;ITAPECURU MIRIM;MA;DISTRITO FEDERAL;SUDF;DISTRITO FEDERAL
01614537000104;ITINGA DO MARANHAO;MA;DISTRITO FEDERAL;SUDF;DISTRITO FEDERAL
01616678000166;JATOBA;MA;DISTRITO FEDERAL;SUDF;DISTRITO FEDERAL
01614441000146;JENIPAPO DOS VIEIRAS;MA;DISTRITO FEDERAL;SUDF;DISTRITO FEDERAL
11939565000155;JOAO LISBOA;MA;DISTRITO FEDERAL;SUDF;DISTRITO FEDERAL
06376974000150;JOSELANDIA;MA;DISTRITO FEDERAL;SUDF;DISTRITO FEDERAL
01612334000189;JUNCO DO MARANHAO;MA;DISTRITO FEDERAL;SUDF;DISTRITO FEDERAL
06021810000100;LAGO DA PEDRA;MA;DISTRITO FEDERAL;SUDF;DISTRITO FEDERAL
06460026000107;LAGO DO JUNCO;MA;DISTRITO FEDERAL;SUDF;DISTRITO FEDERAL
01612541000133;LAGO DOS RODRIGUES;MA;DISTRITO FEDERAL;SUDF;DISTRITO FEDERAL
06021174000117;LAGO VERDE;MA;DISTRITO FEDERAL;SUDF;DISTRITO FEDERAL
01613315000177;LAGOA DO MATO;MA;DISTRITO FEDERAL;SUDF;DISTRITO FEDERAL
01612337000112;LAGOA GRANDE DO MARANHAO;MA;DISTRITO FEDERAL;SUDF;DISTRITO FEDERAL
01598548000148;LAJEADO NOVO;MA;DISTRITO FEDERAL;SUDF;DISTRITO FEDERAL
06933519000109;LIMA CAMPOS;MA;DISTRITO FEDERAL;SUDF;DISTRITO FEDERAL
06229538000159;LORETO;MA;DISTRITO FEDERAL;SUDF;DISTRITO FEDERAL
05292594000175;LUIS DOMINGUES;MA;DISTRITO FEDERAL;SUDF;DISTRITO FEDERAL
06988976000109;MAGALHAES DE ALMEIDA;MA;DISTRITO FEDERAL;SUDF;DISTRITO FEDERAL
01612336000178;MARACACUME;MA;DISTRITO FEDERAL;SUDF;DISTRITO FEDERAL
01555070000179;MARAJA DO SENA;MA;DISTRITO FEDERAL;SUDF;DISTRITO FEDERAL
11317262000109;MARANHAOZINHO;MA;DISTRITO FEDERAL;SUDF;DISTRITO FEDERAL
06119945000103;MATA ROMA;MA;DISTRITO FEDERAL;SUDF;DISTRITO FEDERAL
06158729000177;MATINHA;MA;DISTRITO FEDERAL;SUDF;DISTRITO FEDERAL
06114631000118;MATOES;MA;DISTRITO FEDERAL;SUDF;DISTRITO FEDERAL
31711829000126;MATOES DO NORTE;MA;DISTRITO FEDERAL;SUDF;DISTRITO FEDERAL
01612319000130;MILAGRES DO MARANHAO;MA;DISTRITO FEDERAL;SUDF;DISTRITO FEDERAL
06140818000196;MIRADOR;MA;DISTRITO FEDERAL;SUDF;DISTRITO FEDERAL
12553806000196;MIRANDA DO NORTE;MA;DISTRITO FEDERAL;SUDF;DISTRITO FEDERAL
06342240000150;MIRINZAL;MA;DISTRITO FEDERAL;SUDF;DISTRITO FEDERAL
06190243000116;MONCAO;MA;DISTRITO FEDERAL;SUDF;DISTRITO FEDERAL
11753150000192;MONTES ALTOS;MA;DISTRITO FEDERAL;SUDF;DISTRITO FEDERAL
05489935000105;MORROS;MA;DISTRITO FEDERAL;SUDF;DISTRITO FEDERAL
11304502000122;NINA RODRIGUES;MA;DISTRITO FEDERAL;SUDF;DISTRITO FEDERAL
01608768000105;NOVA COLINAS;MA;DISTRITO FEDERAL;SUDF;DISTRITO FEDERAL
13984382000187;NOVA IORQUE;MA;DISTRITO FEDERAL;SUDF;DISTRITO FEDERAL
18250713000179;NOVA OLINDA DO MARANHAO;MA;DISTRITO FEDERAL;SUDF;DISTRITO FEDERAL
06014005000150;OLHO D'AGUA DAS CUNHAS;MA;DISTRITO FEDERAL;SUDF;DISTRITO FEDERAL
01612629000155;OLINDA NOVA DO MARANHAO;MA;DISTRITO FEDERAL;SUDF;DISTRITO FEDERAL
06003636000173;PACO DO LUMIAR;MA;DISTRITO FEDERAL;SUDF;DISTRITO FEDERAL
06209936000103;PALMEIRANDIA;MA;DISTRITO FEDERAL;SUDF;DISTRITO FEDERAL
05303144000130;PARAIBANO;MA;DISTRITO FEDERAL;SUDF;DISTRITO FEDERAL
06115117000105;PARNARAMA;MA;DISTRITO FEDERAL;SUDF;DISTRITO FEDERAL
10438570000111;PASSAGEM FRANCA;MA;DISTRITO FEDERAL;SUDF;DISTRITO FEDERAL
05277173000175;PASTOS BONS;MA;DISTRITO FEDERAL;SUDF;DISTRITO FEDERAL
01562914000109;PAULINO NEVES;MA;DISTRITO FEDERAL;SUDF;DISTRITO FEDERAL
06029524000191;PAULO RAMOS;MA;DISTRITO FEDERAL;SUDF;DISTRITO FEDERAL
06184253000149;PEDREIRAS;MA;DISTRITO FEDERAL;SUDF;DISTRITO FEDERAL
12109949000103;PEDRO DO ROSARIO;MA;DISTRITO FEDERAL;SUDF;DISTRITO FEDERAL
12148948000178;PENALVA;MA;DISTRITO FEDERAL;SUDF;DISTRITO FEDERAL
41611856000180;PERI MIRIM;MA;DISTRITO FEDERAL;SUDF;DISTRITO FEDERAL
01612537000175;PERITORO;MA;DISTRITO FEDERAL;SUDF;DISTRITO FEDERAL
;PINDARE MIRIM;MA;DISTRITO FEDERAL;SUDF;DISTRITO FEDERAL
06200745000180;PINHEIRO;MA;DISTRITO FEDERAL;SUDF;DISTRITO FEDERAL
06447833000181;PIO XII;MA;DISTRITO FEDERAL;SUDF;DISTRITO FEDERAL
07623366000166;PIRAPEMAS;MA;DISTRITO FEDERAL;SUDF;DISTRITO FEDERAL
06202808000138;POCAO DE PEDRAS;MA;DISTRITO FEDERAL;SUDF;DISTRITO FEDERAL
06208946000124;PORTO FRANCO;MA;DISTRITO FEDERAL;SUDF;DISTRITO FEDERAL
01612542000188;PORTO RICO DO MARANHAO;MA;DISTRITO FEDERAL;SUDF;DISTRITO FEDERAL
06138366000108;PRESIDENTE DUTRA;MA;DISTRITO FEDERAL;SUDF;DISTRITO FEDERAL
06003891000116;PRESIDENTE JUSCELINO;MA;DISTRITO FEDERAL;SUDF;DISTRITO FEDERAL
01612320000165;PRESIDENTE MEDICI;MA;DISTRITO FEDERAL;SUDF;DISTRITO FEDERAL
01613745000199;PRESIDENTE SARNEY;MA;DISTRITO FEDERAL;SUDF;DISTRITO FEDERAL
06124739000191;PRESIDENTE VARGAS;MA;DISTRITO FEDERAL;SUDF;DISTRITO FEDERAL
06240352000109;PRIMEIRA CRUZ;MA;DISTRITO FEDERAL;SUDF;DISTRITO FEDERAL
01612325000198;RAPOSA;MA;DISTRITO FEDERAL;SUDF;DISTRITO FEDERAL
05282801000100;RIACHAO;MA;DISTRITO FEDERAL;SUDF;DISTRITO FEDERAL
01598547000101;RIBAMAR FIQUENE;MA;DISTRITO FEDERAL;SUDF;DISTRITO FEDERAL
41479569000169;ROSARIO;MA;DISTRITO FEDERAL;SUDF;DISTRITO FEDERAL
06229397000174;SAMBAIBA;MA;DISTRITO FEDERAL;SUDF;DISTRITO FEDERAL
01612632000179;SANTA FILOMENA DO MARANHAO;MA;DISTRITO FEDERAL;SUDF;DISTRITO FEDERAL
06226583000150;SANTA HELENA;MA;DISTRITO FEDERAL;SUDF;DISTRITO FEDERAL
06198949000124;SANTA INES;MA;DISTRITO FEDERAL;SUDF;DISTRITO FEDERAL
06191001000147;SANTA LUZIA;MA;DISTRITO FEDERAL;SUDF;DISTRITO FEDERAL
12511093000106;SANTA LUZIA DO PARUA;MA;DISTRITO FEDERAL;SUDF;DISTRITO FEDERAL
06232615000120;SANTA QUITERIA DO MARANHAO;MA;DISTRITO FEDERAL;SUDF;DISTRITO FEDERAL
63441836000141;SANTA RITA;MA;DISTRITO FEDERAL;SUDF;DISTRITO FEDERAL
01612830000132;SANTANA DO MARANHAO;MA;DISTRITO FEDERAL;SUDF;DISTRITO FEDERAL
01612671000176;SANTO AMARO DO MARANHAO;MA;DISTRITO FEDERAL;SUDF;DISTRITO FEDERAL
06172720000110;SANTO ANTONIO DOS LOPES;MA;DISTRITO FEDERAL;SUDF;DISTRITO FEDERAL
06398150000181;SAO BENEDITO DO RIO PRETO;MA;DISTRITO FEDERAL;SUDF;DISTRITO FEDERAL
06214258000177;SAO BENTO;MA;DISTRITO FEDERAL;SUDF;DISTRITO FEDERAL
06125389000188;SAO BERNARDO;MA;DISTRITO FEDERAL;SUDF;DISTRITO FEDERAL
01612333000134;SAO DOMINGOS DO AZEITAO;MA;DISTRITO FEDERAL;SUDF;DISTRITO FEDERAL
06113690000171;SAO DOMINGOS DO MARANHAO;MA;DISTRITO FEDERAL;SUDF;DISTRITO FEDERAL
05490420000117;SAO FELIX DE BALSAS;MA;DISTRITO FEDERAL;SUDF;DISTRITO FEDERAL
14001532000158;SAO FRANCISCO DO BREJAO;MA;DISTRITO FEDERAL;SUDF;DISTRITO FEDERAL
06089163000179;SAO FRANCISCO DO MARANHAO;MA;DISTRITO FEDERAL;SUDF;DISTRITO FEDERAL
35101369000175;SAO JOAO BATISTA;MA;DISTRITO FEDERAL;SUDF;DISTRITO FEDERAL
01612344000114;SAO JOAO DO CARU;MA;DISTRITO FEDERAL;SUDF;DISTRITO FEDERAL
01597629000123;SAO JOAO DO PARAISO;MA;DISTRITO FEDERAL;SUDF;DISTRITO FEDERAL
01612628000100;SAO JOAO DO SOTER;MA;DISTRITO FEDERAL;SUDF;DISTRITO FEDERAL
06089668000133;SAO JOAO DOS PATOS;MA;DISTRITO FEDERAL;SUDF;DISTRITO FEDERAL
06351514000178;SAO JOSE DE RIBAMAR;MA;DISTRITO FEDERAL;SUDF;DISTRITO FEDERAL
01616769000100;SAO JOSE DOS BASILIOS;MA;DISTRITO FEDERAL;SUDF;DISTRITO FEDERAL
06307102000130;SAO LUIS;MA;DISTRITO FEDERAL;SUDF;DISTRITO FEDERAL
06460018000152;SAO LUIS GONZAGA DO MARANHAO;MA;DISTRITO FEDERAL;SUDF;DISTRITO FEDERAL
06019491000107;SAO MATEUS DO MARANHAO;MA;DISTRITO FEDERAL;SUDF;DISTRITO FEDERAL
01613956000121;SAO PEDRO DA AGUA BRANCA;MA;DISTRITO FEDERAL;SUDF;DISTRITO FEDERAL
01577844000162;SAO PEDRO DOS CRENTES;MA;DISTRITO FEDERAL;SUDF;DISTRITO FEDERAL
06651616000109;SAO RAIMUNDO DAS MANGABEIRAS;MA;DISTRITO FEDERAL;SUDF;DISTRITO FEDERAL
01611836000195;SAO RAIMUNDO DO DOCA BEZERRA;MA;DISTRITO FEDERAL;SUDF;DISTRITO FEDERAL
01612348000100;SAO ROBERTO;MA;DISTRITO FEDERAL;SUDF;DISTRITO FEDERAL
06421119000114;SAO VICENTE FERRER;MA;DISTRITO FEDERAL;SUDF;DISTRITO FEDERAL
01611895000163;SATUBINHA;MA;DISTRITO FEDERAL;SUDF;DISTRITO FEDERAL
01566688000134;SENADOR ALEXANDRE COSTA;MA;DISTRITO FEDERAL;SUDF;DISTRITO FEDERAL
14091765000199;SENADOR LA ROCQUE;MA;DISTRITO FEDERAL;SUDF;DISTRITO FEDERAL
01612626000111;SERRANO DO MARANHAO;MA;DISTRITO FEDERAL;SUDF;DISTRITO FEDERAL
13911662000165;SITIO NOVO;MA;DISTRITO FEDERAL;SUDF;DISTRITO FEDERAL
06896534000124;SUCUPIRA DO NORTE;MA;DISTRITO FEDERAL;SUDF;DISTRITO FEDERAL
01612338000167;SUCUPIRA DO RIACHAO;MA;DISTRITO FEDERAL;SUDF;DISTRITO FEDERAL
06997563000182;TASSO FRAGOSO;MA;DISTRITO FEDERAL;SUDF;DISTRITO FEDERAL
06424618000165;TIMBIRAS;MA;DISTRITO FEDERAL;SUDF;DISTRITO FEDERAL
06115307000114;TIMON;MA;DISTRITO FEDERAL;SUDF;DISTRITO FEDERAL
01558070000122;TRIZIDELA DO VALE;MA;DISTRITO FEDERAL;SUDF;DISTRITO FEDERAL
01612631000124;TUFILANDIA;MA;DISTRITO FEDERAL;SUDF;DISTRITO FEDERAL
06138911000166;TUNTUM;MA;DISTRITO FEDERAL;SUDF;DISTRITO FEDERAL
63451363000163;TURIACU;MA;DISTRITO FEDERAL;SUDF;DISTRITO FEDERAL
01612533000197;TURILANDIA;MA;DISTRITO FEDERAL;SUDF;DISTRITO FEDERAL
06218572000128;TUTOIA;MA;DISTRITO FEDERAL;SUDF;DISTRITO FEDERAL
05505839000103;URBANO SANTOS;MA;DISTRITO FEDERAL;SUDF;DISTRITO FEDERAL
05648738000183;VARGEM GRANDE;MA;DISTRITO FEDERAL;SUDF;DISTRITO FEDERAL
06157051000108;VIANA;MA;DISTRITO FEDERAL;SUDF;DISTRITO FEDERAL
01608475000128;VILA NOVA DOS MARTIRIOS;MA;DISTRITO FEDERAL;SUDF;DISTRITO FEDERAL
05646807000110;VITORIA DO MEARIM;MA;DISTRITO FEDERAL;SUDF;DISTRITO FEDERAL
06018568000116;VITORINO FREIRE;MA;DISTRITO FEDERAL;SUDF;DISTRITO FEDERAL
12122065000199;ZE DOCA;MA;DISTRITO FEDERAL;SUDF;DISTRITO FEDERAL
18593111000114;ABADIA DOS DOURADOS;MG;MINAS GERAIS;SUMG;MINAS GERAIS
18296632000100;ABAETE;MG;MINAS GERAIS;SUMG;MINAS GERAIS
18837278000183;ABRE CAMPO;MG;MINAS GERAIS;SUMG;MINAS GERAIS
18295287000190;ACAIACA;MG;MINAS GERAIS;SUMG;MINAS GERAIS
17005216000142;ACUCENA;MG;MINAS GERAIS;SUMG;MINAS GERAIS
18085563000195;AGUA BOA;MG;MINAS GERAIS;SUMG;MINAS GERAIS
18428953000110;AGUA COMPRIDA;MG;MINAS GERAIS;SUMG;MINAS GERAIS
18404749000160;AGUAS FORMOSAS;MG;MINAS GERAIS;SUMG;MINAS GERAIS
18414581000173;AGUAS VERMELHAS;MG;MINAS GERAIS;SUMG;MINAS GERAIS
18348094000150;AIMORES;MG;MINAS GERAIS;SUMG;MINAS GERAIS
18008896000110;AIURUOCA;MG;MINAS GERAIS;SUMG;MINAS GERAIS
18186346000191;ALAGOA;MG;MINAS GERAIS;SUMG;MINAS GERAIS
17912015000129;ALBERTINA;MG;MINAS GERAIS;SUMG;MINAS GERAIS
17709197000135;ALEM PARAIBA;MG;MINAS GERAIS;SUMG;MINAS GERAIS
18243220000101;ALFENAS;MG;MINAS GERAIS;SUMG;MINAS GERAIS
26130617000115;ALFREDO VASCONCELOS;MG;MINAS GERAIS;SUMG;MINAS GERAIS
18349894000195;ALMENARA;MG;MINAS GERAIS;SUMG;MINAS GERAIS
18332627000105;ALPERCATA;MG;MINAS GERAIS;SUMG;MINAS GERAIS
18241752000100;ALPINOPOLIS;MG;MINAS GERAIS;SUMG;MINAS GERAIS
18243238000103;ALTEROSA;MG;MINAS GERAIS;SUMG;MINAS GERAIS
01616270000194;ALTO CAPARAO;MG;MINAS GERAIS;SUMG;MINAS GERAIS
18392506000159;ALTO JEQUITIBA;MG;MINAS GERAIS;SUMG;MINAS GERAIS
18094748000166;ALTO RIO DOCE;MG;MINAS GERAIS;SUMG;MINAS GERAIS
19770288000101;ALVARENGA;MG;MINAS GERAIS;SUMG;MINAS GERAIS
16725392000196;ALVINOPOLIS;MG;MINAS GERAIS;SUMG;MINAS GERAIS
18303164000153;ALVORADA DE MINAS;MG;MINAS GERAIS;SUMG;MINAS GERAIS
;AMPARO DA SERRA;MG;MINAS GERAIS;SUMG;MINAS GERAIS
17884412000134;ANDRADAS;MG;MINAS GERAIS;SUMG;MINAS GERAIS
18682930000138;ANDRELANDIA;MG;MINAS GERAIS;SUMG;MINAS GERAIS
01113937000136;ANGELANDIA;MG;MINAS GERAIS;SUMG;MINAS GERAIS
18094763000104;ANTONIO CARLOS;MG;MINAS GERAIS;SUMG;MINAS GERAIS
16796575000100;ANTONIO DIAS;MG;MINAS GERAIS;SUMG;MINAS GERAIS
17947631000115;ANTONIO PRADO DE MINAS;MG;MINAS GERAIS;SUMG;MINAS GERAIS
18116111000123;ARACAI;MG;MINAS GERAIS;SUMG;MINAS GERAIS
17747940000141;ARACITABA;MG;MINAS GERAIS;SUMG;MINAS GERAIS
17963083000117;ARACUAI;MG;MINAS GERAIS;SUMG;MINAS GERAIS
16829640000149;ARAGUARI;MG;MINAS GERAIS;SUMG;MINAS GERAIS
17952508000192;ARANTINA;MG;MINAS GERAIS;SUMG;MINAS GERAIS
18132167000171;ARAPONGA;MG;MINAS GERAIS;SUMG;MINAS GERAIS
23098510000149;ARAPORA;MG;MINAS GERAIS;SUMG;MINAS GERAIS
19942895000101;ARAPUA;MG;MINAS GERAIS;SUMG;MINAS GERAIS
18140756000100;ARAXA;MG;MINAS GERAIS;SUMG;MINAS GERAIS
17899717000110;ARCEBURGO;MG;MINAS GERAIS;SUMG;MINAS GERAIS
18243246000150;AREADO;MG;MINAS GERAIS;SUMG;MINAS GERAIS
17730011000120;ARGIRITA;MG;MINAS GERAIS;SUMG;MINAS GERAIS
01608511000153;ARICANDUVA;MG;MINAS GERAIS;SUMG;MINAS GERAIS
18125120000180;ARINOS;MG;MINAS GERAIS;SUMG;MINAS GERAIS
17702507000190;ASTOLFO DUTRA;MG;MINAS GERAIS;SUMG;MINAS GERAIS
16971376000183;ATALEIA;MG;MINAS GERAIS;SUMG;MINAS GERAIS
17694845000127;AUGUSTO DE LIMA;MG;MINAS GERAIS;SUMG;MINAS GERAIS
18008862000126;BAEPENDI;MG;MINAS GERAIS;SUMG;MINAS GERAIS
18116129000125;BALDIM;MG;MINAS GERAIS;SUMG;MINAS GERAIS
18349902000101;BANDEIRA;MG;MINAS GERAIS;SUMG;MINAS GERAIS
18175794000190;BANDEIRA DO SUL;MG;MINAS GERAIS;SUMG;MINAS GERAIS
18317685000160;BARAO DE COCAIS;MG;MINAS GERAIS;SUMG;MINAS GERAIS
17947649000117;BARAO DE MONTE ALTO;MG;MINAS GERAIS;SUMG;MINAS GERAIS
17095043000109;BARBACENA;MG;MINAS GERAIS;SUMG;MINAS GERAIS
18316182000170;BARRA LONGA;MG;MINAS GERAIS;SUMG;MINAS GERAIS
18094755000168;BARROSO;MG;MINAS GERAIS;SUMG;MINAS GERAIS
18311043000153;BELA VISTA DE MINAS;MG;MINAS GERAIS;SUMG;MINAS GERAIS
18338129000170;BELMIRO BRAGA;MG;MINAS GERAIS;SUMG;MINAS GERAIS
18715383000140;BELO HORIZONTE;MG;MINAS GERAIS;SUMG;MINAS GERAIS
17005653000166;BELO ORIENTE;MG;MINAS GERAIS;SUMG;MINAS GERAIS
18363937000197;BELO VALE;MG;MINAS GERAIS;SUMG;MINAS GERAIS
17700758000135;BERILO;MG;MINAS GERAIS;SUMG;MINAS GERAIS
01614602000100;BERIZAL;MG;MINAS GERAIS;SUMG;MINAS GERAIS
18404897000184;BERTOPOLIS;MG;MINAS GERAIS;SUMG;MINAS GERAIS
18715391000196;BETIM;MG;MINAS GERAIS;SUMG;MINAS GERAIS
18094771000150;BIAS FORTES;MG;MINAS GERAIS;SUMG;MINAS GERAIS
17722935000184;BICAS;MG;MINAS GERAIS;SUMG;MINAS GERAIS
18296640000156;BIQUINHAS;MG;MINAS GERAIS;SUMG;MINAS GERAIS
18239590000175;BOA ESPERANCA;MG;MINAS GERAIS;SUMG;MINAS GERAIS
18194076000160;BOCAINA DE MINAS;MG;MINAS GERAIS;SUMG;MINAS GERAIS
18803072000213;BOCAIUVA;MG;MINAS GERAIS;SUMG;MINAS GERAIS
18684217000123;BOM JARDIM DE MINAS;MG;MINAS GERAIS;SUMG;MINAS GERAIS
18187815000197;BOM JESUS DA PENHA;MG;MINAS GERAIS;SUMG;MINAS GERAIS
18317693000106;BOM JESUS DO AMPARO;MG;MINAS GERAIS;SUMG;MINAS GERAIS
18334276000171;BOM JESUS DO GALHO;MG;MINAS GERAIS;SUMG;MINAS GERAIS
18675892000196;BOM REPOUSO;MG;MINAS GERAIS;SUMG;MINAS GERAIS
18244368000160;BOM SUCESSO;MG;MINAS GERAIS;SUMG;MINAS GERAIS
18363945000133;BONFIM;MG;MINAS GERAIS;SUMG;MINAS GERAIS
18125138000182;BONFINOPOLIS DE MINAS;MG;MINAS GERAIS;SUMG;MINAS GERAIS
01612493000183;BONITO DE MINAS;MG;MINAS GERAIS;SUMG;MINAS GERAIS
17912023000175;BORDA DA MATA;MG;MINAS GERAIS;SUMG;MINAS GERAIS
17847641000189;BOTELHOS;MG;MINAS GERAIS;SUMG;MINAS GERAIS
18017418000177;BOTUMIRIM;MG;MINAS GERAIS;SUMG;MINAS GERAIS
18128272000137;BRAS PIRES;MG;MINAS GERAIS;SUMG;MINAS GERAIS
01602009000135;BRASILANDIA DE MINAS;MG;MINAS GERAIS;SUMG;MINAS GERAIS
18017442000106;BRASILIA DE MINAS;MG;MINAS GERAIS;SUMG;MINAS GERAIS
18307389000188;BRAUNAS;MG;MINAS GERAIS;SUMG;MINAS GERAIS
18025890000151;BRAZOPOLIS;MG;MINAS GERAIS;SUMG;MINAS GERAIS
18363929000140;BRUMADINHO;MG;MINAS GERAIS;SUMG;MINAS GERAIS
18940098000122;BUENO BRANDAO;MG;MINAS GERAIS;SUMG;MINAS GERAIS
17694852000129;BUENOPOLIS;MG;MINAS GERAIS;SUMG;MINAS GERAIS
01613126000102;BUGRE;MG;MINAS GERAIS;SUMG;MINAS GERAIS
18125146000129;BURITIS;MG;MINAS GERAIS;SUMG;MINAS GERAIS
18279067000172;BURITIZEIRO;MG;MINAS GERAIS;SUMG;MINAS GERAIS
01603707000155;CABECEIRA GRANDE;MG;MINAS GERAIS;SUMG;MINAS GERAIS
17909599000183;CABO VERDE;MG;MINAS GERAIS;SUMG;MINAS GERAIS
25004532000128;CACHOEIRA DA PRATA;MG;MINAS GERAIS;SUMG;MINAS GERAIS
18675959000192;CACHOEIRA DE MINAS;MG;MINAS GERAIS;SUMG;MINAS GERAIS
18414599000175;CACHOEIRA DE PAJEU;MG;MINAS GERAIS;SUMG;MINAS GERAIS
18457267000178;CACHOEIRA DOURADA;MG;MINAS GERAIS;SUMG;MINAS GERAIS
23221351000128;CAETANOPOLIS;MG;MINAS GERAIS;SUMG;MINAS GERAIS
18302299000102;CAETE;MG;MINAS GERAIS;SUMG;MINAS GERAIS
18114256000195;CAIANA;MG;MINAS GERAIS;SUMG;MINAS GERAIS
18132456000170;CAJURI;MG;MINAS GERAIS;SUMG;MINAS GERAIS
18625129000150;CALDAS;MG;MINAS GERAIS;SUMG;MINAS GERAIS
17935396000161;CAMANDUCAIA;MG;MINAS GERAIS;SUMG;MINAS GERAIS
18675975000185;CAMBUI;MG;MINAS GERAIS;SUMG;MINAS GERAIS
17955386000198;CAMBUQUIRA;MG;MINAS GERAIS;SUMG;MINAS GERAIS
18404905000192;CAMPANARIO;MG;MINAS GERAIS;SUMG;MINAS GERAIS
18712174000142;CAMPANHA;MG;MINAS GERAIS;SUMG;MINAS GERAIS
18178400000157;CAMPESTRE;MG;MINAS GERAIS;SUMG;MINAS GERAIS
18457291000107;CAMPINA VERDE;MG;MINAS GERAIS;SUMG;MINAS GERAIS
01612551000179;CAMPO AZUL;MG;MINAS GERAIS;SUMG;MINAS GERAIS
18239582000129;CAMPO DO MEIO;MG;MINAS GERAIS;SUMG;MINAS GERAIS
18428862000185;CAMPO FLORIDO;MG;MINAS GERAIS;SUMG;MINAS GERAIS
18298190000130;CAMPOS ALTOS;MG;MINAS GERAIS;SUMG;MINAS GERAIS
18245175000124;CAMPOS GERAIS;MG;MINAS GERAIS;SUMG;MINAS GERAIS
18244426000156;CANA VERDE;MG;MINAS GERAIS;SUMG;MINAS GERAIS
18132712000120;CANAA;MG;MINAS GERAIS;SUMG;MINAS GERAIS
18457200000133;CANAPOLIS;MG;MINAS GERAIS;SUMG;MINAS GERAIS
01617441000108;CANTAGALO;MG;MINAS GERAIS;SUMG;MINAS GERAIS
18114249000193;CAPARAO;MG;MINAS GERAIS;SUMG;MINAS GERAIS
19259951000108;CAPELA NOVA;MG;MINAS GERAIS;SUMG;MINAS GERAIS
19229921000159;CAPELINHA;MG;MINAS GERAIS;SUMG;MINAS GERAIS
17894031000136;CAPETINGA;MG;MINAS GERAIS;SUMG;MINAS GERAIS
18314617000147;CAPIM BRANCO;MG;MINAS GERAIS;SUMG;MINAS GERAIS
18457234000128;CAPINOPOLIS;MG;MINAS GERAIS;SUMG;MINAS GERAIS
66229105000125;CAPITAO ANDRADE;MG;MINAS GERAIS;SUMG;MINAS GERAIS
18017426000113;CAPITAO ENEAS;MG;MINAS GERAIS;SUMG;MINAS GERAIS
18385138000111;CAPUTIRA;MG;MINAS GERAIS;SUMG;MINAS GERAIS
18404848000141;CARAI;MG;MINAS GERAIS;SUMG;MINAS GERAIS
18094789000152;CARANAIBA;MG;MINAS GERAIS;SUMG;MINAS GERAIS
18094797000107;CARANDAI;MG;MINAS GERAIS;SUMG;MINAS GERAIS
19279827000104;CARANGOLA;MG;MINAS GERAIS;SUMG;MINAS GERAIS
18334268000125;CARATINGA;MG;MINAS GERAIS;SUMG;MINAS GERAIS
21154174000189;CARBONITA;MG;MINAS GERAIS;SUMG;MINAS GERAIS
17935388000115;CAREACU;MG;MINAS GERAIS;SUMG;MINAS GERAIS
18477315000190;CARLOS CHAGAS;MG;MINAS GERAIS;SUMG;MINAS GERAIS
18303172000108;CARMESIA;MG;MINAS GERAIS;SUMG;MINAS GERAIS
18240135000190;CARMO DA CACHOEIRA;MG;MINAS GERAIS;SUMG;MINAS GERAIS
18188243000160;CARMO DE MINAS;MG;MINAS GERAIS;SUMG;MINAS GERAIS
18602029000109;CARMO DO PARANAIBA;MG;MINAS GERAIS;SUMG;MINAS GERAIS
18243287000146;CARMO DO RIO CLARO;MG;MINAS GERAIS;SUMG;MINAS GERAIS
18312983000167;CARMOPOLIS DE MINAS;MG;MINAS GERAIS;SUMG;MINAS GERAIS
26042515000148;CARNEIRINHO;MG;MINAS GERAIS;SUMG;MINAS GERAIS
17953332000193;CARRANCAS;MG;MINAS GERAIS;SUMG;MINAS GERAIS
18242800000184;CARVALHOPOLIS;MG;MINAS GERAIS;SUMG;MINAS GERAIS
18194217000145;CARVALHOS;MG;MINAS GERAIS;SUMG;MINAS GERAIS
18667477000190;CASA GRANDE;MG;MINAS GERAIS;SUMG;MINAS GERAIS
18259374000191;CASCALHO RICO;MG;MINAS GERAIS;SUMG;MINAS GERAIS
17894049000138;CASSIA;MG;MINAS GERAIS;SUMG;MINAS GERAIS
17702499000181;CATAGUASES;MG;MINAS GERAIS;SUMG;MINAS GERAIS
01612370000142;CATAS ALTAS;MG;MINAS GERAIS;SUMG;MINAS GERAIS
19718378000153;CATAS ALTAS DA NORUEGA;MG;MINAS GERAIS;SUMG;MINAS GERAIS
26218636000106;CATUJI;MG;MINAS GERAIS;SUMG;MINAS GERAIS
01612502000136;CATUTI;MG;MINAS GERAIS;SUMG;MINAS GERAIS
18008870000172;CAXAMBU;MG;MINAS GERAIS;SUMG;MINAS GERAIS
18296657000103;CEDRO DO ABAETE;MG;MINAS GERAIS;SUMG;MINAS GERAIS
17990714000197;CENTRAL DE MINAS;MG;MINAS GERAIS;SUMG;MINAS GERAIS
18260497000142;CENTRALINA;MG;MINAS GERAIS;SUMG;MINAS GERAIS
18338137000116;CHACARA;MG;MINAS GERAIS;SUMG;MINAS GERAIS
18392548000190;CHALE;MG;MINAS GERAIS;SUMG;MINAS GERAIS
16886608000103;CHAPADA DO NORTE;MG;MINAS GERAIS;SUMG;MINAS GERAIS
01612489000115;CHAPADA GAUCHA;MG;MINAS GERAIS;SUMG;MINAS GERAIS
18338145000162;CHIADOR;MG;MINAS GERAIS;SUMG;MINAS GERAIS
18094805000107;CIPOTANEA;MG;MINAS GERAIS;SUMG;MINAS GERAIS
17894056000130;CLARAVAL;MG;MINAS GERAIS;SUMG;MINAS GERAIS
21498274000122;CLARO DOS POCOES;MG;MINAS GERAIS;SUMG;MINAS GERAIS
18132464000117;COIMBRA;MG;MINAS GERAIS;SUMG;MINAS GERAIS
18307397000124;COLUNA;MG;MINAS GERAIS;SUMG;MINAS GERAIS
18449173000157;COMENDADOR GOMES;MG;MINAS GERAIS;SUMG;MINAS GERAIS
18414615000120;COMERCINHO;MG;MINAS GERAIS;SUMG;MINAS GERAIS
18243295000192;CONCEICAO DA APARECIDA;MG;MINAS GERAIS;SUMG;MINAS GERAIS
18557587000108;CONCEICAO DA BARRA DE MINAS;MG;MINAS GERAIS;SUMG;MINAS GERAIS
18428854000139;CONCEICAO DAS ALAGOAS;MG;MINAS GERAIS;SUMG;MINAS GERAIS
18025908000115;CONCEICAO DAS PEDRAS;MG;MINAS GERAIS;SUMG;MINAS GERAIS
18334300000172;CONCEICAO DE IPANEMA;MG;MINAS GERAIS;SUMG;MINAS GERAIS
18303156000107;CONCEICAO DO MATO DENTRO;MG;MINAS GERAIS;SUMG;MINAS GERAIS
18008888000174;CONCEICAO DO RIO VERDE;MG;MINAS GERAIS;SUMG;MINAS GERAIS
18677609000165;CONCEICAO DOS OUROS;MG;MINAS GERAIS;SUMG;MINAS GERAIS
01612492000139;CONEGO MARINHO;MG;MINAS GERAIS;SUMG;MINAS GERAIS
01006232000110;CONFINS;MG;MINAS GERAIS;SUMG;MINAS GERAIS
18675967000139;CONGONHAL;MG;MINAS GERAIS;SUMG;MINAS GERAIS
16752446000102;CONGONHAS;MG;MINAS GERAIS;SUMG;MINAS GERAIS
18303180000146;CONGONHAS DO NORTE;MG;MINAS GERAIS;SUMG;MINAS GERAIS
18428888000123;CONQUISTA;MG;MINAS GERAIS;SUMG;MINAS GERAIS
19718360000151;CONSELHEIRO LAFAIETE;MG;MINAS GERAIS;SUMG;MINAS GERAIS
19769660000160;CONSELHEIRO PENA;MG;MINAS GERAIS;SUMG;MINAS GERAIS
18025916000161;CONSOLACAO;MG;MINAS GERAIS;SUMG;MINAS GERAIS
18715508000131;CONTAGEM;MG;MINAS GERAIS;SUMG;MINAS GERAIS
18239624000121;COQUEIRAL;MG;MINAS GERAIS;SUMG;MINAS GERAIS
22680672000128;CORACAO DE JESUS;MG;MINAS GERAIS;SUMG;MINAS GERAIS
18116137000171;CORDISBURGO;MG;MINAS GERAIS;SUMG;MINAS GERAIS
18712166000104;CORDISLANDIA;MG;MINAS GERAIS;SUMG;MINAS GERAIS
17695016000169;CORINTO;MG;MINAS GERAIS;SUMG;MINAS GERAIS
18085647000129;COROACI;MG;MINAS GERAIS;SUMG;MINAS GERAIS
18591149000158;COROMANDEL;MG;MINAS GERAIS;SUMG;MINAS GERAIS
19875046000182;CORONEL FABRICIANO;MG;MINAS GERAIS;SUMG;MINAS GERAIS
18348722000105;CORONEL MURTA;MG;MINAS GERAIS;SUMG;MINAS GERAIS
18338152000164;CORONEL PACHECO;MG;MINAS GERAIS;SUMG;MINAS GERAIS
18557546000103;CORONEL XAVIER CHAVES;MG;MINAS GERAIS;SUMG;MINAS GERAIS
18677633000102;CORREGO DO BOM JESUS;MG;MINAS GERAIS;SUMG;MINAS GERAIS
18334284000118;CORREGO NOVO;MG;MINAS GERAIS;SUMG;MINAS GERAIS
17754177000186;COUTO DE MAGALHAES DE MINAS;MG;MINAS GERAIS;SUMG;MINAS GERAIS
01614283000124;CRISOLITA;MG;MINAS GERAIS;SUMG;MINAS GERAIS
18017434000160;CRISTALIA;MG;MINAS GERAIS;SUMG;MINAS GERAIS
19718402000154;CRISTIANO OTONI;MG;MINAS GERAIS;SUMG;MINAS GERAIS
18188250000162;CRISTINA;MG;MINAS GERAIS;SUMG;MINAS GERAIS
18313007000129;CRUCILANDIA;MG;MINAS GERAIS;SUMG;MINAS GERAIS
18468041000172;CRUZEIRO DA FORTALEZA;MG;MINAS GERAIS;SUMG;MINAS GERAIS
18008904000129;CRUZILIA;MG;MINAS GERAIS;SUMG;MINAS GERAIS
01615422000134;CUPARAQUE;MG;MINAS GERAIS;SUMG;MINAS GERAIS
01613076000155;CURRAL DE DENTRO;MG;MINAS GERAIS;SUMG;MINAS GERAIS
17695024000105;CURVELO;MG;MINAS GERAIS;SUMG;MINAS GERAIS
17754193000179;DATAS;MG;MINAS GERAIS;SUMG;MINAS GERAIS
18025924000108;DELFIM MOREIRA;MG;MINAS GERAIS;SUMG;MINAS GERAIS
17894064000186;DELFINOPOLIS;MG;MINAS GERAIS;SUMG;MINAS GERAIS
01020881000175;DELTA;MG;MINAS GERAIS;SUMG;MINAS GERAIS
18558098000162;DESCOBERTO;MG;MINAS GERAIS;SUMG;MINAS GERAIS
20356762000132;DESTERRO DE ENTRE RIOS;MG;MINAS GERAIS;SUMG;MINAS GERAIS
18094813000153;DESTERRO DO MELO;MG;MINAS GERAIS;SUMG;MINAS GERAIS
17754136000190;DIAMANTINA;MG;MINAS GERAIS;SUMG;MINAS GERAIS
18295311000190;DIOGO DE VASCONCELOS;MG;MINAS GERAIS;SUMG;MINAS GERAIS
20126439000172;DIONISIO;MG;MINAS GERAIS;SUMG;MINAS GERAIS
18128280000183;DIVINESIA;MG;MINAS GERAIS;SUMG;MINAS GERAIS
18114272000188;DIVINO;MG;MINAS GERAIS;SUMG;MINAS GERAIS
18357079000178;DIVINO DAS LARANJEIRAS;MG;MINAS GERAIS;SUMG;MINAS GERAIS
18307405000132;DIVINOLANDIA DE MINAS;MG;MINAS GERAIS;SUMG;MINAS GERAIS
01613073000111;DIVISA ALEGRE;MG;MINAS GERAIS;SUMG;MINAS GERAIS
18243279000108;DIVISA NOVA;MG;MINAS GERAIS;SUMG;MINAS GERAIS
66234311000123;DIVISOPOLIS;MG;MINAS GERAIS;SUMG;MINAS GERAIS
01602782000100;DOM BOSCO;MG;MINAS GERAIS;SUMG;MINAS GERAIS
18080283000194;DOM CAVATI;MG;MINAS GERAIS;SUMG;MINAS GERAIS
18303198000148;DOM JOAQUIM;MG;MINAS GERAIS;SUMG;MINAS GERAIS
18297226000161;DOM SILVERIO;MG;MINAS GERAIS;SUMG;MINAS GERAIS
18188268000164;DOM VICOSO;MG;MINAS GERAIS;SUMG;MINAS GERAIS
17706656000127;DONA EUZEBIA;MG;MINAS GERAIS;SUMG;MINAS GERAIS
18094821000108;DORES DE CAMPOS;MG;MINAS GERAIS;SUMG;MINAS GERAIS
18307413000189;DORES DE GUANHAES;MG;MINAS GERAIS;SUMG;MINAS GERAIS
18301010000122;DORES DO INDAIA;MG;MINAS GERAIS;SUMG;MINAS GERAIS
18128249000142;DORES DO TURVO;MG;MINAS GERAIS;SUMG;MINAS GERAIS
18158261000108;DOURADOQUARA;MG;MINAS GERAIS;SUMG;MINAS GERAIS
66232547000120;DURANDE;MG;MINAS GERAIS;SUMG;MINAS GERAIS
20347225000126;ELOI MENDES;MG;MINAS GERAIS;SUMG;MINAS GERAIS
18080655000182;ENGENHEIRO CALDAS;MG;MINAS GERAIS;SUMG;MINAS GERAIS
17697152000198;ENGENHEIRO NAVARRO;MG;MINAS GERAIS;SUMG;MINAS GERAIS
66229626000182;ENTRE FOLHAS;MG;MINAS GERAIS;SUMG;MINAS GERAIS
20356747000194;ENTRE RIOS DE MINAS;MG;MINAS GERAIS;SUMG;MINAS GERAIS
18133306000181;ERVALIA;MG;MINAS GERAIS;SUMG;MINAS GERAIS
18715466000139;ESMERALDAS;MG;MINAS GERAIS;SUMG;MINAS GERAIS
18114264000131;ESPERA FELIZ;MG;MINAS GERAIS;SUMG;MINAS GERAIS
18650952000116;ESPINOSA;MG;MINAS GERAIS;SUMG;MINAS GERAIS
18675900000102;ESPIRITO SANTO DO DOURADO;MG;MINAS GERAIS;SUMG;MINAS GERAIS
18675918000104;ESTIVA;MG;MINAS GERAIS;SUMG;MINAS GERAIS
17710096000184;ESTRELA DALVA;MG;MINAS GERAIS;SUMG;MINAS GERAIS
18301028000124;ESTRELA DO INDAIA;MG;MINAS GERAIS;SUMG;MINAS GERAIS
18592162000121;ESTRELA DO SUL;MG;MINAS GERAIS;SUMG;MINAS GERAIS
17947656000119;EUGENOPOLIS;MG;MINAS GERAIS;SUMG;MINAS GERAIS
17747932000103;EWBANK DA CAMARA;MG;MINAS GERAIS;SUMG;MINAS GERAIS
18677591000100;EXTREMA;MG;MINAS GERAIS;SUMG;MINAS GERAIS
18243253000151;FAMA;MG;MINAS GERAIS;SUMG;MINAS GERAIS
18114280000124;FARIA LEMOS;MG;MINAS GERAIS;SUMG;MINAS GERAIS
17754201000187;FELICIO DOS SANTOS;MG;MINAS GERAIS;SUMG;MINAS GERAIS
18083071000160;FELISBURGO;MG;MINAS GERAIS;SUMG;MINAS GERAIS
17695032000151;FELIXLANDIA;MG;MINAS GERAIS;SUMG;MINAS GERAIS
18080887000130;FERNANDES TOURINHO;MG;MINAS GERAIS;SUMG;MINAS GERAIS
18299529000113;FERROS;MG;MINAS GERAIS;SUMG;MINAS GERAIS
26139790000184;FERVEDOURO;MG;MINAS GERAIS;SUMG;MINAS GERAIS
18125153000120;FORMOSO;MG;MINAS GERAIS;SUMG;MINAS GERAIS
18241760000156;FORTALEZA DE MINAS;MG;MINAS GERAIS;SUMG;MINAS GERAIS
18116145000118;FORTUNA DE MINAS;MG;MINAS GERAIS;SUMG;MINAS GERAIS
18051524000177;FRANCISCO BADARO;MG;MINAS GERAIS;SUMG;MINAS GERAIS
16885485000188;FRANCISCO DUMONT;MG;MINAS GERAIS;SUMG;MINAS GERAIS
22681423000157;FRANCISCO SA;MG;MINAS GERAIS;SUMG;MINAS GERAIS
01613394000116;FRANCISCOPOLIS;MG;MINAS GERAIS;SUMG;MINAS GERAIS
18404913000139;FREI GASPAR;MG;MINAS GERAIS;SUMG;MINAS GERAIS
16945990000170;FREI INOCENCIO;MG;MINAS GERAIS;SUMG;MINAS GERAIS
01615008000125;FREI LAGONEGRO;MG;MINAS GERAIS;SUMG;MINAS GERAIS
18449140000107;FRONTEIRA;MG;MINAS GERAIS;SUMG;MINAS GERAIS
18404954000125;FRONTEIRA DOS VALES;MG;MINAS GERAIS;SUMG;MINAS GERAIS
01612483000148;FRUTA DE LEITE;MG;MINAS GERAIS;SUMG;MINAS GERAIS
18449132000160;FRUTAL;MG;MINAS GERAIS;SUMG;MINAS GERAIS
18062414000100;FUNILANDIA;MG;MINAS GERAIS;SUMG;MINAS GERAIS
17005000000187;GALILEIA;MG;MINAS GERAIS;SUMG;MINAS GERAIS
01612482000101;GAMELEIRAS;MG;MINAS GERAIS;SUMG;MINAS GERAIS
01612496000117;GLAUCILANDIA;MG;MINAS GERAIS;SUMG;MINAS GERAIS
01615421000190;GOIABEIRA;MG;MINAS GERAIS;SUMG;MINAS GERAIS
01611137000145;GOIANA;MG;MINAS GERAIS;SUMG;MINAS GERAIS
18025932000154;GONCALVES;MG;MINAS GERAIS;SUMG;MINAS GERAIS
18307421000125;GONZAGA;MG;MINAS GERAIS;SUMG;MINAS GERAIS
17754144000136;GOUVEIA;MG;MINAS GERAIS;SUMG;MINAS GERAIS
20622890000180;GOVERNADOR VALADARES;MG;MINAS GERAIS;SUMG;MINAS GERAIS
20716627000150;GRAO MOGOL;MG;MINAS GERAIS;SUMG;MINAS GERAIS
17827858000127;GRUPIARA;MG;MINAS GERAIS;SUMG;MINAS GERAIS
18307439000127;GUANHAES;MG;MINAS GERAIS;SUMG;MINAS GERAIS
19382647000153;GUARACIABA;MG;MINAS GERAIS;SUMG;MINAS GERAIS
01612549000108;GUARACIAMA;MG;MINAS GERAIS;SUMG;MINAS GERAIS
17900473000148;GUARANESIA;MG;MINAS GERAIS;SUMG;MINAS GERAIS
18338160000100;GUARANI;MG;MINAS GERAIS;SUMG;MINAS GERAIS
17723172000196;GUARARA;MG;MINAS GERAIS;SUMG;MINAS GERAIS
18277947000100;GUARDA-MOR;MG;MINAS GERAIS;SUMG;MINAS GERAIS
18663401000197;GUAXUPE;MG;MINAS GERAIS;SUMG;MINAS GERAIS
18128215000158;GUIDOVAL;MG;MINAS GERAIS;SUMG;MINAS GERAIS
18602052000101;GUIMARANIA;MG;MINAS GERAIS;SUMG;MINAS GERAIS
18137943000126;GUIRICEMA;MG;MINAS GERAIS;SUMG;MINAS GERAIS
18457192000125;GURINHATA;MG;MINAS GERAIS;SUMG;MINAS GERAIS
18712133000156;HELIODORA;MG;MINAS GERAIS;SUMG;MINAS GERAIS
18338830000199;IAPU;MG;MINAS GERAIS;SUMG;MINAS GERAIS
18094839000100;IBERTIOGA;MG;MINAS GERAIS;SUMG;MINAS GERAIS
18584961000156;IBIA;MG;MINAS GERAIS;SUMG;MINAS GERAIS
16899700000108;IBIAI;MG;MINAS GERAIS;SUMG;MINAS GERAIS
01612477000190;IBIRACATU;MG;MINAS GERAIS;SUMG;MINAS GERAIS
17894072000122;IBIRACI;MG;MINAS GERAIS;SUMG;MINAS GERAIS
18715490000178;IBIRITE;MG;MINAS GERAIS;SUMG;MINAS GERAIS
18178962000109;IBITIURA DE MINAS;MG;MINAS GERAIS;SUMG;MINAS GERAIS
18244418000100;IBITURUNA;MG;MINAS GERAIS;SUMG;MINAS GERAIS
25224304000163;ICARAI DE MINAS;MG;MINAS GERAIS;SUMG;MINAS GERAIS
18715474000185;IGARAPE;MG;MINAS GERAIS;SUMG;MINAS GERAIS
18244400000108;IJACI;MG;MINAS GERAIS;SUMG;MINAS GERAIS
18239608000139;ILICINEA;MG;MINAS GERAIS;SUMG;MINAS GERAIS
01613233000122;IMBE DE MINAS;MG;MINAS GERAIS;SUMG;MINAS GERAIS
18028829000168;INCONFIDENTES;MG;MINAS GERAIS;SUMG;MINAS GERAIS
01614599000116;INDAIABIRA;MG;MINAS GERAIS;SUMG;MINAS GERAIS
18259390000184;INDIANOPOLIS;MG;MINAS GERAIS;SUMG;MINAS GERAIS
18244319000128;INGAI;MG;MINAS GERAIS;SUMG;MINAS GERAIS
20905865000104;INHAPIM;MG;MINAS GERAIS;SUMG;MINAS GERAIS
18116152000110;INHAUMA;MG;MINAS GERAIS;SUMG;MINAS GERAIS
17694860000175;INIMUTABA;MG;MINAS GERAIS;SUMG;MINAS GERAIS
66229543000193;IPABA;MG;MINAS GERAIS;SUMG;MINAS GERAIS
18334292000164;IPANEMA;MG;MINAS GERAIS;SUMG;MINAS GERAIS
19876424000142;IPATINGA;MG;MINAS GERAIS;SUMG;MINAS GERAIS
18457259000121;IPIACU;MG;MINAS GERAIS;SUMG;MINAS GERAIS
18179226000167;IPUIUNA;MG;MINAS GERAIS;SUMG;MINAS GERAIS
18158642000189;IRAI DE MINAS;MG;MINAS GERAIS;SUMG;MINAS GERAIS
18299446000124;ITABIRA;MG;MINAS GERAIS;SUMG;MINAS GERAIS
17125444000156;ITABIRINHA;MG;MINAS GERAIS;SUMG;MINAS GERAIS
18307835000154;ITABIRITO;MG;MINAS GERAIS;SUMG;MINAS GERAIS
18017400000175;ITACAMBIRA;MG;MINAS GERAIS;SUMG;MINAS GERAIS
18283101000182;ITACARAMBI;MG;MINAS GERAIS;SUMG;MINAS GERAIS
18313015000175;ITAGUARA;MG;MINAS GERAIS;SUMG;MINAS GERAIS
18404756000161;ITAIPE;MG;MINAS GERAIS;SUMG;MINAS GERAIS
18025940000109;ITAJUBA;MG;MINAS GERAIS;SUMG;MINAS GERAIS
16886871000194;ITAMARANDIBA;MG;MINAS GERAIS;SUMG;MINAS GERAIS
17706813000102;ITAMARATI DE MINAS;MG;MINAS GERAIS;SUMG;MINAS GERAIS
18404855000143;ITAMBACURI;MG;MINAS GERAIS;SUMG;MINAS GERAIS
18299537000160;ITAMBE DO MATO DENTRO;MG;MINAS GERAIS;SUMG;MINAS GERAIS
18241380000111;ITAMOGI;MG;MINAS GERAIS;SUMG;MINAS GERAIS
18666750000162;ITAMONTE;MG;MINAS GERAIS;SUMG;MINAS GERAIS
18186718000180;ITANHANDU;MG;MINAS GERAIS;SUMG;MINAS GERAIS
18493239000106;ITANHOMI;MG;MINAS GERAIS;SUMG;MINAS GERAIS
18414573000127;ITAOBIM;MG;MINAS GERAIS;SUMG;MINAS GERAIS
21226840000147;ITAPAGIPE;MG;MINAS GERAIS;SUMG;MINAS GERAIS
18677625000158;ITAPEVA;MG;MINAS GERAIS;SUMG;MINAS GERAIS
18691766000125;ITATIAIUCU;MG;MINAS GERAIS;SUMG;MINAS GERAIS
23767031000178;ITAU DE MINAS;MG;MINAS GERAIS;SUMG;MINAS GERAIS
18309724000187;ITAUNA;MG;MINAS GERAIS;SUMG;MINAS GERAIS
19718386000108;ITAVERAVA;MG;MINAS GERAIS;SUMG;MINAS GERAIS
18348748000145;ITINGA;MG;MINAS GERAIS;SUMG;MINAS GERAIS
18413179000174;ITUETA;MG;MINAS GERAIS;SUMG;MINAS GERAIS
18457218000135;ITUIUTABA;MG;MINAS GERAIS;SUMG;MINAS GERAIS
18244392000108;ITUMIRIM;MG;MINAS GERAIS;SUMG;MINAS GERAIS
18457242000174;ITURAMA;MG;MINAS GERAIS;SUMG;MINAS GERAIS
18244384000153;ITUTINGA;MG;MINAS GERAIS;SUMG;MINAS GERAIS
18715417000104;JABOTICATUBAS;MG;MINAS GERAIS;SUMG;MINAS GERAIS
18349910000140;JACINTO;MG;MINAS GERAIS;SUMG;MINAS GERAIS
18186056000148;JACUI;MG;MINAS GERAIS;SUMG;MINAS GERAIS
17914128000163;JACUTINGA;MG;MINAS GERAIS;SUMG;MINAS GERAIS
16816522000104;JAGUARACU;MG;MINAS GERAIS;SUMG;MINAS GERAIS
25209149000106;JAIBA;MG;MINAS GERAIS;SUMG;MINAS GERAIS
66230384000147;JAMPRUCA;MG;MINAS GERAIS;SUMG;MINAS GERAIS
18017392000167;JANAUBA;MG;MINAS GERAIS;SUMG;MINAS GERAIS
21461546000110;JANUARIA;MG;MINAS GERAIS;SUMG;MINAS GERAIS
01612476000146;JAPONVAR;MG;MINAS GERAIS;SUMG;MINAS GERAIS
20356739000148;JECEABA;MG;MINAS GERAIS;SUMG;MINAS GERAIS
01613376000134;JENIPAPO DE MINAS;MG;MINAS GERAIS;SUMG;MINAS GERAIS
18316166000187;JEQUERI;MG;MINAS GERAIS;SUMG;MINAS GERAIS
18279083000165;JEQUITAI;MG;MINAS GERAIS;SUMG;MINAS GERAIS
18062208000109;JEQUITIBA;MG;MINAS GERAIS;SUMG;MINAS GERAIS
18083659000114;JEQUITINHONHA;MG;MINAS GERAIS;SUMG;MINAS GERAIS
18188227000178;JESUANIA;MG;MINAS GERAIS;SUMG;MINAS GERAIS
18495812000110;JOAIMA;MG;MINAS GERAIS;SUMG;MINAS GERAIS
17111626000178;JOANESIA;MG;MINAS GERAIS;SUMG;MINAS GERAIS
18401059000157;JOAO MONLEVADE;MG;MINAS GERAIS;SUMG;MINAS GERAIS
16930299000113;JOAO PINHEIRO;MG;MINAS GERAIS;SUMG;MINAS GERAIS
17694878000177;JOAQUIM FELICIO;MG;MINAS GERAIS;SUMG;MINAS GERAIS
18349928000141;JORDANIA;MG;MINAS GERAIS;SUMG;MINAS GERAIS
01613372000156;JOSE GONCALVES DE MINAS;MG;MINAS GERAIS;SUMG;MINAS GERAIS
01613072000177;JOSE RAYDAN;MG;MINAS GERAIS;SUMG;MINAS GERAIS
01612503000180;JOSENOPOLIS;MG;MINAS GERAIS;SUMG;MINAS GERAIS
64487614000122;JUATUBA;MG;MINAS GERAIS;SUMG;MINAS GERAIS
18338178000102;JUIZ DE FORA;MG;MINAS GERAIS;SUMG;MINAS GERAIS
18017368000128;JURAMENTO;MG;MINAS GERAIS;SUMG;MINAS GERAIS
18668368000198;JURUAIA;MG;MINAS GERAIS;SUMG;MINAS GERAIS
01612485000137;JUVENILIA;MG;MINAS GERAIS;SUMG;MINAS GERAIS
18404863000190;LADAINHA;MG;MINAS GERAIS;SUMG;MINAS GERAIS
18192260000171;LAGAMAR;MG;MINAS GERAIS;SUMG;MINAS GERAIS
16901381000110;LAGOA DOS PATOS;MG;MINAS GERAIS;SUMG;MINAS GERAIS
18557595000146;LAGOA DOURADA;MG;MINAS GERAIS;SUMG;MINAS GERAIS
18602078000141;LAGOA FORMOSA;MG;MINAS GERAIS;SUMG;MINAS GERAIS
23097454000128;LAGOA GRANDE;MG;MINAS GERAIS;SUMG;MINAS GERAIS
73357469000156;LAGOA SANTA;MG;MINAS GERAIS;SUMG;MINAS GERAIS
18392522000141;LAJINHA;MG;MINAS GERAIS;SUMG;MINAS GERAIS
17877200000120;LAMBARI;MG;MINAS GERAIS;SUMG;MINAS GERAIS
24179426000112;LAMIM;MG;MINAS GERAIS;SUMG;MINAS GERAIS
17947615000122;LARANJAL;MG;MINAS GERAIS;SUMG;MINAS GERAIS
18279125000168;LASSANCE;MG;MINAS GERAIS;SUMG;MINAS GERAIS
18244376000107;LAVRAS;MG;MINAS GERAIS;SUMG;MINAS GERAIS
01587109000130;LEME DO PRADO;MG;MINAS GERAIS;SUMG;MINAS GERAIS
17733643000147;LEOPOLDINA;MG;MINAS GERAIS;SUMG;MINAS GERAIS
18029165000151;LIBERDADE;MG;MINAS GERAIS;SUMG;MINAS GERAIS
18338186000159;LIMA DUARTE;MG;MINAS GERAIS;SUMG;MINAS GERAIS
26042556000134;LIMEIRA DO OESTE;MG;MINAS GERAIS;SUMG;MINAS GERAIS
25223009000192;LONTRA;MG;MINAS GERAIS;SUMG;MINAS GERAIS
01615423000189;LUISBURGO;MG;MINAS GERAIS;SUMG;MINAS GERAIS
01612887000131;LUISLANDIA;MG;MINAS GERAIS;SUMG;MINAS GERAIS
18244301000126;LUMINARIAS;MG;MINAS GERAIS;SUMG;MINAS GERAIS
18404921000185;MACHACALIS;MG;MINAS GERAIS;SUMG;MINAS GERAIS
18242784000120;MACHADO;MG;MINAS GERAIS;SUMG;MINAS GERAIS
18029371000161;MADRE DE DEUS DE MINAS;MG;MINAS GERAIS;SUMG;MINAS GERAIS
18404871000136;MALACACHETA;MG;MINAS GERAIS;SUMG;MINAS GERAIS
25212242000170;MAMONAS;MG;MINAS GERAIS;SUMG;MINAS GERAIS
18270447000146;MANGA;MG;MINAS GERAIS;SUMG;MINAS GERAIS
18385088000172;MANHUACU;MG;MINAS GERAIS;SUMG;MINAS GERAIS
18392530000198;MANHUMIRIM;MG;MINAS GERAIS;SUMG;MINAS GERAIS
18504167000155;MANTENA;MG;MINAS GERAIS;SUMG;MINAS GERAIS
18535658000163;MAR DE ESPANHA;MG;MINAS GERAIS;SUMG;MINAS GERAIS
18313841000114;MARAVILHAS;MG;MINAS GERAIS;SUMG;MINAS GERAIS
18025957000158;MARIA DA FE;MG;MINAS GERAIS;SUMG;MINAS GERAIS
18295303000144;MARIANA;MG;MINAS GERAIS;SUMG;MINAS GERAIS
18409193000102;MARILAC;MG;MINAS GERAIS;SUMG;MINAS GERAIS
01612508000103;MARIO CAMPOS;MG;MINAS GERAIS;SUMG;MINAS GERAIS
17724162000175;MARIPA DE MINAS;MG;MINAS GERAIS;SUMG;MINAS GERAIS
16796872000148;MARLIERIA;MG;MINAS GERAIS;SUMG;MINAS GERAIS
18026021000141;MARMELOPOLIS;MG;MINAS GERAIS;SUMG;MINAS GERAIS
18315234000193;MARTINHO CAMPOS;MG;MINAS GERAIS;SUMG;MINAS GERAIS
01615420000145;MARTINS SOARES;MG;MINAS GERAIS;SUMG;MINAS GERAIS
66234360000166;MATA VERDE;MG;MINAS GERAIS;SUMG;MINAS GERAIS
18303206000156;MATERLANDIA;MG;MINAS GERAIS;SUMG;MINAS GERAIS
18715433000199;MATEUS LEME;MG;MINAS GERAIS;SUMG;MINAS GERAIS
18332619000169;MATHIAS LOBATO;MG;MINAS GERAIS;SUMG;MINAS GERAIS
18338194000103;MATIAS BARBOSA;MG;MINAS GERAIS;SUMG;MINAS GERAIS
25209115000111;MATIAS CARDOSO;MG;MINAS GERAIS;SUMG;MINAS GERAIS
18385104000127;MATIPO;MG;MINAS GERAIS;SUMG;MINAS GERAIS
17782616000164;MATO VERDE;MG;MINAS GERAIS;SUMG;MINAS GERAIS
18771238000186;MATOZINHOS;MG;MINAS GERAIS;SUMG;MINAS GERAIS
18602102000142;MATUTINA;MG;MINAS GERAIS;SUMG;MINAS GERAIS
18414607000183;MEDINA;MG;MINAS GERAIS;SUMG;MINAS GERAIS
18505347000151;MENDES PIMENTEL;MG;MINAS GERAIS;SUMG;MINAS GERAIS
17744442000145;MERCES;MG;MINAS GERAIS;SUMG;MINAS GERAIS
17112061000143;MESQUITA;MG;MINAS GERAIS;SUMG;MINAS GERAIS
22516405000110;MINAS NOVAS;MG;MINAS GERAIS;SUMG;MINAS GERAIS
17954041000110;MINDURI;MG;MINAS GERAIS;SUMG;MINAS GERAIS
18017376000174;MIRABELA;MG;MINAS GERAIS;SUMG;MINAS GERAIS
17947623000179;MIRADOURO;MG;MINAS GERAIS;SUMG;MINAS GERAIS
17966201000140;MIRAI;MG;MINAS GERAIS;SUMG;MINAS GERAIS
01612491000194;MIRAVANIA;MG;MINAS GERAIS;SUMG;MINAS GERAIS
18363952000135;MOEDA;MG;MINAS GERAIS;SUMG;MINAS GERAIS
17754169000130;MONJOLOS;MG;MINAS GERAIS;SUMG;MINAS GERAIS
22541874000199;MONSENHOR PAULO;MG;MINAS GERAIS;SUMG;MINAS GERAIS
17097791000112;MONTALVANIA;MG;MINAS GERAIS;SUMG;MINAS GERAIS
18431155000148;MONTE ALEGRE DE MINAS;MG;MINAS GERAIS;SUMG;MINAS GERAIS
18650945000114;MONTE AZUL;MG;MINAS GERAIS;SUMG;MINAS GERAIS
18668376000134;MONTE BELO;MG;MINAS GERAIS;SUMG;MINAS GERAIS
18593103000178;MONTE CARMELO;MG;MINAS GERAIS;SUMG;MINAS GERAIS
01615007000180;MONTE FORMOSO;MG;MINAS GERAIS;SUMG;MINAS GERAIS
18241372000175;MONTE SANTO DE MINAS;MG;MINAS GERAIS;SUMG;MINAS GERAIS
22646525000131;MONTE SIAO;MG;MINAS GERAIS;SUMG;MINAS GERAIS
22678874000135;MONTES CLAROS;MG;MINAS GERAIS;SUMG;MINAS GERAIS
25223983000156;MONTEZUMA;MG;MINAS GERAIS;SUMG;MINAS GERAIS
18296665000150;MORADA NOVA DE MINAS;MG;MINAS GERAIS;SUMG;MINAS GERAIS
17695040000106;MORRO DA GARCA;MG;MINAS GERAIS;SUMG;MINAS GERAIS
18303214000100;MORRO DO PILAR;MG;MINAS GERAIS;SUMG;MINAS GERAIS
18675934000199;MUNHOZ;MG;MINAS GERAIS;SUMG;MINAS GERAIS
17947581000176;MURIAE;MG;MINAS GERAIS;SUMG;MINAS GERAIS
18348086000103;MUTUM;MG;MINAS GERAIS;SUMG;MINAS GERAIS
18668624000147;MUZAMBINHO;MG;MINAS GERAIS;SUMG;MINAS GERAIS
18507079000107;NACIP RAYDAN;MG;MINAS GERAIS;SUMG;MINAS GERAIS
18398974000130;NANUQUE;MG;MINAS GERAIS;SUMG;MINAS GERAIS
01613208000220;NAQUE;MG;MINAS GERAIS;SUMG;MINAS GERAIS
01593752000176;NATALANDIA;MG;MINAS GERAIS;SUMG;MINAS GERAIS
17935412000116;NATERCIA;MG;MINAS GERAIS;SUMG;MINAS GERAIS
18557561000151;NAZARENO;MG;MINAS GERAIS;SUMG;MINAS GERAIS
18244350000169;NEPOMUCENO;MG;MINAS GERAIS;SUMG;MINAS GERAIS
01612495000172;NINHEIRA;MG;MINAS GERAIS;SUMG;MINAS GERAIS
01613169000180;NOVA BELEM;MG;MINAS GERAIS;SUMG;MINAS GERAIS
16819831000120;NOVA ERA;MG;MINAS GERAIS;SUMG;MINAS GERAIS
22934889000117;NOVA LIMA;MG;MINAS GERAIS;SUMG;MINAS GERAIS
18404939000187;NOVA MODICA;MG;MINAS GERAIS;SUMG;MINAS GERAIS
18159905000174;NOVA PONTE;MG;MINAS GERAIS;SUMG;MINAS GERAIS
01612499000150;NOVA PORTEIRINHA;MG;MINAS GERAIS;SUMG;MINAS GERAIS
18187823000133;NOVA RESENDE;MG;MINAS GERAIS;SUMG;MINAS GERAIS
18302307000102;NOVA UNIAO;MG;MINAS GERAIS;SUMG;MINAS GERAIS
18404889000138;NOVO CRUZEIRO;MG;MINAS GERAIS;SUMG;MINAS GERAIS
01613373000109;NOVO ORIENTE DE MINAS;MG;MINAS GERAIS;SUMG;MINAS GERAIS
01616420000160;NOVORIZONTE;MG;MINAS GERAIS;SUMG;MINAS GERAIS
18338202000103;OLARIA;MG;MINAS GERAIS;SUMG;MINAS GERAIS
;OLHOS D'AGUA;MG;MINAS GERAIS;SUMG;MINAS GERAIS
18188276000100;OLIMPIO NORONHA;MG;MINAS GERAIS;SUMG;MINAS GERAIS
17747957000107;OLIVEIRA FORTES;MG;MINAS GERAIS;SUMG;MINAS GERAIS
01616836000188;ORATORIOS;MG;MINAS GERAIS;SUMG;MINAS GERAIS
01616271000139;ORIZANIA;MG;MINAS GERAIS;SUMG;MINAS GERAIS
18295329000192;OURO BRANCO;MG;MINAS GERAIS;SUMG;MINAS GERAIS
18671271000134;OURO FINO;MG;MINAS GERAIS;SUMG;MINAS GERAIS
18295295000136;OURO PRETO;MG;MINAS GERAIS;SUMG;MINAS GERAIS
18404947000123;OURO VERDE DE MINAS;MG;MINAS GERAIS;SUMG;MINAS GERAIS
01612490000140;PADRE CARVALHO;MG;MINAS GERAIS;SUMG;MINAS GERAIS
18404764000108;PADRE PARAISO;MG;MINAS GERAIS;SUMG;MINAS GERAIS
01612479000180;PAI PEDRO;MG;MINAS GERAIS;SUMG;MINAS GERAIS
18296673000104;PAINEIRAS;MG;MINAS GERAIS;SUMG;MINAS GERAIS
17747965000145;PAIVA;MG;MINAS GERAIS;SUMG;MINAS GERAIS
17734906000132;PALMA;MG;MINAS GERAIS;SUMG;MINAS GERAIS
66234345000118;PALMOPOLIS;MG;MINAS GERAIS;SUMG;MINAS GERAIS
18313866000118;PAPAGAIOS;MG;MINAS GERAIS;SUMG;MINAS GERAIS
18278051000145;PARACATU;MG;MINAS GERAIS;SUMG;MINAS GERAIS
18008193000192;PARAGUACU;MG;MINAS GERAIS;SUMG;MINAS GERAIS
18025965000102;PARAISOPOLIS;MG;MINAS GERAIS;SUMG;MINAS GERAIS
18116160000166;PARAOPEBA;MG;MINAS GERAIS;SUMG;MINAS GERAIS
23245806000145;PASSA QUATRO;MG;MINAS GERAIS;SUMG;MINAS GERAIS
18039503000136;PASSA TEMPO;MG;MINAS GERAIS;SUMG;MINAS GERAIS
18338210000150;PASSA VINTE;MG;MINAS GERAIS;SUMG;MINAS GERAIS
18299511000111;PASSABEM;MG;MINAS GERAIS;SUMG;MINAS GERAIS
18241745000108;PASSOS;MG;MINAS GERAIS;SUMG;MINAS GERAIS
01612478000135;PATIS;MG;MINAS GERAIS;SUMG;MINAS GERAIS
18602011000107;PATOS DE MINAS;MG;MINAS GERAIS;SUMG;MINAS GERAIS
18468033000126;PATROCINIO;MG;MINAS GERAIS;SUMG;MINAS GERAIS
17947607000186;PATROCINIO DO MURIAE;MG;MINAS GERAIS;SUMG;MINAS GERAIS
17763715000107;PAULA CANDIDO;MG;MINAS GERAIS;SUMG;MINAS GERAIS
18307447000173;PAULISTAS;MG;MINAS GERAIS;SUMG;MINAS GERAIS
18404772000154;PAVAO;MG;MINAS GERAIS;SUMG;MINAS GERAIS
18409227000150;PECANHA;MG;MINAS GERAIS;SUMG;MINAS GERAIS
18414565000180;PEDRA AZUL;MG;MINAS GERAIS;SUMG;MINAS GERAIS
01640429000106;PEDRA BONITA;MG;MINAS GERAIS;SUMG;MINAS GERAIS
18133439000158;PEDRA DO ANTA;MG;MINAS GERAIS;SUMG;MINAS GERAIS
18114215000107;PEDRA DOURADA;MG;MINAS GERAIS;SUMG;MINAS GERAIS
18025973000140;PEDRALVA;MG;MINAS GERAIS;SUMG;MINAS GERAIS
25209156000108;PEDRAS DE MARIA DA CRUZ;MG;MINAS GERAIS;SUMG;MINAS GERAIS
18140335000170;PEDRINOPOLIS;MG;MINAS GERAIS;SUMG;MINAS GERAIS
23456650000141;PEDRO LEOPOLDO;MG;MINAS GERAIS;SUMG;MINAS GERAIS
18338228000151;PEDRO TEIXEIRA;MG;MINAS GERAIS;SUMG;MINAS GERAIS
17724360000139;PEQUERI;MG;MINAS GERAIS;SUMG;MINAS GERAIS
18140772000194;PERDIZES;MG;MINAS GERAIS;SUMG;MINAS GERAIS
18244343000167;PERDOES;MG;MINAS GERAIS;SUMG;MINAS GERAIS
01613077000108;PERIQUITO;MG;MINAS GERAIS;SUMG;MINAS GERAIS
18404962000171;PESCADOR;MG;MINAS GERAIS;SUMG;MINAS GERAIS
18338236000106;PIAU;MG;MINAS GERAIS;SUMG;MINAS GERAIS
01613130000162;PIEDADE DE CARATINGA;MG;MINAS GERAIS;SUMG;MINAS GERAIS
18316257000112;PIEDADE DE PONTE NOVA;MG;MINAS GERAIS;SUMG;MINAS GERAIS
18685438000116;PIEDADE DO RIO GRANDE;MG;MINAS GERAIS;SUMG;MINAS GERAIS
18363960000181;PIEDADE DOS GERAIS;MG;MINAS GERAIS;SUMG;MINAS GERAIS
01613204000160;PINGO-D'AGUA;MG;MINAS GERAIS;SUMG;MINAS GERAIS
01612481000159;PINTOPOLIS;MG;MINAS GERAIS;SUMG;MINAS GERAIS
17980392000103;PIRACEMA;MG;MINAS GERAIS;SUMG;MINAS GERAIS
18128207000101;PIRAJUBA;MG;MINAS GERAIS;SUMG;MINAS GERAIS
23515687000101;PIRANGA;MG;MINAS GERAIS;SUMG;MINAS GERAIS
18025981000197;PIRANGUCU;MG;MINAS GERAIS;SUMG;MINAS GERAIS
18192906000110;PIRANGUINHO;MG;MINAS GERAIS;SUMG;MINAS GERAIS
18092825000149;PIRAPETINGA;MG;MINAS GERAIS;SUMG;MINAS GERAIS
23539463000121;PIRAPORA;MG;MINAS GERAIS;SUMG;MINAS GERAIS
18554147000199;PIRAUBA;MG;MINAS GERAIS;SUMG;MINAS GERAIS
18449157000164;PLANURA;MG;MINAS GERAIS;SUMG;MINAS GERAIS
18242792000176;POCO FUNDO;MG;MINAS GERAIS;SUMG;MINAS GERAIS
18629840000183;POCOS DE CALDAS;MG;MINAS GERAIS;SUMG;MINAS GERAIS
18334318000174;POCRANE;MG;MINAS GERAIS;SUMG;MINAS GERAIS
18296681000142;POMPEU;MG;MINAS GERAIS;SUMG;MINAS GERAIS
23804149000129;PONTE NOVA;MG;MINAS GERAIS;SUMG;MINAS GERAIS
01612500000147;PONTO CHIQUE;MG;MINAS GERAIS;SUMG;MINAS GERAIS
01613377000189;PONTO DOS VOLANTES;MG;MINAS GERAIS;SUMG;MINAS GERAIS
18013326000119;PORTEIRINHA;MG;MINAS GERAIS;SUMG;MINAS GERAIS
18567354000188;PORTO FIRME;MG;MINAS GERAIS;SUMG;MINAS GERAIS
18404970000118;POTE;MG;MINAS GERAIS;SUMG;MINAS GERAIS
18675983000121;POUSO ALEGRE;MG;MINAS GERAIS;SUMG;MINAS GERAIS
18667212000192;POUSO ALTO;MG;MINAS GERAIS;SUMG;MINAS GERAIS
18557538000167;PRADOS;MG;MINAS GERAIS;SUMG;MINAS GERAIS
18260505000150;PRATA;MG;MINAS GERAIS;SUMG;MINAS GERAIS
18241356000182;PRATAPOLIS;MG;MINAS GERAIS;SUMG;MINAS GERAIS
18585570000156;PRATINHA;MG;MINAS GERAIS;SUMG;MINAS GERAIS
23515695000140;PRESIDENTE BERNARDES;MG;MINAS GERAIS;SUMG;MINAS GERAIS
17695057000155;PRESIDENTE JUSCELINO;MG;MINAS GERAIS;SUMG;MINAS GERAIS
17754185000122;PRESIDENTE KUBITSCHEK;MG;MINAS GERAIS;SUMG;MINAS GERAIS
18602060000140;PRESIDENTE OLEGARIO;MG;MINAS GERAIS;SUMG;MINAS GERAIS
18314625000193;PRUDENTE DE MORAIS;MG;MINAS GERAIS;SUMG;MINAS GERAIS
18296699000144;QUARTEL GERAL;MG;MINAS GERAIS;SUMG;MINAS GERAIS
19718410000109;QUELUZITO;MG;MINAS GERAIS;SUMG;MINAS GERAIS
18312132000114;RAPOSOS;MG;MINAS GERAIS;SUMG;MINAS GERAIS
18836965000184;RAUL SOARES;MG;MINAS GERAIS;SUMG;MINAS GERAIS
17735754000192;RECREIO;MG;MINAS GERAIS;SUMG;MINAS GERAIS
01614977000161;REDUTO;MG;MINAS GERAIS;SUMG;MINAS GERAIS
17749912000163;RESENDE COSTA;MG;MINAS GERAIS;SUMG;MINAS GERAIS
18413161000172;RESPLENDOR;MG;MINAS GERAIS;SUMG;MINAS GERAIS
18094847000148;RESSAQUINHA;MG;MINAS GERAIS;SUMG;MINAS GERAIS
25222118000195;RIACHINHO;MG;MINAS GERAIS;SUMG;MINAS GERAIS
16925208000151;RIACHO DOS MACHADOS;MG;MINAS GERAIS;SUMG;MINAS GERAIS
18314609000109;RIBEIRAO DAS NEVES;MG;MINAS GERAIS;SUMG;MINAS GERAIS
18244087000108;RIBEIRAO VERMELHO;MG;MINAS GERAIS;SUMG;MINAS GERAIS
18312108000185;RIO ACIMA;MG;MINAS GERAIS;SUMG;MINAS GERAIS
18836957000138;RIO CASCA;MG;MINAS GERAIS;SUMG;MINAS GERAIS
18349936000198;RIO DO PRADO;MG;MINAS GERAIS;SUMG;MINAS GERAIS
18316265000169;RIO DOCE;MG;MINAS GERAIS;SUMG;MINAS GERAIS
24179665000172;RIO ESPERA;MG;MINAS GERAIS;SUMG;MINAS GERAIS
18363978000183;RIO MANSO;MG;MINAS GERAIS;SUMG;MINAS GERAIS
18338244000144;RIO NOVO;MG;MINAS GERAIS;SUMG;MINAS GERAIS
18602045000100;RIO PARANAIBA;MG;MINAS GERAIS;SUMG;MINAS GERAIS
24212862000146;RIO PARDO DE MINAS;MG;MINAS GERAIS;SUMG;MINAS GERAIS
18400945000166;RIO PIRACICABA;MG;MINAS GERAIS;SUMG;MINAS GERAIS
17744434000107;RIO POMBA;MG;MINAS GERAIS;SUMG;MINAS GERAIS
18338251000146;RIO PRETO;MG;MINAS GERAIS;SUMG;MINAS GERAIS
18303255000199;RIO VERMELHO;MG;MINAS GERAIS;SUMG;MINAS GERAIS
18557553000105;RITAPOLIS;MG;MINAS GERAIS;SUMG;MINAS GERAIS
18558080000160;ROCHEDO DE MINAS;MG;MINAS GERAIS;SUMG;MINAS GERAIS
18128256000144;RODEIRO;MG;MINAS GERAIS;SUMG;MINAS GERAIS
18160044000144;ROMARIA;MG;MINAS GERAIS;SUMG;MINAS GERAIS
01616837000122;ROSARIO DA LIMEIRA;MG;MINAS GERAIS;SUMG;MINAS GERAIS
24363590000185;RUBELITA;MG;MINAS GERAIS;SUMG;MINAS GERAIS
18349944000134;RUBIM;MG;MINAS GERAIS;SUMG;MINAS GERAIS
18715441000135;SABARA;MG;MINAS GERAIS;SUMG;MINAS GERAIS
18307454000175;SABINOPOLIS;MG;MINAS GERAIS;SUMG;MINAS GERAIS
18140764000148;SACRAMENTO;MG;MINAS GERAIS;SUMG;MINAS GERAIS
24359333000170;SALINAS;MG;MINAS GERAIS;SUMG;MINAS GERAIS
18347401000188;SALTO DA DIVISA;MG;MINAS GERAIS;SUMG;MINAS GERAIS
19391945000100;SANTA BARBARA;MG;MINAS GERAIS;SUMG;MINAS GERAIS
66229634000129;SANTA BARBARA DO LESTE;MG;MINAS GERAIS;SUMG;MINAS GERAIS
01611138000190;SANTA BARBARA DO MONTE VERDE;MG;MINAS GERAIS;SUMG;MINAS GERAIS
18094854000140;SANTA BARBARA DO TUGURIO;MG;MINAS GERAIS;SUMG;MINAS GERAIS
01615371000140;SANTA CRUZ DE MINAS;MG;MINAS GERAIS;SUMG;MINAS GERAIS
01612497000161;SANTA CRUZ DE SALINAS;MG;MINAS GERAIS;SUMG;MINAS GERAIS
18316273000105;SANTA CRUZ DO ESCALVADO;MG;MINAS GERAIS;SUMG;MINAS GERAIS
18307462000111;SANTA EFIGENIA DE MINAS;MG;MINAS GERAIS;SUMG;MINAS GERAIS
18279075000119;SANTA FE DE MINAS;MG;MINAS GERAIS;SUMG;MINAS GERAIS
01613395000160;SANTA HELENA DE MINAS;MG;MINAS GERAIS;SUMG;MINAS GERAIS
18140780000130;SANTA JULIANA;MG;MINAS GERAIS;SUMG;MINAS GERAIS
18715409000150;SANTA LUZIA;MG;MINAS GERAIS;SUMG;MINAS GERAIS
18385112000173;SANTA MARGARIDA;MG;MINAS GERAIS;SUMG;MINAS GERAIS
18299453000126;SANTA MARIA DE ITABIRA;MG;MINAS GERAIS;SUMG;MINAS GERAIS
18347419000180;SANTA MARIA DO SALTO;MG;MINAS GERAIS;SUMG;MINAS GERAIS
18409219000104;SANTA MARIA DO SUACUI;MG;MINAS GERAIS;SUMG;MINAS GERAIS
17857442000151;SANTA RITA DE CALDAS;MG;MINAS GERAIS;SUMG;MINAS GERAIS
18094862000196;SANTA RITA DE IBITIPOCA;MG;MINAS GERAIS;SUMG;MINAS GERAIS
18338269000148;SANTA RITA DE JACUTINGA;MG;MINAS GERAIS;SUMG;MINAS GERAIS
66229584000180;SANTA RITA DE MINAS;MG;MINAS GERAIS;SUMG;MINAS GERAIS
18413187000110;SANTA RITA DO ITUETO;MG;MINAS GERAIS;SUMG;MINAS GERAIS
18192898000102;SANTA RITA DO SAPUCAI;MG;MINAS GERAIS;SUMG;MINAS GERAIS
18192252000125;SANTA ROSA DA SERRA;MG;MINAS GERAIS;SUMG;MINAS GERAIS
18457226000181;SANTA VITORIA;MG;MINAS GERAIS;SUMG;MINAS GERAIS
18245183000170;SANTANA DA VARGEM;MG;MINAS GERAIS;SUMG;MINAS GERAIS
17702515000136;SANTANA DE CATAGUASES;MG;MINAS GERAIS;SUMG;MINAS GERAIS
18116178000168;SANTANA DE PIRAPAMA;MG;MINAS GERAIS;SUMG;MINAS GERAIS
18338277000194;SANTANA DO DESERTO;MG;MINAS GERAIS;SUMG;MINAS GERAIS
18338285000130;SANTANA DO GARAMBEU;MG;MINAS GERAIS;SUMG;MINAS GERAIS
18385146000168;SANTANA DO MANHUACU;MG;MINAS GERAIS;SUMG;MINAS GERAIS
38515573000120;SANTANA DO PARAISO;MG;MINAS GERAIS;SUMG;MINAS GERAIS
18715458000192;SANTANA DO RIACHO;MG;MINAS GERAIS;SUMG;MINAS GERAIS
19718394000146;SANTANA DOS MONTES;MG;MINAS GERAIS;SUMG;MINAS GERAIS
;SANTO ANTONIO DO AMPARO;MG;MINAS GERAIS;SUMG;MINAS GERAIS
17710476000119;SANTO ANTONIO DO AVENTUREIRO;MG;MINAS GERAIS;SUMG;MINAS GERAIS
18836973000120;SANTO ANTONIO DO GRAMA;MG;MINAS GERAIS;SUMG;MINAS GERAIS
18303222000149;SANTO ANTONIO DO ITAMBE;MG;MINAS GERAIS;SUMG;MINAS GERAIS
18349951000136;SANTO ANTONIO DO JACINTO;MG;MINAS GERAIS;SUMG;MINAS GERAIS
01612484000192;SANTO ANTONIO DO RETIRO;MG;MINAS GERAIS;SUMG;MINAS GERAIS
18303248000197;SANTO ANTONIO DO RIO ABAIXO;MG;MINAS GERAIS;SUMG;MINAS GERAIS
17694886000113;SANTO HIPOLITO;MG;MINAS GERAIS;SUMG;MINAS GERAIS
17747924000159;SANTOS DUMONT;MG;MINAS GERAIS;SUMG;MINAS GERAIS
17877176000129;SAO BENTO ABADE;MG;MINAS GERAIS;SUMG;MINAS GERAIS
20356754000196;SAO BRAS DO SUACUI;MG;MINAS GERAIS;SUMG;MINAS GERAIS
01613129000138;SAO DOMINGOS DAS DORES;MG;MINAS GERAIS;SUMG;MINAS GERAIS
18401018000160;SAO DOMINGOS DO PRATA;MG;MINAS GERAIS;SUMG;MINAS GERAIS
01613121000171;SAO FELIX DE MINAS;MG;MINAS GERAIS;SUMG;MINAS GERAIS
22679153000140;SAO FRANCISCO;MG;MINAS GERAIS;SUMG;MINAS GERAIS
18457283000160;SAO FRANCISCO DE SALES;MG;MINAS GERAIS;SUMG;MINAS GERAIS
18114231000191;SAO FRANCISCO DO GLORIA;MG;MINAS GERAIS;SUMG;MINAS GERAIS
18137935000180;SAO GERALDO;MG;MINAS GERAIS;SUMG;MINAS GERAIS
18307470000168;SAO GERALDO DA PIEDADE;MG;MINAS GERAIS;SUMG;MINAS GERAIS
01613075000100;SAO GERALDO DO BAIXIO;MG;MINAS GERAIS;SUMG;MINAS GERAIS
18602086000198;SAO GONCALO DO ABAETE;MG;MINAS GERAIS;SUMG;MINAS GERAIS
24380651000112;SAO GONCALO DO RIO ABAIXO;MG;MINAS GERAIS;SUMG;MINAS GERAIS
17754151000138;SAO GONCALO DO RIO PRETO;MG;MINAS GERAIS;SUMG;MINAS GERAIS
18712158000150;SAO GONCALO DO SAPUCAI;MG;MINAS GERAIS;SUMG;MINAS GERAIS
18602037000155;SAO GOTARDO;MG;MINAS GERAIS;SUMG;MINAS GERAIS
18241778000158;SAO JOAO BATISTA DO GLORIA;MG;MINAS GERAIS;SUMG;MINAS GERAIS
01612494000128;SAO JOAO DA LAGOA;MG;MINAS GERAIS;SUMG;MINAS GERAIS
17935206000106;SAO JOAO DA MATA;MG;MINAS GERAIS;SUMG;MINAS GERAIS
16928483000129;SAO JOAO DA PONTE;MG;MINAS GERAIS;SUMG;MINAS GERAIS
01612486000181;SAO JOAO DAS MISSOES;MG;MINAS GERAIS;SUMG;MINAS GERAIS
17749896000109;SAO JOAO DEL REI;MG;MINAS GERAIS;SUMG;MINAS GERAIS
66232521000182;SAO JOAO DO MANHUACU;MG;MINAS GERAIS;SUMG;MINAS GERAIS
22705248000190;SAO JOAO DO MANTENINHA;MG;MINAS GERAIS;SUMG;MINAS GERAIS
18338848000190;SAO JOAO DO ORIENTE;MG;MINAS GERAIS;SUMG;MINAS GERAIS
01612474000157;SAO JOAO DO PACUI;MG;MINAS GERAIS;SUMG;MINAS GERAIS
24791154000107;SAO JOAO DO PARAISO;MG;MINAS GERAIS;SUMG;MINAS GERAIS
18307488000160;SAO JOAO EVANGELISTA;MG;MINAS GERAIS;SUMG;MINAS GERAIS
18558072000114;SAO JOAO NEPOMUCENO;MG;MINAS GERAIS;SUMG;MINAS GERAIS
01612516000150;SAO JOAQUIM DE BICAS;MG;MINAS GERAIS;SUMG;MINAS GERAIS
01616458000132;SAO JOSE DA BARRA;MG;MINAS GERAIS;SUMG;MINAS GERAIS
42774281000180;SAO JOSE DA LAPA;MG;MINAS GERAIS;SUMG;MINAS GERAIS
18409235000105;SAO JOSE DA SAFIRA;MG;MINAS GERAIS;SUMG;MINAS GERAIS
18313882000100;SAO JOSE DA VARGINHA;MG;MINAS GERAIS;SUMG;MINAS GERAIS
18025999000199;SAO JOSE DO ALEGRE;MG;MINAS GERAIS;SUMG;MINAS GERAIS
18404988000110;SAO JOSE DO DIVINO;MG;MINAS GERAIS;SUMG;MINAS GERAIS
18402552000191;SAO JOSE DO GOIABAL;MG;MINAS GERAIS;SUMG;MINAS GERAIS
18409201000102;SAO JOSE DO JACURI;MG;MINAS GERAIS;SUMG;MINAS GERAIS
18392514000103;SAO JOSE DO MANTIMENTO;MG;MINAS GERAIS;SUMG;MINAS GERAIS
18188219000121;SAO LOURENCO;MG;MINAS GERAIS;SUMG;MINAS GERAIS
18133926000110;SAO MIGUEL DO ANTA;MG;MINAS GERAIS;SUMG;MINAS GERAIS
18666172000164;SAO PEDRO DA UNIAO;MG;MINAS GERAIS;SUMG;MINAS GERAIS
18409243000143;SAO PEDRO DO SUACUI;MG;MINAS GERAIS;SUMG;MINAS GERAIS
19243500000182;SAO PEDRO DOS FERROS;MG;MINAS GERAIS;SUMG;MINAS GERAIS
24891418000102;SAO ROMAO;MG;MINAS GERAIS;SUMG;MINAS GERAIS
17935370000113;SAO SEBASTIAO DA BELA VISTA;MG;MINAS GERAIS;SUMG;MINAS GERAIS
01616854000160;SAO SEBASTIAO DA VARGEM ALEGRE;MG;MINAS GERAIS;SUMG;MINAS GERAIS
01613123000160;SAO SEBASTIAO DO ANTA;MG;MINAS GERAIS;SUMG;MINAS GERAIS
18409177000101;SAO SEBASTIAO DO MARANHAO;MG;MINAS GERAIS;SUMG;MINAS GERAIS
18241349000180;SAO SEBASTIAO DO PARAISO;MG;MINAS GERAIS;SUMG;MINAS GERAIS
18303263000135;SAO SEBASTIAO DO RIO PRETO;MG;MINAS GERAIS;SUMG;MINAS GERAIS
17906314000150;SAO SEBASTIAO DO RIO VERDE;MG;MINAS GERAIS;SUMG;MINAS GERAIS
;SAO THOME DAS LETRAS;MG;MINAS GERAIS;SUMG;MINAS GERAIS
17749904000117;SAO TIAGO;MG;MINAS GERAIS;SUMG;MINAS GERAIS
18241364000129;SAO TOMAS DE AQUINO;MG;MINAS GERAIS;SUMG;MINAS GERAIS
17954546000184;SAO VICENTE DE MINAS;MG;MINAS GERAIS;SUMG;MINAS GERAIS
18026005000159;SAPUCAI-MIRIM;MG;MINAS GERAIS;SUMG;MINAS GERAIS
18307496000106;SARDOA;MG;MINAS GERAIS;SUMG;MINAS GERAIS
01612509000158;SARZEDO;MG;MINAS GERAIS;SUMG;MINAS GERAIS
01625189000170;SEM-PEIXE;MG;MINAS GERAIS;SUMG;MINAS GERAIS
41778556000190;SENADOR AMARAL;MG;MINAS GERAIS;SUMG;MINAS GERAIS
17724576000102;SENADOR CORTES;MG;MINAS GERAIS;SUMG;MINAS GERAIS
18128231000140;SENADOR FIRMINO;MG;MINAS GERAIS;SUMG;MINAS GERAIS
18675926000142;SENADOR JOSE BENTO;MG;MINAS GERAIS;SUMG;MINAS GERAIS
17754110000141;SENADOR MODESTINO GONCALVES;MG;MINAS GERAIS;SUMG;MINAS GERAIS
23515703000158;SENHORA DE OLIVEIRA;MG;MINAS GERAIS;SUMG;MINAS GERAIS
18307504000114;SENHORA DO PORTO;MG;MINAS GERAIS;SUMG;MINAS GERAIS
18094870000132;SENHORA DOS REMEDIOS;MG;MINAS GERAIS;SUMG;MINAS GERAIS
19243518000184;SERICITA;MG;MINAS GERAIS;SUMG;MINAS GERAIS
18008854000180;SERITINGA;MG;MINAS GERAIS;SUMG;MINAS GERAIS
18303230000195;SERRA AZUL DE MINAS;MG;MINAS GERAIS;SUMG;MINAS GERAIS
18301069000110;SERRA DA SAUDADE;MG;MINAS GERAIS;SUMG;MINAS GERAIS
18468058000120;SERRA DO SALITRE;MG;MINAS GERAIS;SUMG;MINAS GERAIS
18398966000194;SERRA DOS AIMORES;MG;MINAS GERAIS;SUMG;MINAS GERAIS
18243261000106;SERRANIA;MG;MINAS GERAIS;SUMG;MINAS GERAIS
01612501000191;SERRANOPOLIS DE MINAS;MG;MINAS GERAIS;SUMG;MINAS GERAIS
18008912000175;SERRANOS;MG;MINAS GERAIS;SUMG;MINAS GERAIS
18303271000181;SERRO;MG;MINAS GERAIS;SUMG;MINAS GERAIS
24996969000122;SETE LAGOAS;MG;MINAS GERAIS;SUMG;MINAS GERAIS
01613375000190;SETUBINHA;MG;MINAS GERAIS;SUMG;MINAS GERAIS
17744558000184;SILVEIRANIA;MG;MINAS GERAIS;SUMG;MINAS GERAIS
18675942000135;SILVIANOPOLIS;MG;MINAS GERAIS;SUMG;MINAS GERAIS
18338293000187;SIMAO PEREIRA;MG;MINAS GERAIS;SUMG;MINAS GERAIS
18385120000110;SIMONESIA;MG;MINAS GERAIS;SUMG;MINAS GERAIS
18083055000178;SOBRALIA;MG;MINAS GERAIS;SUMG;MINAS GERAIS
18188235000114;SOLEDADE DE MINAS;MG;MINAS GERAIS;SUMG;MINAS GERAIS
17744798000189;TABULEIRO;MG;MINAS GERAIS;SUMG;MINAS GERAIS
18017384000110;TAIOBEIRAS;MG;MINAS GERAIS;SUMG;MINAS GERAIS
01616741000164;TAPARUBA;MG;MINAS GERAIS;SUMG;MINAS GERAIS
18140806000140;TAPIRA;MG;MINAS GERAIS;SUMG;MINAS GERAIS
18302315000159;TAQUARACU DE MINAS;MG;MINAS GERAIS;SUMG;MINAS GERAIS
18338855000192;TARUMIRIM;MG;MINAS GERAIS;SUMG;MINAS GERAIS
18134056000102;TEIXEIRAS;MG;MINAS GERAIS;SUMG;MINAS GERAIS
18404780000109;TEOFILO OTONI;MG;MINAS GERAIS;SUMG;MINAS GERAIS
19875020000134;TIMOTEO;MG;MINAS GERAIS;SUMG;MINAS GERAIS
18557579000153;TIRADENTES;MG;MINAS GERAIS;SUMG;MINAS GERAIS
18602094000134;TIROS;MG;MINAS GERAIS;SUMG;MINAS GERAIS
18128223000102;TOCANTINS;MG;MINAS GERAIS;SUMG;MINAS GERAIS
01601656000122;TOCOS DO MOJI;MG;MINAS GERAIS;SUMG;MINAS GERAIS
18677617000101;TOLEDO;MG;MINAS GERAIS;SUMG;MINAS GERAIS
18114223000145;TOMBOS;MG;MINAS GERAIS;SUMG;MINAS GERAIS
17955535000119;TRES CORACOES;MG;MINAS GERAIS;SUMG;MINAS GERAIS
17695008000112;TRES MARIAS;MG;MINAS GERAIS;SUMG;MINAS GERAIS
18245167000188;TRES PONTAS;MG;MINAS GERAIS;SUMG;MINAS GERAIS
21078563000172;TUMIRITINGA;MG;MINAS GERAIS;SUMG;MINAS GERAIS
18260489000104;TUPACIGUARA;MG;MINAS GERAIS;SUMG;MINAS GERAIS
25324187000100;TURMALINA;MG;MINAS GERAIS;SUMG;MINAS GERAIS
18712141000100;TURVOLANDIA;MG;MINAS GERAIS;SUMG;MINAS GERAIS
18128207000101;UBA;MG;MINAS GERAIS;SUMG;MINAS GERAIS
18017459000163;UBAI;MG;MINAS GERAIS;SUMG;MINAS GERAIS
66229717000118;UBAPORANGA;MG;MINAS GERAIS;SUMG;MINAS GERAIS
18428839000190;UBERABA;MG;MINAS GERAIS;SUMG;MINAS GERAIS
18431312000115;UBERLANDIA;MG;MINAS GERAIS;SUMG;MINAS GERAIS
18404996000166;UMBURATIBA;MG;MINAS GERAIS;SUMG;MINAS GERAIS
18125161000177;UNAI;MG;MINAS GERAIS;SUMG;MINAS GERAIS
01051819000140;UNIAO DE MINAS;MG;MINAS GERAIS;SUMG;MINAS GERAIS
01609942000134;URUANA DE MINAS;MG;MINAS GERAIS;SUMG;MINAS GERAIS
18316281000151;URUCANIA;MG;MINAS GERAIS;SUMG;MINAS GERAIS
25223850000180;URUCUIA;MG;MINAS GERAIS;SUMG;MINAS GERAIS
01613128000193;VARGEM ALEGRE;MG;MINAS GERAIS;SUMG;MINAS GERAIS
01612885000142;VARGEM GRANDE DO RIO PARDO;MG;MINAS GERAIS;SUMG;MINAS GERAIS
18240119000105;VARGINHA;MG;MINAS GERAIS;SUMG;MINAS GERAIS
01609780000134;VARJAO DE MINAS;MG;MINAS GERAIS;SUMG;MINAS GERAIS
18279059000126;VARZEA DA PALMA;MG;MINAS GERAIS;SUMG;MINAS GERAIS
18017467000100;VARZELANDIA;MG;MINAS GERAIS;SUMG;MINAS GERAIS
18278069000147;VAZANTE;MG;MINAS GERAIS;SUMG;MINAS GERAIS
01612505000170;VERDELANDIA;MG;MINAS GERAIS;SUMG;MINAS GERAIS
01614685000129;VEREDINHA;MG;MINAS GERAIS;SUMG;MINAS GERAIS
18428946000119;VERISSIMO;MG;MINAS GERAIS;SUMG;MINAS GERAIS
01620744000171;VERMELHO NOVO;MG;MINAS GERAIS;SUMG;MINAS GERAIS
18715425000142;VESPASIANO;MG;MINAS GERAIS;SUMG;MINAS GERAIS
18132449000179;VICOSA;MG;MINAS GERAIS;SUMG;MINAS GERAIS
17947599000178;VIEIRAS;MG;MINAS GERAIS;SUMG;MINAS GERAIS
18348730000143;VIRGEM DA LAPA;MG;MINAS GERAIS;SUMG;MINAS GERAIS
25970260000110;VIRGINIA;MG;MINAS GERAIS;SUMG;MINAS GERAIS
18307512000160;VIRGINOPOLIS;MG;MINAS GERAIS;SUMG;MINAS GERAIS
18409185000158;VIRGOLANDIA;MG;MINAS GERAIS;SUMG;MINAS GERAIS
18137927000133;VISCONDE DO RIO BRANCO;MG;MINAS GERAIS;SUMG;MINAS GERAIS
17710690000175;VOLTA GRANDE;MG;MINAS GERAIS;SUMG;MINAS GERAIS
18026013000103;WENCESLAU BRAZ;MG;MINAS GERAIS;SUMG;MINAS GERAIS
03184066000177;AGUA CLARA;MS;PARANÁ;SUPR;PARAN�
37226651000104;ALCINOPOLIS;MS;PARANÁ;SUPR;PARAN�
03568433000136;AMAMBAI;MS;PARANÁ;SUPR;PARAN�
03452307000111;ANASTACIO;MS;PARANÁ;SUPR;PARAN�
03575727000195;ANAURILANDIA;MS;PARANÁ;SUPR;PARAN�
03747649000169;ANGELICA;MS;PARANÁ;SUPR;PARAN�
03567930000110;ANTONIO JOAO;MS;PARANÁ;SUPR;PARAN�
03563335000106;APARECIDA DO TABOADO;MS;PARANÁ;SUPR;PARAN�
03452299000103;AQUIDAUANA;MS;PARANÁ;SUPR;PARAN�
03759271000113;ARAL MOREIRA;MS;PARANÁ;SUPR;PARAN�
03501491000142;BANDEIRANTES;MS;PARANÁ;SUPR;PARAN�
03576220000156;BATAGUASSU;MS;PARANÁ;SUPR;PARAN�
03505013000100;BATAYPORA;MS;PARANÁ;SUPR;PARAN�
03217916000196;BELA VISTA;MS;PARANÁ;SUPR;PARAN�
15465016000147;BODOQUENA;MS;PARANÁ;SUPR;PARAN�
03073673000160;BONITO;MS;PARANÁ;SUPR;PARAN�
03184058000120;BRASILANDIA;MS;PARANÁ;SUPR;PARAN�
03155900000104;CAARAPO;MS;PARANÁ;SUPR;PARAN�
03501517000152;CAMAPUA;MS;PARANÁ;SUPR;PARAN�
03501509000106;CAMPO GRANDE;MS;PARANÁ;SUPR;PARAN�
03217924000132;CARACOL;MS;PARANÁ;SUPR;PARAN�
03342920000186;CASSILANDIA;MS;PARANÁ;SUPR;PARAN�
24651200000172;CHAPADAO DO SUL;MS;PARANÁ;SUPR;PARAN�
03501525000107;CORGUINHO;MS;PARANÁ;SUPR;PARAN�
01988914000175;CORONEL SAPUCAIA;MS;PARANÁ;SUPR;PARAN�
03330461000110;CORUMBA;MS;PARANÁ;SUPR;PARAN�
15389596000130;COSTA RICA;MS;PARANÁ;SUPR;PARAN�
03510211000162;COXIM;MS;PARANÁ;SUPR;PARAN�
03903176000141;DEODAPOLIS;MS;PARANÁ;SUPR;PARAN�
24616187000110;DOIS IRMAOS DO BURITI;MS;PARANÁ;SUPR;PARAN�
15479751000100;DOURADINA;MS;PARANÁ;SUPR;PARAN�
03155926000144;DOURADOS;MS;PARANÁ;SUPR;PARAN�
03741675000180;ELDORADO;MS;PARANÁ;SUPR;PARAN�
03155751000175;FATIMA DO SUL;MS;PARANÁ;SUPR;PARAN�
07158578000110;FIGUEIRAO;MS;PARANÁ;SUPR;PARAN�
03155942000137;GLORIA DE DOURADOS;MS;PARANÁ;SUPR;PARAN�
03403896000148;GUIA LOPES DA LAGUNA;MS;PARANÁ;SUPR;PARAN�
03568318000161;IGUATEMI;MS;PARANÁ;SUPR;PARAN�
03342938000188;INOCENCIA;MS;PARANÁ;SUPR;PARAN�
03156999000150;ITAPORA;MS;PARANÁ;SUPR;PARAN�
15403041000104;ITAQUIRAI;MS;PARANÁ;SUPR;PARAN�
03575875000100;IVINHEMA;MS;PARANÁ;SUPR;PARAN�
15905342000128;JAPORA;MS;PARANÁ;SUPR;PARAN�
03501533000145;JARAGUARI;MS;PARANÁ;SUPR;PARAN�
03162047000140;JARDIM;MS;PARANÁ;SUPR;PARAN�
03783859000102;JATEI;MS;PARANÁ;SUPR;PARAN�
24644296000141;JUTI;MS;PARANÁ;SUPR;PARAN�
03330453000174;LADARIO;MS;PARANÁ;SUPR;PARAN�
01989813000119;LAGUNA CARAPA;MS;PARANÁ;SUPR;PARAN�
03442597000112;MARACAJU;MS;PARANÁ;SUPR;PARAN�
03452315000168;MIRANDA;MS;PARANÁ;SUPR;PARAN�
03741683000126;MUNDO NOVO;MS;PARANÁ;SUPR;PARAN�
03155934000190;NAVIRAI;MS;PARANÁ;SUPR;PARAN�
03073699000108;NIOAQUE;MS;PARANÁ;SUPR;PARAN�
37212719000104;NOVA ALVORADA DO SUL;MS;PARANÁ;SUPR;PARAN�
03173317000118;NOVA ANDRADINA;MS;PARANÁ;SUPR;PARAN�
37226644000102;NOVO HORIZONTE DO SUL;MS;PARANÁ;SUPR;PARAN�
17361639000103;PARAISO DAS AGUAS;MS;PARANÁ;SUPR;PARAN�
03343118000100;PARANAIBA;MS;PARANÁ;SUPR;PARAN�
01998335000103;PARANHOS;MS;PARANÁ;SUPR;PARAN�
03352986000157;PEDRO GOMES;MS;PARANÁ;SUPR;PARAN�
03434792000109;PONTA PORA;MS;PARANÁ;SUPR;PARAN�
03107539000132;PORTO MURTINHO;MS;PARANÁ;SUPR;PARAN�
03501541000191;RIBAS DO RIO PARDO;MS;PARANÁ;SUPR;PARAN�
03681582000107;RIO BRILHANTE;MS;PARANÁ;SUPR;PARAN�
03501558000149;RIO NEGRO;MS;PARANÁ;SUPR;PARAN�
03354560000132;RIO VERDE DE MATO GROSSO;MS;PARANÁ;SUPR;PARAN�
03501566000195;ROCHEDO;MS;PARANÁ;SUPR;PARAN�
01561372000150;SANTA RITA DO PARDO;MS;PARANÁ;SUPR;PARAN�
15389588000194;SAO GABRIEL DO OESTE;MS;PARANÁ;SUPR;PARAN�
15410665000140;SELVIRIA;MS;PARANÁ;SUPR;PARAN�
03889011000162;SETE QUEDAS;MS;PARANÁ;SUPR;PARAN�
03501574000131;SIDROLANDIA;MS;PARANÁ;SUPR;PARAN�
24651234000167;SONORA;MS;PARANÁ;SUPR;PARAN�
03888989000100;TACURU;MS;PARANÁ;SUPR;PARAN�
03923703000180;TAQUARUSSU;MS;PARANÁ;SUPR;PARAN�
03501582000188;TERENOS;MS;PARANÁ;SUPR;PARAN�
03184041000173;TRES LAGOAS;MS;PARANÁ;SUPR;PARAN�
24644502000113;VICENTINA;MS;PARANÁ;SUPR;PARAN�
03507571000105;ACORIZAL;MT;DISTRITO FEDERAL;SUDF;DISTRITO FEDERAL
15023898000190;AGUA BOA;MT;DISTRITO FEDERAL;SUDF;DISTRITO FEDERAL
15023906000107;ALTA FLORESTA;MT;DISTRITO FEDERAL;SUDF;DISTRITO FEDERAL
03579836000180;ALTO ARAGUAIA;MT;DISTRITO FEDERAL;SUDF;DISTRITO FEDERAL
37465143000189;ALTO BOA VISTA;MT;DISTRITO FEDERAL;SUDF;DISTRITO FEDERAL
03133097000107;ALTO GARCAS;MT;DISTRITO FEDERAL;SUDF;DISTRITO FEDERAL
03648532000128;ALTO PARAGUAI;MT;DISTRITO FEDERAL;SUDF;DISTRITO FEDERAL
01362680000156;ALTO TAQUARI;MT;DISTRITO FEDERAL;SUDF;DISTRITO FEDERAL
01321850000154;APIACAS;MT;DISTRITO FEDERAL;SUDF;DISTRITO FEDERAL
03239035000176;ARAGUAIANA;MT;DISTRITO FEDERAL;SUDF;DISTRITO FEDERAL
03947926000187;ARAGUAINHA;MT;DISTRITO FEDERAL;SUDF;DISTRITO FEDERAL
15023914000145;ARAPUTANGA;MT;DISTRITO FEDERAL;SUDF;DISTRITO FEDERAL
24977654000138;ARENAPOLIS;MT;DISTRITO FEDERAL;SUDF;DISTRITO FEDERAL
03507498000171;ARIPUANA;MT;DISTRITO FEDERAL;SUDF;DISTRITO FEDERAL
03507563000169;BARAO DE MELGACO;MT;DISTRITO FEDERAL;SUDF;DISTRITO FEDERAL
03507522000172;BARRA DO BUGRES;MT;DISTRITO FEDERAL;SUDF;DISTRITO FEDERAL
03439239000150;BARRA DO GARCAS;MT;DISTRITO FEDERAL;SUDF;DISTRITO FEDERAL
;BOA ESPERANCA DO NORTE;MT;DISTRITO FEDERAL;SUDF;DISTRITO FEDERAL
04173952000168;BOM JESUS DO ARAGUAIA;MT;DISTRITO FEDERAL;SUDF;DISTRITO FEDERAL
01375138000138;BRASNORTE;MT;DISTRITO FEDERAL;SUDF;DISTRITO FEDERAL
03214145000183;CACERES;MT;DISTRITO FEDERAL;SUDF;DISTRITO FEDERAL
00965152000129;CAMPINAPOLIS;MT;DISTRITO FEDERAL;SUDF;DISTRITO FEDERAL
24772287000136;CAMPO NOVO DO PARECIS;MT;DISTRITO FEDERAL;SUDF;DISTRITO FEDERAL
24950495000188;CAMPO VERDE;MT;DISTRITO FEDERAL;SUDF;DISTRITO FEDERAL
01614516000199;CAMPOS DE JULIO;MT;DISTRITO FEDERAL;SUDF;DISTRITO FEDERAL
37465200000120;CANABRAVA DO NORTE;MT;DISTRITO FEDERAL;SUDF;DISTRITO FEDERAL
15023922000191;CANARANA;MT;DISTRITO FEDERAL;SUDF;DISTRITO FEDERAL
01617905000178;CARLINDA;MT;DISTRITO FEDERAL;SUDF;DISTRITO FEDERAL
24772154000160;CASTANHEIRA;MT;DISTRITO FEDERAL;SUDF;DISTRITO FEDERAL
03507530000119;CHAPADA DOS GUIMARAES;MT;DISTRITO FEDERAL;SUDF;DISTRITO FEDERAL
01310499000104;CLAUDIA;MT;DISTRITO FEDERAL;SUDF;DISTRITO FEDERAL
00965145000127;COCALINHO;MT;DISTRITO FEDERAL;SUDF;DISTRITO FEDERAL
15023930000138;COLIDER;MT;DISTRITO FEDERAL;SUDF;DISTRITO FEDERAL
04213687000102;COLNIZA;MT;DISTRITO FEDERAL;SUDF;DISTRITO FEDERAL
01367853000129;COMODORO;MT;DISTRITO FEDERAL;SUDF;DISTRITO FEDERAL
37464716000150;CONFRESA;MT;DISTRITO FEDERAL;SUDF;DISTRITO FEDERAL
04219688000156;CONQUISTA D'OESTE;MT;DISTRITO FEDERAL;SUDF;DISTRITO FEDERAL
37465309000167;COTRIGUACU;MT;DISTRITO FEDERAL;SUDF;DISTRITO FEDERAL
03533064000146;CUIABA;MT;DISTRITO FEDERAL;SUDF;DISTRITO FEDERAL
04217647000120;CURVELANDIA;MT;DISTRITO FEDERAL;SUDF;DISTRITO FEDERAL
03953718000190;DENISE;MT;DISTRITO FEDERAL;SUDF;DISTRITO FEDERAL
03648540000174;DIAMANTINO;MT;DISTRITO FEDERAL;SUDF;DISTRITO FEDERAL
03347119000123;DOM AQUINO;MT;DISTRITO FEDERAL;SUDF;DISTRITO FEDERAL
01614088000102;FELIZ NATAL;MT;DISTRITO FEDERAL;SUDF;DISTRITO FEDERAL
01367762000193;FIGUEIROPOLIS D'OESTE;MT;DISTRITO FEDERAL;SUDF;DISTRITO FEDERAL
01614539000101;GAUCHA DO NORTE;MT;DISTRITO FEDERAL;SUDF;DISTRITO FEDERAL
03503612000195;GENERAL CARNEIRO;MT;DISTRITO FEDERAL;SUDF;DISTRITO FEDERAL
37464955000100;GLORIA D'OESTE;MT;DISTRITO FEDERAL;SUDF;DISTRITO FEDERAL
03239019000183;GUARANTA DO NORTE;MT;DISTRITO FEDERAL;SUDF;DISTRITO FEDERAL
03347127000170;GUIRATINGA;MT;DISTRITO FEDERAL;SUDF;DISTRITO FEDERAL
03239027000120;INDIAVAI;MT;DISTRITO FEDERAL;SUDF;DISTRITO FEDERAL
07209245000172;IPIRANGA DO NORTE;MT;DISTRITO FEDERAL;SUDF;DISTRITO FEDERAL
07209225000100;ITANHANGA;MT;DISTRITO FEDERAL;SUDF;DISTRITO FEDERAL
03238961000127;ITAUBA;MT;DISTRITO FEDERAL;SUDF;DISTRITO FEDERAL
03370251000156;ITIQUIRA;MT;DISTRITO FEDERAL;SUDF;DISTRITO FEDERAL
03347135000116;JACIARA;MT;DISTRITO FEDERAL;SUDF;DISTRITO FEDERAL
24772147000168;JANGADA;MT;DISTRITO FEDERAL;SUDF;DISTRITO FEDERAL
15023948000130;JAURU;MT;DISTRITO FEDERAL;SUDF;DISTRITO FEDERAL
15072663000199;JUARA;MT;DISTRITO FEDERAL;SUDF;DISTRITO FEDERAL
15359201000157;JUINA;MT;DISTRITO FEDERAL;SUDF;DISTRITO FEDERAL
24950461000193;JURUENA;MT;DISTRITO FEDERAL;SUDF;DISTRITO FEDERAL
15023955000131;JUSCIMEIRA;MT;DISTRITO FEDERAL;SUDF;DISTRITO FEDERAL
37465408000149;LAMBARI D'OESTE;MT;DISTRITO FEDERAL;SUDF;DISTRITO FEDERAL
24772246000140;LUCAS DO RIO VERDE;MT;DISTRITO FEDERAL;SUDF;DISTRITO FEDERAL
03503620000131;LUCIARA;MT;DISTRITO FEDERAL;SUDF;DISTRITO FEDERAL
03238987000175;MARCELANDIA;MT;DISTRITO FEDERAL;SUDF;DISTRITO FEDERAL
24772188000154;MATUPA;MT;DISTRITO FEDERAL;SUDF;DISTRITO FEDERAL
03755477000175;MIRASSOL D'OESTE;MT;DISTRITO FEDERAL;SUDF;DISTRITO FEDERAL
03424272000107;NOBRES;MT;DISTRITO FEDERAL;SUDF;DISTRITO FEDERAL
03425170000106;NORTELANDIA;MT;DISTRITO FEDERAL;SUDF;DISTRITO FEDERAL
03507514000126;NOSSA SENHORA DO LIVRAMENTO;MT;DISTRITO FEDERAL;SUDF;DISTRITO FEDERAL
33683822000173;NOVA BANDEIRANTES;MT;DISTRITO FEDERAL;SUDF;DISTRITO FEDERAL
15023963000188;NOVA BRASILANDIA;MT;DISTRITO FEDERAL;SUDF;DISTRITO FEDERAL
03238912000194;NOVA CANAA DO NORTE;MT;DISTRITO FEDERAL;SUDF;DISTRITO FEDERAL
37465598000102;NOVA GUARITA;MT;DISTRITO FEDERAL;SUDF;DISTRITO FEDERAL
01614519000122;NOVA LACERDA;MT;DISTRITO FEDERAL;SUDF;DISTRITO FEDERAL
37464989000102;NOVA MARILANDIA;MT;DISTRITO FEDERAL;SUDF;DISTRITO FEDERAL
37464831000124;NOVA MARINGA;MT;DISTRITO FEDERAL;SUDF;DISTRITO FEDERAL
37465556000163;NOVA MONTE VERDE;MT;DISTRITO FEDERAL;SUDF;DISTRITO FEDERAL
24772162000106;NOVA MUTUM;MT;DISTRITO FEDERAL;SUDF;DISTRITO FEDERAL
04202280000171;NOVA NAZARE;MT;DISTRITO FEDERAL;SUDF;DISTRITO FEDERAL
03238920000130;NOVA OLIMPIA;MT;DISTRITO FEDERAL;SUDF;DISTRITO FEDERAL
04214704000118;NOVA SANTA HELENA;MT;DISTRITO FEDERAL;SUDF;DISTRITO FEDERAL
01614521000100;NOVA UBIRATA;MT;DISTRITO FEDERAL;SUDF;DISTRITO FEDERAL
15024045000173;NOVA XAVANTINA;MT;DISTRITO FEDERAL;SUDF;DISTRITO FEDERAL
03238888000193;NOVO HORIZONTE DO NORTE;MT;DISTRITO FEDERAL;SUDF;DISTRITO FEDERAL
01614517000133;NOVO MUNDO;MT;DISTRITO FEDERAL;SUDF;DISTRITO FEDERAL
04199966000150;NOVO SANTO ANTONIO;MT;DISTRITO FEDERAL;SUDF;DISTRITO FEDERAL
03238581000192;NOVO SAO JOAQUIM;MT;DISTRITO FEDERAL;SUDF;DISTRITO FEDERAL
03239043000112;PARANAITA;MT;DISTRITO FEDERAL;SUDF;DISTRITO FEDERAL
15023971000124;PARANATINGA;MT;DISTRITO FEDERAL;SUDF;DISTRITO FEDERAL
03773942000109;PEDRA PRETA;MT;DISTRITO FEDERAL;SUDF;DISTRITO FEDERAL
03238631000131;PEIXOTO DE AZEVEDO;MT;DISTRITO FEDERAL;SUDF;DISTRITO FEDERAL
37465176000129;PLANALTO DA SERRA;MT;DISTRITO FEDERAL;SUDF;DISTRITO FEDERAL
03162872000144;POCONE;MT;DISTRITO FEDERAL;SUDF;DISTRITO FEDERAL
33000670000167;PONTAL DO ARAGUAIA;MT;DISTRITO FEDERAL;SUDF;DISTRITO FEDERAL
03503638000133;PONTE BRANCA;MT;DISTRITO FEDERAL;SUDF;DISTRITO FEDERAL
15023989000126;PONTES E LACERDA;MT;DISTRITO FEDERAL;SUDF;DISTRITO FEDERAL
03238672000128;PORTO ALEGRE DO NORTE;MT;DISTRITO FEDERAL;SUDF;DISTRITO FEDERAL
03204187000133;PORTO DOS GAUCHOS;MT;DISTRITO FEDERAL;SUDF;DISTRITO FEDERAL
03238904000148;PORTO ESPERIDIAO;MT;DISTRITO FEDERAL;SUDF;DISTRITO FEDERAL
24740268000128;PORTO ESTRELA;MT;DISTRITO FEDERAL;SUDF;DISTRITO FEDERAL
03408911000140;POXOREU;MT;DISTRITO FEDERAL;SUDF;DISTRITO FEDERAL
01974088000105;PRIMAVERA DO LESTE;MT;DISTRITO FEDERAL;SUDF;DISTRITO FEDERAL
37465002000166;QUERENCIA;MT;DISTRITO FEDERAL;SUDF;DISTRITO FEDERAL
01367788000131;RESERVA DO CABACAL;MT;DISTRITO FEDERAL;SUDF;DISTRITO FEDERAL
24772113000173;RIBEIRAO CASCALHEIRA;MT;DISTRITO FEDERAL;SUDF;DISTRITO FEDERAL
15943434000100;RIBEIRAOZINHO;MT;DISTRITO FEDERAL;SUDF;DISTRITO FEDERAL
15023997000172;RIO BRANCO;MT;DISTRITO FEDERAL;SUDF;DISTRITO FEDERAL
04221486000149;RONDOLANDIA;MT;DISTRITO FEDERAL;SUDF;DISTRITO FEDERAL
03347101000121;RONDONOPOLIS;MT;DISTRITO FEDERAL;SUDF;DISTRITO FEDERAL
03180924000105;ROSARIO OESTE;MT;DISTRITO FEDERAL;SUDF;DISTRITO FEDERAL
15024011000189;SALTO DO CEU;MT;DISTRITO FEDERAL;SUDF;DISTRITO FEDERAL
37465283000157;SANTA CARMEM;MT;DISTRITO FEDERAL;SUDF;DISTRITO FEDERAL
04178518000170;SANTA CRUZ DO XINGU;MT;DISTRITO FEDERAL;SUDF;DISTRITO FEDERAL
04205596000117;SANTA RITA DO TRIVELATO;MT;DISTRITO FEDERAL;SUDF;DISTRITO FEDERAL
15031669000118;SANTA TEREZINHA;MT;DISTRITO FEDERAL;SUDF;DISTRITO FEDERAL
37464161000146;SANTO AFONSO;MT;DISTRITO FEDERAL;SUDF;DISTRITO FEDERAL
04217362000190;SANTO ANTONIO DO LESTE;MT;DISTRITO FEDERAL;SUDF;DISTRITO FEDERAL
03507555000112;SANTO ANTONIO DO LEVERGER;MT;DISTRITO FEDERAL;SUDF;DISTRITO FEDERAL
03918869000108;SAO FELIX DO ARAGUAIA;MT;DISTRITO FEDERAL;SUDF;DISTRITO FEDERAL
32972424000104;SAO JOSE DO POVO;MT;DISTRITO FEDERAL;SUDF;DISTRITO FEDERAL
15024037000127;SAO JOSE DO RIO CLARO;MT;DISTRITO FEDERAL;SUDF;DISTRITO FEDERAL
37465317000103;SAO JOSE DO XINGU;MT;DISTRITO FEDERAL;SUDF;DISTRITO FEDERAL
15024029000180;SAO JOSE DOS QUATRO MARCOS;MT;DISTRITO FEDERAL;SUDF;DISTRITO FEDERAL
37464948000108;SAO PEDRO DA CIPA;MT;DISTRITO FEDERAL;SUDF;DISTRITO FEDERAL
01614225000109;SAPEZAL;MT;DISTRITO FEDERAL;SUDF;DISTRITO FEDERAL
04204945000186;SERRA NOVA DOURADA;MT;DISTRITO FEDERAL;SUDF;DISTRITO FEDERAL
15024003000132;SINOP;MT;DISTRITO FEDERAL;SUDF;DISTRITO FEDERAL
03239076000162;SORRISO;MT;DISTRITO FEDERAL;SUDF;DISTRITO FEDERAL
37464997000493;TABAPORA;MT;DISTRITO FEDERAL;SUDF;DISTRITO FEDERAL
03788239000166;TANGARA DA SERRA;MT;DISTRITO FEDERAL;SUDF;DISTRITO FEDERAL
24772253000141;TAPURAH;MT;DISTRITO FEDERAL;SUDF;DISTRITO FEDERAL
01978212000100;TERRA NOVA DO NORTE;MT;DISTRITO FEDERAL;SUDF;DISTRITO FEDERAL
03543303000149;TESOURO;MT;DISTRITO FEDERAL;SUDF;DISTRITO FEDERAL
03503646000180;TORIXOREU;MT;DISTRITO FEDERAL;SUDF;DISTRITO FEDERAL
01614538000159;UNIAO DO SUL;MT;DISTRITO FEDERAL;SUDF;DISTRITO FEDERAL
04215993000170;VALE DE SAO DOMINGOS;MT;DISTRITO FEDERAL;SUDF;DISTRITO FEDERAL
03507548000110;VARZEA GRANDE;MT;DISTRITO FEDERAL;SUDF;DISTRITO FEDERAL
00179531000193;VERA;MT;DISTRITO FEDERAL;SUDF;DISTRITO FEDERAL
03214160000121;VILA BELA DA SANTISSIMA TRINDADE;MT;DISTRITO FEDERAL;SUDF;DISTRITO FEDERAL
03238862000145;VILA RICA;MT;DISTRITO FEDERAL;SUDF;DISTRITO FEDERAL
05105127000199;ABAETETUBA;PA;DISTRITO FEDERAL;SUDF;DISTRITO FEDERAL
83211375000128;ABEL FIGUEIREDO;PA;DISTRITO FEDERAL;SUDF;DISTRITO FEDERAL
05196548000172;ACARA;PA;DISTRITO FEDERAL;SUDF;DISTRITO FEDERAL
05119854000100;AFUA;PA;DISTRITO FEDERAL;SUDF;DISTRITO FEDERAL
34671057000134;AGUA AZUL DO NORTE;PA;DISTRITO FEDERAL;SUDF;DISTRITO FEDERAL
04838793000173;ALENQUER;PA;DISTRITO FEDERAL;SUDF;DISTRITO FEDERAL
05139464000105;ALMEIRIM;PA;DISTRITO FEDERAL;SUDF;DISTRITO FEDERAL
05263116000137;ALTAMIRA;PA;DISTRITO FEDERAL;SUDF;DISTRITO FEDERAL
05849955000131;ANAJAS;PA;DISTRITO FEDERAL;SUDF;DISTRITO FEDERAL
05058441000168;ANANINDEUA;PA;DISTRITO FEDERAL;SUDF;DISTRITO FEDERAL
01613194000163;ANAPU;PA;DISTRITO FEDERAL;SUDF;DISTRITO FEDERAL
04873600000115;AUGUSTO CORREA;PA;DISTRITO FEDERAL;SUDF;DISTRITO FEDERAL
83267989000121;AURORA DO PARA;PA;DISTRITO FEDERAL;SUDF;DISTRITO FEDERAL
04542916000124;AVEIRO;PA;DISTRITO FEDERAL;SUDF;DISTRITO FEDERAL
04876538000115;BAGRE;PA;DISTRITO FEDERAL;SUDF;DISTRITO FEDERAL
05425871000170;BAIAO;PA;DISTRITO FEDERAL;SUDF;DISTRITO FEDERAL
01595320000102;BANNACH;PA;DISTRITO FEDERAL;SUDF;DISTRITO FEDERAL
05058458000115;BARCARENA;PA;DISTRITO FEDERAL;SUDF;DISTRITO FEDERAL
05055009000113;BELEM;PA;DISTRITO FEDERAL;SUDF;DISTRITO FEDERAL
01614112000103;BELTERRA;PA;DISTRITO FEDERAL;SUDF;DISTRITO FEDERAL
05058466000161;BENEVIDES;PA;DISTRITO FEDERAL;SUDF;DISTRITO FEDERAL
22938757000163;BOM JESUS DO TOCANTINS;PA;DISTRITO FEDERAL;SUDF;DISTRITO FEDERAL
05149083000107;BONITO;PA;DISTRITO FEDERAL;SUDF;DISTRITO FEDERAL
04873592000107;BRAGANCA;PA;DISTRITO FEDERAL;SUDF;DISTRITO FEDERAL
34887950000100;BRASIL NOVO;PA;DISTRITO FEDERAL;SUDF;DISTRITO FEDERAL
22938773000156;BREJO GRANDE DO ARAGUAIA;PA;DISTRITO FEDERAL;SUDF;DISTRITO FEDERAL
34626440000170;BREU BRANCO;PA;DISTRITO FEDERAL;SUDF;DISTRITO FEDERAL
04876389000194;BREVES;PA;DISTRITO FEDERAL;SUDF;DISTRITO FEDERAL
05196563000110;BUJARU;PA;DISTRITO FEDERAL;SUDF;DISTRITO FEDERAL
04884482000140;CACHOEIRA DO ARARI;PA;DISTRITO FEDERAL;SUDF;DISTRITO FEDERAL
01612360000107;CACHOEIRA DO PIRIA;PA;DISTRITO FEDERAL;SUDF;DISTRITO FEDERAL
05105283000150;CAMETA;PA;DISTRITO FEDERAL;SUDF;DISTRITO FEDERAL
01613321000124;CANAA DOS CARAJAS;PA;DISTRITO FEDERAL;SUDF;DISTRITO FEDERAL
05149091000145;CAPANEMA;PA;DISTRITO FEDERAL;SUDF;DISTRITO FEDERAL
05149109000109;CAPITAO POCO;PA;DISTRITO FEDERAL;SUDF;DISTRITO FEDERAL
05121991000184;CASTANHAL;PA;DISTRITO FEDERAL;SUDF;DISTRITO FEDERAL
04888111000137;CHAVES;PA;DISTRITO FEDERAL;SUDF;DISTRITO FEDERAL
05835939000190;COLARES;PA;DISTRITO FEDERAL;SUDF;DISTRITO FEDERAL
05070404000175;CONCEICAO DO ARAGUAIA;PA;DISTRITO FEDERAL;SUDF;DISTRITO FEDERAL
14145791000152;CONCORDIA DO PARA;PA;DISTRITO FEDERAL;SUDF;DISTRITO FEDERAL
34670976000193;CUMARU DO NORTE;PA;DISTRITO FEDERAL;SUDF;DISTRITO FEDERAL
22938732000160;CURIONOPOLIS;PA;DISTRITO FEDERAL;SUDF;DISTRITO FEDERAL
04876710000130;CURRALINHO;PA;DISTRITO FEDERAL;SUDF;DISTRITO FEDERAL
01613319000155;CURUA;PA;DISTRITO FEDERAL;SUDF;DISTRITO FEDERAL
05171939000132;CURUCA;PA;DISTRITO FEDERAL;SUDF;DISTRITO FEDERAL
22953681000145;DOM ELISEU;PA;DISTRITO FEDERAL;SUDF;DISTRITO FEDERAL
84139633000175;ELDORADO DO CARAJAS;PA;DISTRITO FEDERAL;SUDF;DISTRITO FEDERAL
05178272000108;FARO;PA;DISTRITO FEDERAL;SUDF;DISTRITO FEDERAL
01613338000181;FLORESTA DO ARAGUAIA;PA;DISTRITO FEDERAL;SUDF;DISTRITO FEDERAL
22980940000127;GARRAFAO DO NORTE;PA;DISTRITO FEDERAL;SUDF;DISTRITO FEDERAL
83211433000113;GOIANESIA DO PARA;PA;DISTRITO FEDERAL;SUDF;DISTRITO FEDERAL
04876397000130;GURUPA;PA;DISTRITO FEDERAL;SUDF;DISTRITO FEDERAL
05149117000155;IGARAPE-ACU;PA;DISTRITO FEDERAL;SUDF;DISTRITO FEDERAL
05191333000169;IGARAPE-MIRI;PA;DISTRITO FEDERAL;SUDF;DISTRITO FEDERAL
05171921000130;INHANGAPI;PA;DISTRITO FEDERAL;SUDF;DISTRITO FEDERAL
83268011000184;IPIXUNA DO PARA;PA;DISTRITO FEDERAL;SUDF;DISTRITO FEDERAL
05193123000100;IRITUIA;PA;DISTRITO FEDERAL;SUDF;DISTRITO FEDERAL
05138730000177;ITAITUBA;PA;DISTRITO FEDERAL;SUDF;DISTRITO FEDERAL
05077102000129;ITUPIRANGA;PA;DISTRITO FEDERAL;SUDF;DISTRITO FEDERAL
10221745000134;JACAREACANGA;PA;DISTRITO FEDERAL;SUDF;DISTRITO FEDERAL
05854633000180;JACUNDA;PA;DISTRITO FEDERAL;SUDF;DISTRITO FEDERAL
05257555000137;JURUTI;PA;DISTRITO FEDERAL;SUDF;DISTRITO FEDERAL
05105168000185;LIMOEIRO DO AJURU;PA;DISTRITO FEDERAL;SUDF;DISTRITO FEDERAL
05363023000184;MAE DO RIO;PA;DISTRITO FEDERAL;SUDF;DISTRITO FEDERAL
05171947000189;MAGALHAES BARATA;PA;DISTRITO FEDERAL;SUDF;DISTRITO FEDERAL
05853163000130;MARABA;PA;DISTRITO FEDERAL;SUDF;DISTRITO FEDERAL
04880258000180;MARACANA;PA;DISTRITO FEDERAL;SUDF;DISTRITO FEDERAL
05171681000174;MARAPANIM;PA;DISTRITO FEDERAL;SUDF;DISTRITO FEDERAL
01611666000149;MARITUBA;PA;DISTRITO FEDERAL;SUDF;DISTRITO FEDERAL
34593525000108;MEDICILANDIA;PA;DISTRITO FEDERAL;SUDF;DISTRITO FEDERAL
04876470000174;MELGACO;PA;DISTRITO FEDERAL;SUDF;DISTRITO FEDERAL
05846704000101;MOCAJUBA;PA;DISTRITO FEDERAL;SUDF;DISTRITO FEDERAL
05105135000135;MOJU;PA;DISTRITO FEDERAL;SUDF;DISTRITO FEDERAL
17349848000123;MOJUI DOS CAMPOS;PA;DISTRITO FEDERAL;SUDF;DISTRITO FEDERAL
04838496000128;MONTE ALEGRE;PA;DISTRITO FEDERAL;SUDF;DISTRITO FEDERAL
05105200000122;MUANA;PA;DISTRITO FEDERAL;SUDF;DISTRITO FEDERAL
84263862000105;NOVA ESPERANCA DO PIRIA;PA;DISTRITO FEDERAL;SUDF;DISTRITO FEDERAL
01612215000126;NOVA IPIXUNA;PA;DISTRITO FEDERAL;SUDF;DISTRITO FEDERAL
05149125000100;NOVA TIMBOTEUA;PA;DISTRITO FEDERAL;SUDF;DISTRITO FEDERAL
10221786000120;NOVO PROGRESSO;PA;DISTRITO FEDERAL;SUDF;DISTRITO FEDERAL
34626416000131;NOVO REPARTIMENTO;PA;DISTRITO FEDERAL;SUDF;DISTRITO FEDERAL
05131180000164;OBIDOS;PA;DISTRITO FEDERAL;SUDF;DISTRITO FEDERAL
04876413000195;OEIRAS DO PARA;PA;DISTRITO FEDERAL;SUDF;DISTRITO FEDERAL
05131081000182;ORIXIMINA;PA;DISTRITO FEDERAL;SUDF;DISTRITO FEDERAL
05149133000148;OUREM;PA;DISTRITO FEDERAL;SUDF;DISTRITO FEDERAL
22980643000181;OURILANDIA DO NORTE;PA;DISTRITO FEDERAL;SUDF;DISTRITO FEDERAL
22981427000150;PACAJA;PA;DISTRITO FEDERAL;SUDF;DISTRITO FEDERAL
83211417000120;PALESTINA DO PARA;PA;DISTRITO FEDERAL;SUDF;DISTRITO FEDERAL
05193057000178;PARAGOMINAS;PA;DISTRITO FEDERAL;SUDF;DISTRITO FEDERAL
22980999000115;PARAUAPEBAS;PA;DISTRITO FEDERAL;SUDF;DISTRITO FEDERAL
34671016000148;PAU D'ARCO;PA;DISTRITO FEDERAL;SUDF;DISTRITO FEDERAL
05149158000141;PEIXE-BOI;PA;DISTRITO FEDERAL;SUDF;DISTRITO FEDERAL
01612163000198;PICARRA;PA;DISTRITO FEDERAL;SUDF;DISTRITO FEDERAL
01611858000155;PLACAS;PA;DISTRITO FEDERAL;SUDF;DISTRITO FEDERAL
05132436000158;PONTA DE PEDRAS;PA;DISTRITO FEDERAL;SUDF;DISTRITO FEDERAL
04876447000180;PORTEL;PA;DISTRITO FEDERAL;SUDF;DISTRITO FEDERAL
05183827000100;PORTO DE MOZ;PA;DISTRITO FEDERAL;SUDF;DISTRITO FEDERAL
04860854000107;PRAINHA;PA;DISTRITO FEDERAL;SUDF;DISTRITO FEDERAL
05149141000194;PRIMAVERA;PA;DISTRITO FEDERAL;SUDF;DISTRITO FEDERAL
01612367000129;QUATIPURU;PA;DISTRITO FEDERAL;SUDF;DISTRITO FEDERAL
04144168000121;REDENCAO;PA;DISTRITO FEDERAL;SUDF;DISTRITO FEDERAL
04144176000178;RIO MARIA;PA;DISTRITO FEDERAL;SUDF;DISTRITO FEDERAL
04780953000170;RONDON DO PARA;PA;DISTRITO FEDERAL;SUDF;DISTRITO FEDERAL
10222297000193;RUROPOLIS;PA;DISTRITO FEDERAL;SUDF;DISTRITO FEDERAL
05149166000198;SALINOPOLIS;PA;DISTRITO FEDERAL;SUDF;DISTRITO FEDERAL
04888517000110;SALVATERRA;PA;DISTRITO FEDERAL;SUDF;DISTRITO FEDERAL
83334698000109;SANTA BARBARA DO PARA;PA;DISTRITO FEDERAL;SUDF;DISTRITO FEDERAL
04888830000158;SANTA CRUZ DO ARARI;PA;DISTRITO FEDERAL;SUDF;DISTRITO FEDERAL
05171699000176;SANTA IZABEL DO PARA;PA;DISTRITO FEDERAL;SUDF;DISTRITO FEDERAL
63887848000102;SANTA LUZIA DO PARA;PA;DISTRITO FEDERAL;SUDF;DISTRITO FEDERAL
10249381000109;SANTA MARIA DAS BARREIRAS;PA;DISTRITO FEDERAL;SUDF;DISTRITO FEDERAL
05149174000134;SANTA MARIA DO PARA;PA;DISTRITO FEDERAL;SUDF;DISTRITO FEDERAL
05832977000199;SANTANA DO ARAGUAIA;PA;DISTRITO FEDERAL;SUDF;DISTRITO FEDERAL
05182233000176;SANTAREM;PA;DISTRITO FEDERAL;SUDF;DISTRITO FEDERAL
05149182000180;SANTAREM NOVO;PA;DISTRITO FEDERAL;SUDF;DISTRITO FEDERAL
05059936000101;SANTO ANTONIO DO TAUA;PA;DISTRITO FEDERAL;SUDF;DISTRITO FEDERAL
05351614000131;SAO CAETANO DE ODIVELAS;PA;DISTRITO FEDERAL;SUDF;DISTRITO FEDERAL
83211391000110;SAO DOMINGOS DO ARAGUAIA;PA;DISTRITO FEDERAL;SUDF;DISTRITO FEDERAL
05193115000163;SAO DOMINGOS DO CAPIM;PA;DISTRITO FEDERAL;SUDF;DISTRITO FEDERAL
05421300000168;SAO FELIX DO XINGU;PA;DISTRITO FEDERAL;SUDF;DISTRITO FEDERAL
05125992000105;SAO FRANCISCO DO PARA;PA;DISTRITO FEDERAL;SUDF;DISTRITO FEDERAL
10249241000122;SAO GERALDO DO ARAGUAIA;PA;DISTRITO FEDERAL;SUDF;DISTRITO FEDERAL
01613320000180;SAO JOAO DA PONTA;PA;DISTRITO FEDERAL;SUDF;DISTRITO FEDERAL
22981153000108;SAO JOAO DE PIRABAS;PA;DISTRITO FEDERAL;SUDF;DISTRITO FEDERAL
05854534000107;SAO JOAO DO ARAGUAIA;PA;DISTRITO FEDERAL;SUDF;DISTRITO FEDERAL
05193073000160;SAO MIGUEL DO GUAMA;PA;DISTRITO FEDERAL;SUDF;DISTRITO FEDERAL
05105143000181;SAO SEBASTIAO DA BOA VISTA;PA;DISTRITO FEDERAL;SUDF;DISTRITO FEDERAL
01617317000134;SAPUCAIA;PA;DISTRITO FEDERAL;SUDF;DISTRITO FEDERAL
05421110000140;SENADOR JOSE PORFIRIO;PA;DISTRITO FEDERAL;SUDF;DISTRITO FEDERAL
05133863000150;SOURE;PA;DISTRITO FEDERAL;SUDF;DISTRITO FEDERAL
22941355000118;TAILANDIA;PA;DISTRITO FEDERAL;SUDF;DISTRITO FEDERAL
34823518000147;TERRA ALTA;PA;DISTRITO FEDERAL;SUDF;DISTRITO FEDERAL
23060866000193;TERRA SANTA;PA;DISTRITO FEDERAL;SUDF;DISTRITO FEDERAL
05196530000170;TOME-ACU;PA;DISTRITO FEDERAL;SUDF;DISTRITO FEDERAL
01612999000192;TRACUATEUA;PA;DISTRITO FEDERAL;SUDF;DISTRITO FEDERAL
10221760000182;TRAIRAO;PA;DISTRITO FEDERAL;SUDF;DISTRITO FEDERAL
22981088000102;TUCUMA;PA;DISTRITO FEDERAL;SUDF;DISTRITO FEDERAL
05251632000141;TUCURUI;PA;DISTRITO FEDERAL;SUDF;DISTRITO FEDERAL
83334672000160;ULIANOPOLIS;PA;DISTRITO FEDERAL;SUDF;DISTRITO FEDERAL
34593541000192;URUARA;PA;DISTRITO FEDERAL;SUDF;DISTRITO FEDERAL
05351606000195;VIGIA;PA;DISTRITO FEDERAL;SUDF;DISTRITO FEDERAL
04873618000117;VISEU;PA;DISTRITO FEDERAL;SUDF;DISTRITO FEDERAL
34887935000153;VITORIA DO XINGU;PA;DISTRITO FEDERAL;SUDF;DISTRITO FEDERAL
04144150000120;XINGUARA;PA;DISTRITO FEDERAL;SUDF;DISTRITO FEDERAL
09145368000112;AGUA BRANCA;PB;PERNAMBUCO;SUPE;PERNAMBUCO
08939944000130;AGUIAR;PB;PERNAMBUCO;SUPE;PERNAMBUCO
08753204000105;ALAGOA GRANDE;PB;PERNAMBUCO;SUPE;PERNAMBUCO
08700684000146;ALAGOA NOVA;PB;PERNAMBUCO;SUPE;PERNAMBUCO
08926263000138;ALAGOINHA;PB;PERNAMBUCO;SUPE;PERNAMBUCO
01612470000179;ALCANTIL;PB;PERNAMBUCO;SUPE;PERNAMBUCO
01612471000113;ALGODAO DE JANDAIRA;PB;PERNAMBUCO;SUPE;PERNAMBUCO
08778318000100;ALHANDRA;PB;PERNAMBUCO;SUPE;PERNAMBUCO
01612473000102;AMPARO;PB;PERNAMBUCO;SUPE;PERNAMBUCO
01613168000135;APARECIDA;PB;PERNAMBUCO;SUPE;PERNAMBUCO
08778029000100;ARACAGI;PB;PERNAMBUCO;SUPE;PERNAMBUCO
08778755000123;ARARA;PB;PERNAMBUCO;SUPE;PERNAMBUCO
08927105000100;ARARUNA;PB;PERNAMBUCO;SUPE;PERNAMBUCO
08754111000103;AREIA;PB;PERNAMBUCO;SUPE;PERNAMBUCO
01612685000190;AREIA DE BARAUNAS;PB;PERNAMBUCO;SUPE;PERNAMBUCO
08701062000132;AREIAL;PB;PERNAMBUCO;SUPE;PERNAMBUCO
08865636000108;AROEIRAS;PB;PERNAMBUCO;SUPE;PERNAMBUCO
01612635000102;ASSUNCAO;PB;PERNAMBUCO;SUPE;PERNAMBUCO
08894859000101;BAIA DA TRAICAO;PB;PERNAMBUCO;SUPE;PERNAMBUCO
08927915000159;BANANEIRAS;PB;PERNAMBUCO;SUPE;PERNAMBUCO
01612512000171;BARAUNA;PB;PERNAMBUCO;SUPE;PERNAMBUCO
08993925000192;BARRA DE SANTA ROSA;PB;PERNAMBUCO;SUPE;PERNAMBUCO
01612535000186;BARRA DE SANTANA;PB;PERNAMBUCO;SUPE;PERNAMBUCO
08701708000181;BARRA DE SAO MIGUEL;PB;PERNAMBUCO;SUPE;PERNAMBUCO
08924581000160;BAYEUX;PB;PERNAMBUCO;SUPE;PERNAMBUCO
08928517000157;BELEM;PB;PERNAMBUCO;SUPE;PERNAMBUCO
08920126000196;BELEM DO BREJO DO CRUZ;PB;PERNAMBUCO;SUPE;PERNAMBUCO
01621539000120;BERNARDINO BATISTA;PB;PERNAMBUCO;SUPE;PERNAMBUCO
08940702000167;BOA VENTURA;PB;PERNAMBUCO;SUPE;PERNAMBUCO
01612538000110;BOA VISTA;PB;PERNAMBUCO;SUPE;PERNAMBUCO
08923989000117;BOM JESUS;PB;PERNAMBUCO;SUPE;PERNAMBUCO
08920571000156;BOM SUCESSO;PB;PERNAMBUCO;SUPE;PERNAMBUCO
08924037000118;BONITO DE SANTA FE;PB;PERNAMBUCO;SUPE;PERNAMBUCO
08702573000179;BOQUEIRAO;PB;PERNAMBUCO;SUPE;PERNAMBUCO
09070400000148;BORBOREMA;PB;PERNAMBUCO;SUPE;PERNAMBUCO
08767154000115;BREJO DO CRUZ;PB;PERNAMBUCO;SUPE;PERNAMBUCO
09164716000107;BREJO DOS SANTOS;PB;PERNAMBUCO;SUPE;PERNAMBUCO
08865644000154;CAAPORA;PB;PERNAMBUCO;SUPE;PERNAMBUCO
08702862000178;CABACEIRAS;PB;PERNAMBUCO;SUPE;PERNAMBUCO
09012493000154;CABEDELO;PB;PERNAMBUCO;SUPE;PERNAMBUCO
08923997000163;CACHOEIRA DOS INDIOS;PB;PERNAMBUCO;SUPE;PERNAMBUCO
08874984000141;CACIMBA DE AREIA;PB;PERNAMBUCO;SUPE;PERNAMBUCO
08929648000159;CACIMBA DE DENTRO;PB;PERNAMBUCO;SUPE;PERNAMBUCO
01612686000134;CACIMBAS;PB;PERNAMBUCO;SUPE;PERNAMBUCO
09070624000150;CAICARA;PB;PERNAMBUCO;SUPE;PERNAMBUCO
08923971000115;CAJAZEIRAS;PB;PERNAMBUCO;SUPE;PERNAMBUCO
01612687000189;CAJAZEIRINHAS;PB;PERNAMBUCO;SUPE;PERNAMBUCO
08809071000141;CALDAS BRANDAO;PB;PERNAMBUCO;SUPE;PERNAMBUCO
09073271000141;CAMALAU;PB;PERNAMBUCO;SUPE;PERNAMBUCO
08993917000146;CAMPINA GRANDE;PB;PERNAMBUCO;SUPE;PERNAMBUCO
01612304000172;CAPIM;PB;PERNAMBUCO;SUPE;PERNAMBUCO
01612638000146;CARAUBAS;PB;PERNAMBUCO;SUPE;PERNAMBUCO
08924003000123;CARRAPATEIRA;PB;PERNAMBUCO;SUPE;PERNAMBUCO
01617975000126;CASSERENGUE;PB;PERNAMBUCO;SUPE;PERNAMBUCO
08885287000196;CATINGUEIRA;PB;PERNAMBUCO;SUPE;PERNAMBUCO
09067562000127;CATOLE DO ROCHA;PB;PERNAMBUCO;SUPE;PERNAMBUCO
01612640000115;CATURITE;PB;PERNAMBUCO;SUPE;PERNAMBUCO
08943227000182;CONCEICAO;PB;PERNAMBUCO;SUPE;PERNAMBUCO
09151473000164;CONDADO;PB;PERNAMBUCO;SUPE;PERNAMBUCO
08916645000180;CONDE;PB;PERNAMBUCO;SUPE;PERNAMBUCO
08870164000181;CONGO;PB;PERNAMBUCO;SUPE;PERNAMBUCO
08939936000194;COREMAS;PB;PERNAMBUCO;SUPE;PERNAMBUCO
01612757000107;COXIXOLA;PB;PERNAMBUCO;SUPE;PERNAMBUCO
08902934000120;CRUZ DO ESPIRITO SANTO;PB;PERNAMBUCO;SUPE;PERNAMBUCO
08732182000105;CUBATI;PB;PERNAMBUCO;SUPE;PERNAMBUCO
08732174000150;CUITE;PB;PERNAMBUCO;SUPE;PERNAMBUCO
01612341000180;CUITE DE MAMANGUAPE;PB;PERNAMBUCO;SUPE;PERNAMBUCO
08781791000146;CUITEGI;PB;PERNAMBUCO;SUPE;PERNAMBUCO
01612372000131;CURRAL DE CIMA;PB;PERNAMBUCO;SUPE;PERNAMBUCO
08886947000153;CURRAL VELHO;PB;PERNAMBUCO;SUPE;PERNAMBUCO
01612636000157;DAMIAO;PB;PERNAMBUCO;SUPE;PERNAMBUCO
08925968000130;DESTERRO;PB;PERNAMBUCO;SUPE;PERNAMBUCO
08942229000157;DIAMANTE;PB;PERNAMBUCO;SUPE;PERNAMBUCO
08782146000148;DONA INES;PB;PERNAMBUCO;SUPE;PERNAMBUCO
08787012000110;DUAS ESTRADAS;PB;PERNAMBUCO;SUPE;PERNAMBUCO
08944084000123;EMAS;PB;PERNAMBUCO;SUPE;PERNAMBUCO
08993909000108;ESPERANCA;PB;PERNAMBUCO;SUPE;PERNAMBUCO
08737694000156;FAGUNDES;PB;PERNAMBUCO;SUPE;PERNAMBUCO
08737785000191;FREI MARTINHO;PB;PERNAMBUCO;SUPE;PERNAMBUCO
01612651000103;GADO BRAVO;PB;PERNAMBUCO;SUPE;PERNAMBUCO
08785479000120;GUARABIRA;PB;PERNAMBUCO;SUPE;PERNAMBUCO
08809444000184;GURINHEM;PB;PERNAMBUCO;SUPE;PERNAMBUCO
09073685000170;GURJAO;PB;PERNAMBUCO;SUPE;PERNAMBUCO
08943268000179;IBIARA;PB;PERNAMBUCO;SUPE;PERNAMBUCO
08885139000171;IGARACY;PB;PERNAMBUCO;SUPE;PERNAMBUCO
08883969000160;IMACULADA;PB;PERNAMBUCO;SUPE;PERNAMBUCO
08810350000125;INGA;PB;PERNAMBUCO;SUPE;PERNAMBUCO
09072430000193;ITABAIANA;PB;PERNAMBUCO;SUPE;PERNAMBUCO
08940694000159;ITAPORANGA;PB;PERNAMBUCO;SUPE;PERNAMBUCO
09165176000178;ITAPOROROCA;PB;PERNAMBUCO;SUPE;PERNAMBUCO
08865628000161;ITATUBA;PB;PERNAMBUCO;SUPE;PERNAMBUCO
08947699000103;JACARAU;PB;PERNAMBUCO;SUPE;PERNAMBUCO
08931495000184;JERICO;PB;PERNAMBUCO;SUPE;PERNAMBUCO
08778326000156;JOAO PESSOA;PB;PERNAMBUCO;SUPE;PERNAMBUCO
01613283000100;JOCA CLAUDINO;PB;PERNAMBUCO;SUPE;PERNAMBUCO
08919490000136;JUAREZ TAVORA;PB;PERNAMBUCO;SUPE;PERNAMBUCO
08996886000187;JUAZEIRINHO;PB;PERNAMBUCO;SUPE;PERNAMBUCO
09084054000157;JUNCO DO SERIDO;PB;PERNAMBUCO;SUPE;PERNAMBUCO
08865933000153;JURIPIRANGA;PB;PERNAMBUCO;SUPE;PERNAMBUCO
08888950000106;JURU;PB;PERNAMBUCO;SUPE;PERNAMBUCO
09151796000158;LAGOA;PB;PERNAMBUCO;SUPE;PERNAMBUCO
09071622000185;LAGOA DE DENTRO;PB;PERNAMBUCO;SUPE;PERNAMBUCO
08997611000168;LAGOA SECA;PB;PERNAMBUCO;SUPE;PERNAMBUCO
08999716000156;LASTRO;PB;PERNAMBUCO;SUPE;PERNAMBUCO
08738916000155;LIVRAMENTO;PB;PERNAMBUCO;SUPE;PERNAMBUCO
01612986000113;LOGRADOURO;PB;PERNAMBUCO;SUPE;PERNAMBUCO
08924813000180;LUCENA;PB;PERNAMBUCO;SUPE;PERNAMBUCO
09084088000141;MAE D'AGUA;PB;PERNAMBUCO;SUPE;PERNAMBUCO
09151861000145;MALTA;PB;PERNAMBUCO;SUPE;PERNAMBUCO
08898124000148;MAMANGUAPE;PB;PERNAMBUCO;SUPE;PERNAMBUCO
09148131000195;MANAIRA;PB;PERNAMBUCO;SUPE;PERNAMBUCO
01612351000116;MARCACAO;PB;PERNAMBUCO;SUPE;PERNAMBUCO
08917106000166;MARI;PB;PERNAMBUCO;SUPE;PERNAMBUCO
01612941000149;MARIZOPOLIS;PB;PERNAMBUCO;SUPE;PERNAMBUCO
08739138000119;MASSARANDUBA;PB;PERNAMBUCO;SUPE;PERNAMBUCO
08898256000170;MATARACA;PB;PERNAMBUCO;SUPE;PERNAMBUCO
01612641000160;MATINHAS;PB;PERNAMBUCO;SUPE;PERNAMBUCO
01613316000111;MATO GROSSO;PB;PERNAMBUCO;SUPE;PERNAMBUCO
01612689000178;MATUREIA;PB;PERNAMBUCO;SUPE;PERNAMBUCO
08866501000167;MOGEIRO;PB;PERNAMBUCO;SUPE;PERNAMBUCO
08739351000120;MONTADAS;PB;PERNAMBUCO;SUPE;PERNAMBUCO
08924011000170;MONTE HOREBE;PB;PERNAMBUCO;SUPE;PERNAMBUCO
09073628000191;MONTEIRO;PB;PERNAMBUCO;SUPE;PERNAMBUCO
08786865000137;MULUNGU;PB;PERNAMBUCO;SUPE;PERNAMBUCO
09072448000195;NATUBA;PB;PERNAMBUCO;SUPE;PERNAMBUCO
08999708000100;NAZAREZINHO;PB;PERNAMBUCO;SUPE;PERNAMBUCO
08739625000181;NOVA FLORESTA;PB;PERNAMBUCO;SUPE;PERNAMBUCO
08889297000108;NOVA OLINDA;PB;PERNAMBUCO;SUPE;PERNAMBUCO
08739930000173;NOVA PALMEIRA;PB;PERNAMBUCO;SUPE;PERNAMBUCO
08944076000187;OLHO D'AGUA;PB;PERNAMBUCO;SUPE;PERNAMBUCO
08740102000155;OLIVEDOS;PB;PERNAMBUCO;SUPE;PERNAMBUCO
08872459000197;OURO VELHO;PB;PERNAMBUCO;SUPE;PERNAMBUCO
01612532000142;PARARI;PB;PERNAMBUCO;SUPE;PERNAMBUCO
08876104000176;PASSAGEM;PB;PERNAMBUCO;SUPE;PERNAMBUCO
09084815000170;PATOS;PB;PERNAMBUCO;SUPE;PERNAMBUCO
08945727000153;PAULISTA;PB;PERNAMBUCO;SUPE;PERNAMBUCO
08889826000165;PEDRA BRANCA;PB;PERNAMBUCO;SUPE;PERNAMBUCO
08740466000135;PEDRA LAVRADA;PB;PERNAMBUCO;SUPE;PERNAMBUCO
09072455000197;PEDRAS DE FOGO;PB;PERNAMBUCO;SUPE;PERNAMBUCO
01612967000197;PEDRO REGIS;PB;PERNAMBUCO;SUPE;PERNAMBUCO
09148727000195;PIANCO;PB;PERNAMBUCO;SUPE;PERNAMBUCO
08741399000173;PICUI;PB;PERNAMBUCO;SUPE;PERNAMBUCO
08867780000183;PILAR;PB;PERNAMBUCO;SUPE;PERNAMBUCO
08786626000187;PILOES;PB;PERNAMBUCO;SUPE;PERNAMBUCO
08788903000190;PILOEZINHOS;PB;PERNAMBUCO;SUPE;PERNAMBUCO
08789299000117;PIRPIRITUBA;PB;PERNAMBUCO;SUPE;PERNAMBUCO
08916785000159;PITIMBU;PB;PERNAMBUCO;SUPE;PERNAMBUCO
08741688000172;POCINHOS;PB;PERNAMBUCO;SUPE;PERNAMBUCO
01615653000148;POCO DANTAS;PB;PERNAMBUCO;SUPE;PERNAMBUCO
01615784000125;POCO DE JOSE DE MOURA;PB;PERNAMBUCO;SUPE;PERNAMBUCO
08948697000139;POMBAL;PB;PERNAMBUCO;SUPE;PERNAMBUCO
09074113000106;PRATA;PB;PERNAMBUCO;SUPE;PERNAMBUCO
08888968000108;PRINCESA ISABEL;PB;PERNAMBUCO;SUPE;PERNAMBUCO
09001744000103;PUXINANA;PB;PERNAMBUCO;SUPE;PERNAMBUCO
08742264000122;QUEIMADAS;PB;PERNAMBUCO;SUPE;PERNAMBUCO
08881567000126;QUIXABA;PB;PERNAMBUCO;SUPE;PERNAMBUCO
09048976000109;REMIGIO;PB;PERNAMBUCO;SUPE;PERNAMBUCO
01612770000158;RIACHAO;PB;PERNAMBUCO;SUPE;PERNAMBUCO
01612343000170;RIACHAO DO BACAMARTE;PB;PERNAMBUCO;SUPE;PERNAMBUCO
01612366000184;RIACHAO DO POCO;PB;PERNAMBUCO;SUPE;PERNAMBUCO
01612637000100;RIACHO DE SANTO ANTONIO;PB;PERNAMBUCO;SUPE;PERNAMBUCO
08921876000182;RIACHO DOS CAVALOS;PB;PERNAMBUCO;SUPE;PERNAMBUCO
08899940000176;RIO TINTO;PB;PERNAMBUCO;SUPE;PERNAMBUCO
08881666000108;SALGADINHO;PB;PERNAMBUCO;SUPE;PERNAMBUCO
09072463000133;SALGADO DE SAO FELIX;PB;PERNAMBUCO;SUPE;PERNAMBUCO
01612643000159;SANTA CECILIA;PB;PERNAMBUCO;SUPE;PERNAMBUCO
08999690000146;SANTA CRUZ;PB;PERNAMBUCO;SUPE;PERNAMBUCO
08764284000102;SANTA HELENA;PB;PERNAMBUCO;SUPE;PERNAMBUCO
01612693000136;SANTA INES;PB;PERNAMBUCO;SUPE;PERNAMBUCO
09090689000167;SANTA LUZIA;PB;PERNAMBUCO;SUPE;PERNAMBUCO
09159666000161;SANTA RITA;PB;PERNAMBUCO;SUPE;PERNAMBUCO
08882524000165;SANTA TERESINHA;PB;PERNAMBUCO;SUPE;PERNAMBUCO
09150087000158;SANTANA DE MANGUEIRA;PB;PERNAMBUCO;SUPE;PERNAMBUCO
08942211000155;SANTANA DOS GARROTES;PB;PERNAMBUCO;SUPE;PERNAMBUCO
01612511000127;SANTO ANDRE;PB;PERNAMBUCO;SUPE;PERNAMBUCO
01612690000100;SAO BENTINHO;PB;PERNAMBUCO;SUPE;PERNAMBUCO
09069709000118;SAO BENTO;PB;PERNAMBUCO;SUPE;PERNAMBUCO
01612691000147;SAO DOMINGOS;PB;PERNAMBUCO;SUPE;PERNAMBUCO
01612650000150;SAO DOMINGOS DO CARIRI;PB;PERNAMBUCO;SUPE;PERNAMBUCO
01613323000113;SAO FRANCISCO;PB;PERNAMBUCO;SUPE;PERNAMBUCO
09074345000164;SAO JOAO DO CARIRI;PB;PERNAMBUCO;SUPE;PERNAMBUCO
08924029000171;SAO JOAO DO RIO DO PEIXE;PB;PERNAMBUCO;SUPE;PERNAMBUCO
09074592000160;SAO JOAO DO TIGRE;PB;PERNAMBUCO;SUPE;PERNAMBUCO
08999682000108;SAO JOSE DA LAGOA TAPADA;PB;PERNAMBUCO;SUPE;PERNAMBUCO
08891541000169;SAO JOSE DE CAIANA;PB;PERNAMBUCO;SUPE;PERNAMBUCO
08882730000175;SAO JOSE DE ESPINHARAS;PB;PERNAMBUCO;SUPE;PERNAMBUCO
08924052000166;SAO JOSE DE PIRANHAS;PB;PERNAMBUCO;SUPE;PERNAMBUCO
01612684000145;SAO JOSE DE PRINCESA;PB;PERNAMBUCO;SUPE;PERNAMBUCO
08882862000105;SAO JOSE DO BONFIM;PB;PERNAMBUCO;SUPE;PERNAMBUCO
01612692000191;SAO JOSE DO BREJO DO CRUZ;PB;PERNAMBUCO;SUPE;PERNAMBUCO
08883217000107;SAO JOSE DO SABUGI;PB;PERNAMBUCO;SUPE;PERNAMBUCO
08873226000109;SAO JOSE DOS CORDEIROS;PB;PERNAMBUCO;SUPE;PERNAMBUCO
01612384000166;SAO JOSE DOS RAMOS;PB;PERNAMBUCO;SUPE;PERNAMBUCO
08922718000147;SAO MAMEDE;PB;PERNAMBUCO;SUPE;PERNAMBUCO
08868515000110;SAO MIGUEL DE TAIPU;PB;PERNAMBUCO;SUPE;PERNAMBUCO
08742439000100;SAO SEBASTIAO DE LAGOA DE ROCA;PB;PERNAMBUCO;SUPE;PERNAMBUCO
09074998000143;SAO SEBASTIAO DO UMBUZEIRO;PB;PERNAMBUCO;SUPE;PERNAMBUCO
08916124000123;SAO VICENTE DO SERIDO;PB;PERNAMBUCO;SUPE;PERNAMBUCO
08917080000156;SAPE;PB;PERNAMBUCO;SUPE;PERNAMBUCO
08874695000142;SERRA BRANCA;PB;PERNAMBUCO;SUPE;PERNAMBUCO
08789737000147;SERRA DA RAIZ;PB;PERNAMBUCO;SUPE;PERNAMBUCO
08891830000168;SERRA GRANDE;PB;PERNAMBUCO;SUPE;PERNAMBUCO
08868937000195;SERRA REDONDA;PB;PERNAMBUCO;SUPE;PERNAMBUCO
08790172000118;SERRARIA;PB;PERNAMBUCO;SUPE;PERNAMBUCO
01612771000100;SERTAOZINHO;PB;PERNAMBUCO;SUPE;PERNAMBUCO
01612553000168;SOBRADO;PB;PERNAMBUCO;SUPE;PERNAMBUCO
08787236000121;SOLANEA;PB;PERNAMBUCO;SUPE;PERNAMBUCO
08919425000100;SOLEDADE;PB;PERNAMBUCO;SUPE;PERNAMBUCO
01613663000144;SOSSEGO;PB;PERNAMBUCO;SUPE;PERNAMBUCO
08999674000153;SOUSA;PB;PERNAMBUCO;SUPE;PERNAMBUCO
08874935000109;SUME;PB;PERNAMBUCO;SUPE;PERNAMBUCO
08787392000192;TACIMA;PB;PERNAMBUCO;SUPE;PERNAMBUCO
08749525000136;TAPEROA;PB;PERNAMBUCO;SUPE;PERNAMBUCO
08944092000170;TAVARES;PB;PERNAMBUCO;SUPE;PERNAMBUCO
08883951000168;TEIXEIRA;PB;PERNAMBUCO;SUPE;PERNAMBUCO
01612649000126;TENORIO;PB;PERNAMBUCO;SUPE;PERNAMBUCO
08924060000102;TRIUNFO;PB;PERNAMBUCO;SUPE;PERNAMBUCO
08924078000104;UIRAUNA;PB;PERNAMBUCO;SUPE;PERNAMBUCO
08869489000144;UMBUZEIRO;PB;PERNAMBUCO;SUPE;PERNAMBUCO
08884066000101;VARZEA;PB;PERNAMBUCO;SUPE;PERNAMBUCO
01613339000126;VIEIROPOLIS;PB;PERNAMBUCO;SUPE;PERNAMBUCO
09151598000194;VISTA SERRANA;PB;PERNAMBUCO;SUPE;PERNAMBUCO
01612642000104;ZABELE;PB;PERNAMBUCO;SUPE;PERNAMBUCO
08637373000180;ABREU E LIMA;PE;PERNAMBUCO;SUPE;PERNAMBUCO
10346096000106;AFOGADOS DA INGAZEIRA;PE;PERNAMBUCO;SUPE;PERNAMBUCO
10358174000184;AFRANIO;PE;PERNAMBUCO;SUPE;PERNAMBUCO
10091494000110;AGRESTINA;PE;PERNAMBUCO;SUPE;PERNAMBUCO
10183929000157;AGUA PRETA;PE;PERNAMBUCO;SUPE;PERNAMBUCO
11286341000191;AGUAS BELAS;PE;PERNAMBUCO;SUPE;PERNAMBUCO
11043981000170;ALAGOINHA;PE;PERNAMBUCO;SUPE;PERNAMBUCO
10164028000118;ALIANCA;PE;PERNAMBUCO;SUPE;PERNAMBUCO
10091502000129;ALTINHO;PE;PERNAMBUCO;SUPE;PERNAMBUCO
11294360000160;AMARAJI;PE;PERNAMBUCO;SUPE;PERNAMBUCO
10130755000164;ANGELIM;PE;PERNAMBUCO;SUPE;PERNAMBUCO
01613860000163;ARACOIABA;PE;PERNAMBUCO;SUPE;PERNAMBUCO
11040854000118;ARARIPINA;PE;PERNAMBUCO;SUPE;PERNAMBUCO
10105955000167;ARCOVERDE;PE;PERNAMBUCO;SUPE;PERNAMBUCO
10120962000138;BARRA DE GUABIRABA;PE;PERNAMBUCO;SUPE;PERNAMBUCO
10110989000140;BARREIROS;PE;PERNAMBUCO;SUPE;PERNAMBUCO
10184703000170;BELEM DE MARIA;PE;PERNAMBUCO;SUPE;PERNAMBUCO
10113728000183;BELEM DO SAO FRANCISCO;PE;PERNAMBUCO;SUPE;PERNAMBUCO
10260222000105;BELO JARDIM;PE;PERNAMBUCO;SUPE;PERNAMBUCO
10287373000149;BETANIA;PE;PERNAMBUCO;SUPE;PERNAMBUCO
10091510000175;BEZERROS;PE;PERNAMBUCO;SUPE;PERNAMBUCO
11040862000164;BODOCO;PE;PERNAMBUCO;SUPE;PERNAMBUCO
11285954000104;BOM CONSELHO;PE;PERNAMBUCO;SUPE;PERNAMBUCO
10293074000117;BOM JARDIM;PE;PERNAMBUCO;SUPE;PERNAMBUCO
10121515000101;BONITO;PE;PERNAMBUCO;SUPE;PERNAMBUCO
10131076000100;BREJAO;PE;PERNAMBUCO;SUPE;PERNAMBUCO
11358173000100;BREJINHO;PE;PERNAMBUCO;SUPE;PERNAMBUCO
10091528000177;BREJO DA MADRE DE DEUS;PE;PERNAMBUCO;SUPE;PERNAMBUCO
10165165000177;BUENOS AIRES;PE;PERNAMBUCO;SUPE;PERNAMBUCO
10105963000103;BUIQUE;PE;PERNAMBUCO;SUPE;PERNAMBUCO
11294402000162;CABO DE SANTO AGOSTINHO;PE;PERNAMBUCO;SUPE;PERNAMBUCO
10113710000181;CABROBO;PE;PERNAMBUCO;SUPE;PERNAMBUCO
10091619000102;CACHOEIRINHA;PE;PERNAMBUCO;SUPE;PERNAMBUCO
10131720000140;CAETES;PE;PERNAMBUCO;SUPE;PERNAMBUCO
11034741000100;CALCADO;PE;PERNAMBUCO;SUPE;PERNAMBUCO
10279107000174;CALUMBI;PE;PERNAMBUCO;SUPE;PERNAMBUCO
08260663000157;CAMARAGIBE;PE;PERNAMBUCO;SUPE;PERNAMBUCO
10766129000169;CAMOCIM DE SAO FELIX;PE;PERNAMBUCO;SUPE;PERNAMBUCO
11362779000101;CAMUTANGA;PE;PERNAMBUCO;SUPE;PERNAMBUCO
10132777000163;CANHOTINHO;PE;PERNAMBUCO;SUPE;PERNAMBUCO
11256088000123;CAPOEIRAS;PE;PERNAMBUCO;SUPE;PERNAMBUCO
11367414000170;CARNAIBA;PE;PERNAMBUCO;SUPE;PERNAMBUCO
35444991000186;CARNAUBEIRA DA PENHA;PE;PERNAMBUCO;SUPE;PERNAMBUCO
11097342000198;CARPINA;PE;PERNAMBUCO;SUPE;PERNAMBUCO
10091536000113;CARUARU;PE;PERNAMBUCO;SUPE;PERNAMBUCO
01618704000195;CASINHAS;PE;PERNAMBUCO;SUPE;PERNAMBUCO
10186138000180;CATENDE;PE;PERNAMBUCO;SUPE;PERNAMBUCO
11361219000132;CEDRO;PE;PERNAMBUCO;SUPE;PERNAMBUCO
11049798000182;CHA DE ALEGRIA;PE;PERNAMBUCO;SUPE;PERNAMBUCO
11049806000190;CHA GRANDE;PE;PERNAMBUCO;SUPE;PERNAMBUCO
10150068000100;CONDADO;PE;PERNAMBUCO;SUPE;PERNAMBUCO
11286358000149;CORRENTES;PE;PERNAMBUCO;SUPE;PERNAMBUCO
10273548000169;CORTES;PE;PERNAMBUCO;SUPE;PERNAMBUCO
11097391000120;CUMARU;PE;PERNAMBUCO;SUPE;PERNAMBUCO
10191799000102;CUPIRA;PE;PERNAMBUCO;SUPE;PERNAMBUCO
11358165000156;CUSTODIA;PE;PERNAMBUCO;SUPE;PERNAMBUCO
35667377000183;DORMENTES;PE;PERNAMBUCO;SUPE;PERNAMBUCO
11294303000180;ESCADA;PE;PERNAMBUCO;SUPE;PERNAMBUCO
11040870000100;EXU;PE;PERNAMBUCO;SUPE;PERNAMBUCO
11097243000106;FEIRA NOVA;PE;PERNAMBUCO;SUPE;PERNAMBUCO
;FERNANDO DE NORONHA;PE;PERNAMBUCO;SUPE;PERNAMBUCO
11361870000102;FERREIROS;PE;PERNAMBUCO;SUPE;PERNAMBUCO
10347466000111;FLORES;PE;PERNAMBUCO;SUPE;PERNAMBUCO
10113736000120;FLORESTA;PE;PERNAMBUCO;SUPE;PERNAMBUCO
11361854000110;FREI MIGUELINHO;PE;PERNAMBUCO;SUPE;PERNAMBUCO
11343902000147;GAMELEIRA;PE;PERNAMBUCO;SUPE;PERNAMBUCO
11303906000100;GARANHUNS;PE;PERNAMBUCO;SUPE;PERNAMBUCO
11049814000137;GLORIA DO GOITA;PE;PERNAMBUCO;SUPE;PERNAMBUCO
10150043000107;GOIANA;PE;PERNAMBUCO;SUPE;PERNAMBUCO
11040888000102;GRANITO;PE;PERNAMBUCO;SUPE;PERNAMBUCO
11049830000120;GRAVATA;PE;PERNAMBUCO;SUPE;PERNAMBUCO
11286374000131;IATI;PE;PERNAMBUCO;SUPE;PERNAMBUCO
10105971000150;IBIMIRIM;PE;PERNAMBUCO;SUPE;PERNAMBUCO
11256062000185;IBIRAJUBA;PE;PERNAMBUCO;SUPE;PERNAMBUCO
10359560000190;IGARASSU;PE;PERNAMBUCO;SUPE;PERNAMBUCO
11368966000100;IGUARACY;PE;PERNAMBUCO;SUPE;PERNAMBUCO
09680315000100;ILHA DE ITAMARACA;PE;PERNAMBUCO;SUPE;PERNAMBUCO
10106219000123;INAJA;PE;PERNAMBUCO;SUPE;PERNAMBUCO
10347888000197;INGAZEIRA;PE;PERNAMBUCO;SUPE;PERNAMBUCO
11294386000108;IPOJUCA;PE;PERNAMBUCO;SUPE;PERNAMBUCO
11040896000159;IPUBI;PE;PERNAMBUCO;SUPE;PERNAMBUCO
10114502000105;ITACURUBA;PE;PERNAMBUCO;SUPE;PERNAMBUCO
11286382000188;ITAIBA;PE;PERNAMBUCO;SUPE;PERNAMBUCO
10150050000109;ITAMBE;PE;PERNAMBUCO;SUPE;PERNAMBUCO
11358157000100;ITAPETIM;PE;PERNAMBUCO;SUPE;PERNAMBUCO
08637399000128;ITAPISSUMA;PE;PERNAMBUCO;SUPE;PERNAMBUCO
10150076000157;ITAQUITINGA;PE;PERNAMBUCO;SUPE;PERNAMBUCO
10377679000196;JABOATAO DOS GUARARAPES;PE;PERNAMBUCO;SUPE;PERNAMBUCO
01613989000171;JAQUEIRA;PE;PERNAMBUCO;SUPE;PERNAMBUCO
10091544000160;JATAUBA;PE;PERNAMBUCO;SUPE;PERNAMBUCO
01614878000180;JATOBA;PE;PERNAMBUCO;SUPE;PERNAMBUCO
11097359000145;JOAO ALFREDO;PE;PERNAMBUCO;SUPE;PERNAMBUCO
10192441000196;JOAQUIM NABUCO;PE;PERNAMBUCO;SUPE;PERNAMBUCO
35450790000191;JUCATI;PE;PERNAMBUCO;SUPE;PERNAMBUCO
10140978000102;JUPI;PE;PERNAMBUCO;SUPE;PERNAMBUCO
10141489000175;JUREMA;PE;PERNAMBUCO;SUPE;PERNAMBUCO
40893778000191;LAGOA DO CARRO;PE;PERNAMBUCO;SUPE;PERNAMBUCO
;LAGOA DO ITAENGA;PE;PERNAMBUCO;SUPE;PERNAMBUCO
11286267000103;LAGOA DO OURO;PE;PERNAMBUCO;SUPE;PERNAMBUCO
10192854000170;LAGOA DOS GATOS;PE;PERNAMBUCO;SUPE;PERNAMBUCO
01613731000175;LAGOA GRANDE;PE;PERNAMBUCO;SUPE;PERNAMBUCO
10143246000176;LAJEDO;PE;PERNAMBUCO;SUPE;PERNAMBUCO
11097292000149;LIMOEIRO;PE;PERNAMBUCO;SUPE;PERNAMBUCO
11361888000104;MACAPARANA;PE;PERNAMBUCO;SUPE;PERNAMBUCO
11097375000138;MACHADOS;PE;PERNAMBUCO;SUPE;PERNAMBUCO
01626099000102;MANARI;PE;PERNAMBUCO;SUPE;PERNAMBUCO
10193332000193;MARAIAL;PE;PERNAMBUCO;SUPE;PERNAMBUCO
11043312000107;MIRANDIBA;PE;PERNAMBUCO;SUPE;PERNAMBUCO
11361227000189;MOREILANDIA;PE;PERNAMBUCO;SUPE;PERNAMBUCO
11049822000183;MORENO;PE;PERNAMBUCO;SUPE;PERNAMBUCO
10166817000198;NAZARE DA MATA;PE;PERNAMBUCO;SUPE;PERNAMBUCO
10404184000109;OLINDA;PE;PERNAMBUCO;SUPE;PERNAMBUCO
10294254000113;OROBO;PE;PERNAMBUCO;SUPE;PERNAMBUCO
10114767000103;OROCO;PE;PERNAMBUCO;SUPE;PERNAMBUCO
11040904000167;OURICURI;PE;PERNAMBUCO;SUPE;PERNAMBUCO
10212447000188;PALMARES;PE;PERNAMBUCO;SUPE;PERNAMBUCO
10144038000191;PALMEIRINA;PE;PERNAMBUCO;SUPE;PERNAMBUCO
10215176000114;PANELAS;PE;PERNAMBUCO;SUPE;PERNAMBUCO
10144426000172;PARANATAMA;PE;PERNAMBUCO;SUPE;PERNAMBUCO
11361235000125;PARNAMIRIM;PE;PERNAMBUCO;SUPE;PERNAMBUCO
11097300000157;PASSIRA;PE;PERNAMBUCO;SUPE;PERNAMBUCO
11097383000184;PAUDALHO;PE;PERNAMBUCO;SUPE;PERNAMBUCO
10408839000117;PAULISTA;PE;PERNAMBUCO;SUPE;PERNAMBUCO
10106227000170;PEDRA;PE;PERNAMBUCO;SUPE;PERNAMBUCO
10264406000135;PESQUEIRA;PE;PERNAMBUCO;SUPE;PERNAMBUCO
10106235000116;PETROLANDIA;PE;PERNAMBUCO;SUPE;PERNAMBUCO
10358190000177;PETROLINA;PE;PERNAMBUCO;SUPE;PERNAMBUCO
10265429000164;POCAO;PE;PERNAMBUCO;SUPE;PERNAMBUCO
11049848000121;POMBOS;PE;PERNAMBUCO;SUPE;PERNAMBUCO
11294378000161;PRIMAVERA;PE;PERNAMBUCO;SUPE;PERNAMBUCO
10145225000190;QUIPAPA;PE;PERNAMBUCO;SUPE;PERNAMBUCO
35445527000104;QUIXABA;PE;PERNAMBUCO;SUPE;PERNAMBUCO
10565000000192;RECIFE;PE;PERNAMBUCO;SUPE;PERNAMBUCO
10091551000161;RIACHO DAS ALMAS;PE;PERNAMBUCO;SUPE;PERNAMBUCO
11343910000193;RIBEIRAO;PE;PERNAMBUCO;SUPE;PERNAMBUCO
10291177000148;RIO FORMOSO;PE;PERNAMBUCO;SUPE;PERNAMBUCO
10122307000119;SAIRE;PE;PERNAMBUCO;SUPE;PERNAMBUCO
11097367000191;SALGADINHO;PE;PERNAMBUCO;SUPE;PERNAMBUCO
11361243000171;SALGUEIRO;PE;PERNAMBUCO;SUPE;PERNAMBUCO
11455714000100;SALOA;PE;PERNAMBUCO;SUPE;PERNAMBUCO
11044906000124;SANHARO;PE;PERNAMBUCO;SUPE;PERNAMBUCO
24301475000186;SANTA CRUZ;PE;PERNAMBUCO;SUPE;PERNAMBUCO
35445485000101;SANTA CRUZ DA BAIXA VERDE;PE;PERNAMBUCO;SUPE;PERNAMBUCO
10091569000163;SANTA CRUZ DO CAPIBARIBE;PE;PERNAMBUCO;SUPE;PERNAMBUCO
01613732000110;SANTA FILOMENA;PE;PERNAMBUCO;SUPE;PERNAMBUCO
10358182000120;SANTA MARIA DA BOA VISTA;PE;PERNAMBUCO;SUPE;PERNAMBUCO
11361730000134;SANTA MARIA DO CAMBUCA;PE;PERNAMBUCO;SUPE;PERNAMBUCO
11358140000152;SANTA TEREZINHA;PE;PERNAMBUCO;SUPE;PERNAMBUCO
10145803000198;SAO BENEDITO DO SUL;PE;PERNAMBUCO;SUPE;PERNAMBUCO
10091577000100;SAO BENTO DO UNA;PE;PERNAMBUCO;SUPE;PERNAMBUCO
10091585000156;SAO CAITANO;PE;PERNAMBUCO;SUPE;PERNAMBUCO
10146371000130;SAO JOAO;PE;PERNAMBUCO;SUPE;PERNAMBUCO
10122661000143;SAO JOAQUIM DO MONTE;PE;PERNAMBUCO;SUPE;PERNAMBUCO
10111631000131;SAO JOSE DA COROA GRANDE;PE;PERNAMBUCO;SUPE;PERNAMBUCO
10280055000156;SAO JOSE DO BELMONTE;PE;PERNAMBUCO;SUPE;PERNAMBUCO
11354180000126;SAO JOSE DO EGITO;PE;PERNAMBUCO;SUPE;PERNAMBUCO
11251832000105;SAO LOURENCO DA MATA;PE;PERNAMBUCO;SUPE;PERNAMBUCO
11361896000150;SAO VICENTE FERRER;PE;PERNAMBUCO;SUPE;PERNAMBUCO
10282945000105;SERRA TALHADA;PE;PERNAMBUCO;SUPE;PERNAMBUCO
11361250000173;SERRITA;PE;PERNAMBUCO;SUPE;PERNAMBUCO
11358116000113;SERTANIA;PE;PERNAMBUCO;SUPE;PERNAMBUCO
10292209000120;SIRINHAEM;PE;PERNAMBUCO;SUPE;PERNAMBUCO
10348050000118;SOLIDAO;PE;PERNAMBUCO;SUPE;PERNAMBUCO
11361862000166;SURUBIM;PE;PERNAMBUCO;SUPE;PERNAMBUCO
10349041000141;TABIRA;PE;PERNAMBUCO;SUPE;PERNAMBUCO
10091601000100;TACAIMBO;PE;PERNAMBUCO;SUPE;PERNAMBUCO
10106243000162;TACARATU;PE;PERNAMBUCO;SUPE;PERNAMBUCO
01596018000160;TAMANDARE;PE;PERNAMBUCO;SUPE;PERNAMBUCO
10091593000100;TAQUARITINGA DO NORTE;PE;PERNAMBUCO;SUPE;PERNAMBUCO
11286366000195;TEREZINHA;PE;PERNAMBUCO;SUPE;PERNAMBUCO
11361201000130;TERRA NOVA;PE;PERNAMBUCO;SUPE;PERNAMBUCO
11361904000169;TIMBAUBA;PE;PERNAMBUCO;SUPE;PERNAMBUCO
11256054000139;TORITAMA;PE;PERNAMBUCO;SUPE;PERNAMBUCO
10167310000159;TRACUNHAEM;PE;PERNAMBUCO;SUPE;PERNAMBUCO
11040912000103;TRINDADE;PE;PERNAMBUCO;SUPE;PERNAMBUCO
11350659000194;TRIUNFO;PE;PERNAMBUCO;SUPE;PERNAMBUCO
10106250000164;TUPANATINGA;PE;PERNAMBUCO;SUPE;PERNAMBUCO
11358124000160;TUPARETAMA;PE;PERNAMBUCO;SUPE;PERNAMBUCO
10106268000166;VENTUROSA;PE;PERNAMBUCO;SUPE;PERNAMBUCO
11348570000193;VERDEJANTE;PE;PERNAMBUCO;SUPE;PERNAMBUCO
40893646000160;VERTENTE DO LERIO;PE;PERNAMBUCO;SUPE;PERNAMBUCO
10296887000160;VERTENTES;PE;PERNAMBUCO;SUPE;PERNAMBUCO
10168235000140;VICENCIA;PE;PERNAMBUCO;SUPE;PERNAMBUCO
11049855000123;VITORIA DE SANTO ANTAO;PE;PERNAMBUCO;SUPE;PERNAMBUCO
12888517000148;XEXEU;PE;PERNAMBUCO;SUPE;PERNAMBUCO
01612559000135;ACAUA;PI;PERNAMBUCO;SUPE;PERNAMBUCO
06554976000192;AGRICOLANDIA;PI;PERNAMBUCO;SUPE;PERNAMBUCO
06554760000127;AGUA BRANCA;PI;PERNAMBUCO;SUPE;PERNAMBUCO
07450778000141;ALAGOINHA DO PIAUI;PI;PERNAMBUCO;SUPE;PERNAMBUCO
41522152000131;ALEGRETE DO PIAUI;PI;PERNAMBUCO;SUPE;PERNAMBUCO
06554323000103;ALTO LONGA;PI;PERNAMBUCO;SUPE;PERNAMBUCO
06554794000111;ALTOS;PI;PERNAMBUCO;SUPE;PERNAMBUCO
01612562000159;ALVORADA DO GURGUEIA;PI;PERNAMBUCO;SUPE;PERNAMBUCO
06554802000120;AMARANTE;PI;PERNAMBUCO;SUPE;PERNAMBUCO
06554752000180;ANGICAL DO PIAUI;PI;PERNAMBUCO;SUPE;PERNAMBUCO
06553630000170;ANISIO DE ABREU;PI;PERNAMBUCO;SUPE;PERNAMBUCO
06554018000111;ANTONIO ALMEIDA;PI;PERNAMBUCO;SUPE;PERNAMBUCO
06554984000139;AROAZES;PI;PERNAMBUCO;SUPE;PERNAMBUCO
07165549000185;AROEIRAS DO ITAIM;PI;PERNAMBUCO;SUPE;PERNAMBUCO
06554026000168;ARRAIAL;PI;PERNAMBUCO;SUPE;PERNAMBUCO
01612561000104;ASSUNCAO DO PIAUI;PI;PERNAMBUCO;SUPE;PERNAMBUCO
06554281000100;AVELINO LOPES;PI;PERNAMBUCO;SUPE;PERNAMBUCO
41522178000180;BAIXA GRANDE DO RIBEIRO;PI;PERNAMBUCO;SUPE;PERNAMBUCO
01612565000192;BARRA D'ALCANTARA;PI;PERNAMBUCO;SUPE;PERNAMBUCO
06554406000100;BARRAS;PI;PERNAMBUCO;SUPE;PERNAMBUCO
06554224000121;BARREIRAS DO PIAUI;PI;PERNAMBUCO;SUPE;PERNAMBUCO
06554745000189;BARRO DURO;PI;PERNAMBUCO;SUPE;PERNAMBUCO
06553903000186;BATALHA;PI;PERNAMBUCO;SUPE;PERNAMBUCO
01612558000190;BELA VISTA DO PIAUI;PI;PERNAMBUCO;SUPE;PERNAMBUCO
01612560000160;BELEM DO PIAUI;PI;PERNAMBUCO;SUPE;PERNAMBUCO
06554778000129;BENEDITINOS;PI;PERNAMBUCO;SUPE;PERNAMBUCO
06554034000104;BERTOLINIA;PI;PERNAMBUCO;SUPE;PERNAMBUCO
01612622000133;BETANIA DO PIAUI;PI;PERNAMBUCO;SUPE;PERNAMBUCO
01612568000126;BOA HORA;PI;PERNAMBUCO;SUPE;PERNAMBUCO
06553689000168;BOCAINA;PI;PERNAMBUCO;SUPE;PERNAMBUCO
06554356000153;BOM JESUS;PI;PERNAMBUCO;SUPE;PERNAMBUCO
41522194000172;BOM PRINCIPIO DO PIAUI;PI;PERNAMBUCO;SUPE;PERNAMBUCO
41522210000127;BONFIM DO PIAUI;PI;PERNAMBUCO;SUPE;PERNAMBUCO
01612566000137;BOQUEIRAO DO PIAUI;PI;PERNAMBUCO;SUPE;PERNAMBUCO
41522236000175;BRASILEIRA;PI;PERNAMBUCO;SUPE;PERNAMBUCO
01612567000181;BREJO DO PIAUI;PI;PERNAMBUCO;SUPE;PERNAMBUCO
06554455000135;BURITI DOS LOPES;PI;PERNAMBUCO;SUPE;PERNAMBUCO
41522251000113;BURITI DOS MONTES;PI;PERNAMBUCO;SUPE;PERNAMBUCO
41522277000161;CABECEIRAS DO PIAUI;PI;PERNAMBUCO;SUPE;PERNAMBUCO
01612573000139;CAJAZEIRAS DO PIAUI;PI;PERNAMBUCO;SUPE;PERNAMBUCO
01612620000144;CAJUEIRO DA PRAIA;PI;PERNAMBUCO;SUPE;PERNAMBUCO
41522293000154;CALDEIRAO GRANDE DO PIAUI;PI;PERNAMBUCO;SUPE;PERNAMBUCO
06553978000167;CAMPINAS DO PIAUI;PI;PERNAMBUCO;SUPE;PERNAMBUCO
01612564000148;CAMPO ALEGRE DO FIDALGO;PI;PERNAMBUCO;SUPE;PERNAMBUCO
01612570000103;CAMPO GRANDE DO PIAUI;PI;PERNAMBUCO;SUPE;PERNAMBUCO
01612754000165;CAMPO LARGO DO PIAUI;PI;PERNAMBUCO;SUPE;PERNAMBUCO
06716880000183;CAMPO MAIOR;PI;PERNAMBUCO;SUPE;PERNAMBUCO
41522319000164;CANAVIEIRA;PI;PERNAMBUCO;SUPE;PERNAMBUCO
06554042000150;CANTO DO BURITI;PI;PERNAMBUCO;SUPE;PERNAMBUCO
06553879000185;CAPITAO DE CAMPOS;PI;PERNAMBUCO;SUPE;PERNAMBUCO
01612569000170;CAPITAO GERVASIO OLIVEIRA;PI;PERNAMBUCO;SUPE;PERNAMBUCO
06553622000123;CARACOL;PI;PERNAMBUCO;SUPE;PERNAMBUCO
01612617000120;CARAUBAS DO PIAUI;PI;PERNAMBUCO;SUPE;PERNAMBUCO
01612575000128;CARIDADE DO PIAUI;PI;PERNAMBUCO;SUPE;PERNAMBUCO
06554315000167;CASTELO DO PIAUI;PI;PERNAMBUCO;SUPE;PERNAMBUCO
01612618000175;CAXINGO;PI;PERNAMBUCO;SUPE;PERNAMBUCO
06553895000178;COCAL;PI;PERNAMBUCO;SUPE;PERNAMBUCO
01612574000183;COCAL DE TELHA;PI;PERNAMBUCO;SUPE;PERNAMBUCO
01612572000194;COCAL DOS ALVES;PI;PERNAMBUCO;SUPE;PERNAMBUCO
41522335000157;COIVARAS;PI;PERNAMBUCO;SUPE;PERNAMBUCO
41522350000103;COLONIA DO GURGUEIA;PI;PERNAMBUCO;SUPE;PERNAMBUCO
41522376000143;COLONIA DO PIAUI;PI;PERNAMBUCO;SUPE;PERNAMBUCO
06553697000104;CONCEICAO DO CANINDE;PI;PERNAMBUCO;SUPE;PERNAMBUCO
41522160000188;CORONEL JOSE DIAS;PI;PERNAMBUCO;SUPE;PERNAMBUCO
06554257000171;CORRENTE;PI;PERNAMBUCO;SUPE;PERNAMBUCO
06554299000102;CRISTALANDIA DO PIAUI;PI;PERNAMBUCO;SUPE;PERNAMBUCO
06554364000108;CRISTINO CASTRO;PI;PERNAMBUCO;SUPE;PERNAMBUCO
06554273000164;CURIMATA;PI;PERNAMBUCO;SUPE;PERNAMBUCO
01612752000176;CURRAIS;PI;PERNAMBUCO;SUPE;PERNAMBUCO
01612556000100;CURRAL NOVO DO PIAUI;PI;PERNAMBUCO;SUPE;PERNAMBUCO
01612579000106;CURRALINHOS;PI;PERNAMBUCO;SUPE;PERNAMBUCO
06554885000157;DEMERVAL LOBAO;PI;PERNAMBUCO;SUPE;PERNAMBUCO
07102106000145;DIRCEU ARCOVERDE;PI;PERNAMBUCO;SUPE;PERNAMBUCO
06553705000112;DOM EXPEDITO LOPES;PI;PERNAMBUCO;SUPE;PERNAMBUCO
23500002000145;DOM INOCENCIO;PI;PERNAMBUCO;SUPE;PERNAMBUCO
06553911000122;DOMINGOS MOURAO;PI;PERNAMBUCO;SUPE;PERNAMBUCO
06554844000160;ELESBAO VELOSO;PI;PERNAMBUCO;SUPE;PERNAMBUCO
06554059000108;ELISEU MARTINS;PI;PERNAMBUCO;SUPE;PERNAMBUCO
06554174000182;ESPERANTINA;PI;PERNAMBUCO;SUPE;PERNAMBUCO
41522384000190;FARTURA DO PIAUI;PI;PERNAMBUCO;SUPE;PERNAMBUCO
06554158000190;FLORES DO PIAUI;PI;PERNAMBUCO;SUPE;PERNAMBUCO
01612578000161;FLORESTA DO PIAUI;PI;PERNAMBUCO;SUPE;PERNAMBUCO
06554067000154;FLORIANO;PI;PERNAMBUCO;SUPE;PERNAMBUCO
06554919000103;FRANCINOPOLIS;PI;PERNAMBUCO;SUPE;PERNAMBUCO
06554075000109;FRANCISCO AYRES;PI;PERNAMBUCO;SUPE;PERNAMBUCO
01612577000117;FRANCISCO MACEDO;PI;PERNAMBUCO;SUPE;PERNAMBUCO
06553713000169;FRANCISCO SANTOS;PI;PERNAMBUCO;SUPE;PERNAMBUCO
06553721000105;FRONTEIRAS;PI;PERNAMBUCO;SUPE;PERNAMBUCO
01499149000120;GEMINIANO;PI;PERNAMBUCO;SUPE;PERNAMBUCO
06554216000185;GILBUES;PI;PERNAMBUCO;SUPE;PERNAMBUCO
06554083000147;GUADALUPE;PI;PERNAMBUCO;SUPE;PERNAMBUCO
01612576000172;GUARIBAS;PI;PERNAMBUCO;SUPE;PERNAMBUCO
06554927000150;HUGO NAPOLEAO;PI;PERNAMBUCO;SUPE;PERNAMBUCO
01612581000185;ILHA GRANDE;PI;PERNAMBUCO;SUPE;PERNAMBUCO
06553739000107;INHUMA;PI;PERNAMBUCO;SUPE;PERNAMBUCO
06553747000153;IPIRANGA DO PIAUI;PI;PERNAMBUCO;SUPE;PERNAMBUCO
06553986000103;ISAIAS COELHO;PI;PERNAMBUCO;SUPE;PERNAMBUCO
06553754000155;ITAINOPOLIS;PI;PERNAMBUCO;SUPE;PERNAMBUCO
06554091000193;ITAUEIRA;PI;PERNAMBUCO;SUPE;PERNAMBUCO
41522368000105;JACOBINA DO PIAUI;PI;PERNAMBUCO;SUPE;PERNAMBUCO
06553762000100;JAICOS;PI;PERNAMBUCO;SUPE;PERNAMBUCO
41522343000101;JARDIM DO MULATO;PI;PERNAMBUCO;SUPE;PERNAMBUCO
01612557000146;JATOBA DO PIAUI;PI;PERNAMBUCO;SUPE;PERNAMBUCO
06554109000157;JERUMENHA;PI;PERNAMBUCO;SUPE;PERNAMBUCO
01612580000130;JOAO COSTA;PI;PERNAMBUCO;SUPE;PERNAMBUCO
06554208000139;JOAQUIM PIRES;PI;PERNAMBUCO;SUPE;PERNAMBUCO
01612677000143;JOCA MARQUES;PI;PERNAMBUCO;SUPE;PERNAMBUCO
06554786000175;JOSE DE FREITAS;PI;PERNAMBUCO;SUPE;PERNAMBUCO
01612582000120;JUAZEIRO DO PIAUI;PI;PERNAMBUCO;SUPE;PERNAMBUCO
01612619000110;JULIO BORGES;PI;PERNAMBUCO;SUPE;PERNAMBUCO
01612585000163;JUREMA;PI;PERNAMBUCO;SUPE;PERNAMBUCO
41522327000100;LAGOA ALEGRE;PI;PERNAMBUCO;SUPE;PERNAMBUCO
01612584000119;LAGOA DE SAO FRANCISCO;PI;PERNAMBUCO;SUPE;PERNAMBUCO
41522301000162;LAGOA DO BARRO DO PIAUI;PI;PERNAMBUCO;SUPE;PERNAMBUCO
01612583000174;LAGOA DO PIAUI;PI;PERNAMBUCO;SUPE;PERNAMBUCO
01612588000105;LAGOA DO SITIO;PI;PERNAMBUCO;SUPE;PERNAMBUCO
01612587000152;LAGOINHA DO PIAUI;PI;PERNAMBUCO;SUPE;PERNAMBUCO
06554117000101;LANDRI SALES;PI;PERNAMBUCO;SUPE;PERNAMBUCO
06554448000133;LUIS CORREIA;PI;PERNAMBUCO;SUPE;PERNAMBUCO
06554190000175;LUZILANDIA;PI;PERNAMBUCO;SUPE;PERNAMBUCO
01612586000108;MADEIRO;PI;PERNAMBUCO;SUPE;PERNAMBUCO
06554125000140;MANOEL EMIDIO;PI;PERNAMBUCO;SUPE;PERNAMBUCO
41522269000115;MARCOLANDIA;PI;PERNAMBUCO;SUPE;PERNAMBUCO
06554133000196;MARCOS PARENTE;PI;PERNAMBUCO;SUPE;PERNAMBUCO
01612591000110;MASSAPE DO PIAUI;PI;PERNAMBUCO;SUPE;PERNAMBUCO
06554182000129;MATIAS OLIMPIO;PI;PERNAMBUCO;SUPE;PERNAMBUCO
06553614000187;MIGUEL ALVES;PI;PERNAMBUCO;SUPE;PERNAMBUCO
06554935000104;MIGUEL LEAO;PI;PERNAMBUCO;SUPE;PERNAMBUCO
01612590000176;MILTON BRANDAO;PI;PERNAMBUCO;SUPE;PERNAMBUCO
06554877000100;MONSENHOR GIL;PI;PERNAMBUCO;SUPE;PERNAMBUCO
06553770000148;MONSENHOR HIPOLITO;PI;PERNAMBUCO;SUPE;PERNAMBUCO
06554232000178;MONTE ALEGRE DO PIAUI;PI;PERNAMBUCO;SUPE;PERNAMBUCO
01612594000154;MORRO CABECA NO TEMPO;PI;PERNAMBUCO;SUPE;PERNAMBUCO
01612593000100;MORRO DO CHAPEU DO PIAUI;PI;PERNAMBUCO;SUPE;PERNAMBUCO
01612596000143;MURICI DOS PORTELAS;PI;PERNAMBUCO;SUPE;PERNAMBUCO
06554141000132;NAZARE DO PIAUI;PI;PERNAMBUCO;SUPE;PERNAMBUCO
10560403000149;NAZARIA;PI;PERNAMBUCO;SUPE;PERNAMBUCO
01612592000165;NOSSA SENHORA DE NAZARE;PI;PERNAMBUCO;SUPE;PERNAMBUCO
06554422000195;NOSSA SENHORA DOS REMEDIOS;PI;PERNAMBUCO;SUPE;PERNAMBUCO
01612599000187;NOVA SANTA RITA;PI;PERNAMBUCO;SUPE;PERNAMBUCO
06554836000114;NOVO ORIENTE DO PIAUI;PI;PERNAMBUCO;SUPE;PERNAMBUCO
01612598000132;NOVO SANTO ANTONIO;PI;PERNAMBUCO;SUPE;PERNAMBUCO
06553937000170;OEIRAS;PI;PERNAMBUCO;SUPE;PERNAMBUCO
01612595000107;OLHO D'AGUA DO PIAUI;PI;PERNAMBUCO;SUPE;PERNAMBUCO
06553788000140;PADRE MARCOS;PI;PERNAMBUCO;SUPE;PERNAMBUCO
06553663000110;PAES LANDIM;PI;PERNAMBUCO;SUPE;PERNAMBUCO
01612602000162;PAJEU DO PIAUI;PI;PERNAMBUCO;SUPE;PERNAMBUCO
06554372000146;PALMEIRA DO PIAUI;PI;PERNAMBUCO;SUPE;PERNAMBUCO
06554851000162;PALMEIRAIS;PI;PERNAMBUCO;SUPE;PERNAMBUCO
01612601000118;PAQUETA;PI;PERNAMBUCO;SUPE;PERNAMBUCO
06554265000118;PARNAGUA;PI;PERNAMBUCO;SUPE;PERNAMBUCO
06554430000131;PARNAIBA;PI;PERNAMBUCO;SUPE;PERNAMBUCO
41522186000126;PASSAGEM FRANCA DO PIAUI;PI;PERNAMBUCO;SUPE;PERNAMBUCO
41522285000108;PATOS DO PIAUI;PI;PERNAMBUCO;SUPE;PERNAMBUCO
04218211000156;PAU D'ARCO DO PIAUI;PI;PERNAMBUCO;SUPE;PERNAMBUCO
06553796000196;PAULISTANA;PI;PERNAMBUCO;SUPE;PERNAMBUCO
01612679000132;PAVUSSU;PI;PERNAMBUCO;SUPE;PERNAMBUCO
06553929000124;PEDRO II;PI;PERNAMBUCO;SUPE;PERNAMBUCO
01612600000173;PEDRO LAURENTINO;PI;PERNAMBUCO;SUPE;PERNAMBUCO
06553804000102;PICOS;PI;PERNAMBUCO;SUPE;PERNAMBUCO
06554893000101;PIMENTEIRAS;PI;PERNAMBUCO;SUPE;PERNAMBUCO
06553812000140;PIO IX;PI;PERNAMBUCO;SUPE;PERNAMBUCO
06553887000121;PIRACURUCA;PI;PERNAMBUCO;SUPE;PERNAMBUCO
06553861000183;PIRIPIRI;PI;PERNAMBUCO;SUPE;PERNAMBUCO
06554414000149;PORTO;PI;PERNAMBUCO;SUPE;PERNAMBUCO
01613513000130;PORTO ALEGRE DO PIAUI;PI;PERNAMBUCO;SUPE;PERNAMBUCO
06636807000100;PRATA DO PIAUI;PI;PERNAMBUCO;SUPE;PERNAMBUCO
41522202000180;QUEIMADA NOVA;PI;PERNAMBUCO;SUPE;PERNAMBUCO
06554380000192;REDENCAO DO GURGUEIA;PI;PERNAMBUCO;SUPE;PERNAMBUCO
06554943000142;REGENERACAO;PI;PERNAMBUCO;SUPE;PERNAMBUCO
01612606000140;RIACHO FRIO;PI;PERNAMBUCO;SUPE;PERNAMBUCO
01612604000151;RIBEIRA DO PIAUI;PI;PERNAMBUCO;SUPE;PERNAMBUCO
06728240000193;RIBEIRO GONCALVES;PI;PERNAMBUCO;SUPE;PERNAMBUCO
06554166000136;RIO GRANDE DO PIAUI;PI;PERNAMBUCO;SUPE;PERNAMBUCO
06553960000165;SANTA CRUZ DO PIAUI;PI;PERNAMBUCO;SUPE;PERNAMBUCO
41522228000129;SANTA CRUZ DOS MILAGRES;PI;PERNAMBUCO;SUPE;PERNAMBUCO
06554240000114;SANTA FILOMENA;PI;PERNAMBUCO;SUPE;PERNAMBUCO
06554398000194;SANTA LUZ;PI;PERNAMBUCO;SUPE;PERNAMBUCO
41522244000111;SANTA ROSA DO PIAUI;PI;PERNAMBUCO;SUPE;PERNAMBUCO
41522137000193;SANTANA DO PIAUI;PI;PERNAMBUCO;SUPE;PERNAMBUCO
06553820000197;SANTO ANTONIO DE LISBOA;PI;PERNAMBUCO;SUPE;PERNAMBUCO
01612603000107;SANTO ANTONIO DOS MILAGRES;PI;PERNAMBUCO;SUPE;PERNAMBUCO
06553945000117;SANTO INACIO DO PIAUI;PI;PERNAMBUCO;SUPE;PERNAMBUCO
41522145000130;SAO BRAZ DO PIAUI;PI;PERNAMBUCO;SUPE;PERNAMBUCO
06554968000146;SAO FELIX DO PIAUI;PI;PERNAMBUCO;SUPE;PERNAMBUCO
01612678000198;SAO FRANCISCO DE ASSIS DO PIAUI;PI;PERNAMBUCO;SUPE;PERNAMBUCO
06553994000150;SAO FRANCISCO DO PIAUI;PI;PERNAMBUCO;SUPE;PERNAMBUCO
01612607000195;SAO GONCALO DO GURGUEIA;PI;PERNAMBUCO;SUPE;PERNAMBUCO
06554828000178;SAO GONCALO DO PIAUI;PI;PERNAMBUCO;SUPE;PERNAMBUCO
12066973000102;SAO JOAO DA CANABRAVA;PI;PERNAMBUCO;SUPE;PERNAMBUCO
01612608000130;SAO JOAO DA FRONTEIRA;PI;PERNAMBUCO;SUPE;PERNAMBUCO
06554331000150;SAO JOAO DA SERRA;PI;PERNAMBUCO;SUPE;PERNAMBUCO
01612676000107;SAO JOAO DA VARJOTA;PI;PERNAMBUCO;SUPE;PERNAMBUCO
01612609000184;SAO JOAO DO ARRAIAL;PI;PERNAMBUCO;SUPE;PERNAMBUCO
06553655000173;SAO JOAO DO PIAUI;PI;PERNAMBUCO;SUPE;PERNAMBUCO
41522111000145;SAO JOSE DO DIVINO;PI;PERNAMBUCO;SUPE;PERNAMBUCO
06554000000110;SAO JOSE DO PEIXE;PI;PERNAMBUCO;SUPE;PERNAMBUCO
06553838000199;SAO JOSE DO PIAUI;PI;PERNAMBUCO;SUPE;PERNAMBUCO
06553846000135;SAO JULIAO;PI;PERNAMBUCO;SUPE;PERNAMBUCO
41522095000190;SAO LOURENCO DO PIAUI;PI;PERNAMBUCO;SUPE;PERNAMBUCO
01519467000105;SAO LUIS DO PIAUI;PI;PERNAMBUCO;SUPE;PERNAMBUCO
01612623000188;SAO MIGUEL DA BAIXA GRANDE;PI;PERNAMBUCO;SUPE;PERNAMBUCO
01612611000153;SAO MIGUEL DO FIDALGO;PI;PERNAMBUCO;SUPE;PERNAMBUCO
06716906000193;SAO MIGUEL DO TAPUIO;PI;PERNAMBUCO;SUPE;PERNAMBUCO
06554810000176;SAO PEDRO DO PIAUI;PI;PERNAMBUCO;SUPE;PERNAMBUCO
06772859000103;SAO RAIMUNDO NONATO;PI;PERNAMBUCO;SUPE;PERNAMBUCO
01612805000159;SEBASTIAO BARROS;PI;PERNAMBUCO;SUPE;PERNAMBUCO
01612610000109;SEBASTIAO LEAL;PI;PERNAMBUCO;SUPE;PERNAMBUCO
41522129000147;SIGEFREDO PACHECO;PI;PERNAMBUCO;SUPE;PERNAMBUCO
06553853000137;SIMOES;PI;PERNAMBUCO;SUPE;PERNAMBUCO
06553952000119;SIMPLICIO MENDES;PI;PERNAMBUCO;SUPE;PERNAMBUCO
06553671000166;SOCORRO DO PIAUI;PI;PERNAMBUCO;SUPE;PERNAMBUCO
01612755000100;SUSSUAPARA;PI;PERNAMBUCO;SUPE;PERNAMBUCO
01616855000104;TAMBORIL DO PIAUI;PI;PERNAMBUCO;SUPE;PERNAMBUCO
01612616000186;TANQUE DO PIAUI;PI;PERNAMBUCO;SUPE;PERNAMBUCO
06554869000164;TERESINA;PI;PERNAMBUCO;SUPE;PERNAMBUCO
06553606000130;UNIAO;PI;PERNAMBUCO;SUPE;PERNAMBUCO
06985832000190;URUCUI;PI;PERNAMBUCO;SUPE;PERNAMBUCO
06554737000132;VALENCA DO PIAUI;PI;PERNAMBUCO;SUPE;PERNAMBUCO
41522103000107;VARZEA BRANCA;PI;PERNAMBUCO;SUPE;PERNAMBUCO
06554950000144;VARZEA GRANDE;PI;PERNAMBUCO;SUPE;PERNAMBUCO
01612615000131;VERA MENDES;PI;PERNAMBUCO;SUPE;PERNAMBUCO
01612614000197;VILA NOVA DO PIAUI;PI;PERNAMBUCO;SUPE;PERNAMBUCO
01612612000106;WALL FERRAZ;PI;PERNAMBUCO;SUPE;PERNAMBUCO
75743567000157;ABATIA;PR;PARANÁ;SUPR;PARAN�
76105642000117;ADRIANOPOLIS;PR;PARANÁ;SUPR;PARAN�
76105667000110;AGUDOS DO SUL;PR;PARANÁ;SUPR;PARAN�
76105659000174;ALMIRANTE TAMANDARE;PR;PARANÁ;SUPR;PARAN�
78069143000147;ALTAMIRA DO PARANA;PR;PARANÁ;SUPR;PARAN�
95640736000130;ALTO PARAISO;PR;PARANÁ;SUPR;PARAN�
76279967000116;ALTO PARANA;PR;PARANÁ;SUPR;PARAN�
76247352000108;ALTO PIQUIRI;PR;PARANÁ;SUPR;PARAN�
81478059000191;ALTONIA;PR;PARANÁ;SUPR;PARAN�
75132860000188;ALVORADA DO SUL;PR;PARANÁ;SUPR;PARAN�
75475038000110;AMAPORA;PR;PARANÁ;SUPR;PARAN�
77817054000179;AMPERE;PR;PARANÁ;SUPR;PARAN�
95594800000194;ANAHY;PR;PARANÁ;SUPR;PARAN�
76235761000194;ANDIRA;PR;PARANÁ;SUPR;PARAN�
95642286000115;ANGULO;PR;PARANÁ;SUPR;PARAN�
76022516000107;ANTONINA;PR;PARANÁ;SUPR;PARAN�
76020460000143;ANTONIO OLINTO;PR;PARANÁ;SUPR;PARAN�
75771253000168;APUCARANA;PR;PARANÁ;SUPR;PARAN�
76958966000106;ARAPONGAS;PR;PARANÁ;SUPR;PARAN�
75658377000131;ARAPOTI;PR;PARANÁ;SUPR;PARAN�
01612388000144;ARAPUA;PR;PARANÁ;SUPR;PARAN�
75359760000199;ARARUNA;PR;PARANÁ;SUPR;PARAN�
76105535000199;ARAUCARIA;PR;PARANÁ;SUPR;PARAN�
01612453000131;ARIRANHA DO IVAI;PR;PARANÁ;SUPR;PARAN�
76290709000130;ASSAI;PR;PARANÁ;SUPR;PARAN�
76208479000118;ASSIS CHATEAUBRIAND;PR;PARANÁ;SUPR;PARAN�
75743377000130;ASTORGA;PR;PARANÁ;SUPR;PARAN�
75731018000162;ATALAIA;PR;PARANÁ;SUPR;PARAN�
76105527000142;BALSA NOVA;PR;PARANÁ;SUPR;PARAN�
76235753000148;BANDEIRANTES;PR;PARANÁ;SUPR;PARAN�
76950062000126;BARBOSA FERRAZ;PR;PARANÁ;SUPR;PARAN�
76407568000193;BARRA DO JACARE;PR;PARANÁ;SUPR;PARAN�
75666131000101;BARRACAO;PR;PARANÁ;SUPR;PARAN�
01612441000107;BELA VISTA DA CAROBA;PR;PARANÁ;SUPR;PARAN�
76245067000158;BELA VISTA DO PARAISO;PR;PARANÁ;SUPR;PARAN�
81648859000103;BITURUNA;PR;PARANÁ;SUPR;PARAN�
76217017000167;BOA ESPERANCA;PR;PARANÁ;SUPR;PARAN�
95589255000148;BOA ESPERANCA DO IGUACU;PR;PARANÁ;SUPR;PARAN�
01612906000120;BOA VENTURA DE SAO ROQUE;PR;PARANÁ;SUPR;PARAN�
78121985000109;BOA VISTA DA APARECIDA;PR;PARANÁ;SUPR;PARAN�
76105592000178;BOCAIUVA DO SUL;PR;PARANÁ;SUPR;PARAN�
01612443000104;BOM JESUS DO SUL;PR;PARANÁ;SUPR;PARAN�
75771261000104;BOM SUCESSO;PR;PARANÁ;SUPR;PARAN�
80874100000186;BOM SUCESSO DO SUL;PR;PARANÁ;SUPR;PARAN�
75740829000120;BORRAZOPOLIS;PR;PARANÁ;SUPR;PARAN�
11239146000100;BRAGANEY;PR;PARANÁ;SUPR;PARAN�
95640520000175;BRASILANDIA DO SUL;PR;PARANÁ;SUPR;PARAN�
75845545000106;CAFEARA;PR;PARANÁ;SUPR;PARAN�
78121878000172;CAFELANDIA;PR;PARANÁ;SUPR;PARAN�
95640652000105;CAFEZAL DO SUL;PR;PARANÁ;SUPR;PARAN�
75771279000106;CALIFORNIA;PR;PARANÁ;SUPR;PARAN�
75442756000190;CAMBARA;PR;PARANÁ;SUPR;PARAN�
75732057000184;CAMBE;PR;PARANÁ;SUPR;PARAN�
75771287000152;CAMBIRA;PR;PARANÁ;SUPR;PARAN�
76950070000172;CAMPINA DA LAGOA;PR;PARANÁ;SUPR;PARAN�
01611489000109;CAMPINA DO SIMAO;PR;PARANÁ;SUPR;PARAN�
76105600000186;CAMPINA GRANDE DO SUL;PR;PARANÁ;SUPR;PARAN�
80869621000145;CAMPO BONITO;PR;PARANÁ;SUPR;PARAN�
76002658000102;CAMPO DO TENENTE;PR;PARANÁ;SUPR;PARAN�
76105618000188;CAMPO LARGO;PR;PARANÁ;SUPR;PARAN�
01607539000176;CAMPO MAGRO;PR;PARANÁ;SUPR;PARAN�
75904524000106;CAMPO MOURAO;PR;PARANÁ;SUPR;PARAN�
76175926000180;CANDIDO DE ABREU;PR;PARANÁ;SUPR;PARAN�
95684478000194;CANDOI;PR;PARANÁ;SUPR;PARAN�
78279981000145;CANTAGALO;PR;PARANÁ;SUPR;PARAN�
75972760000160;CAPANEMA;PR;PARANÁ;SUPR;PARAN�
76208834000159;CAPITAO LEONIDAS MARQUES;PR;PARANÁ;SUPR;PARAN�
01613765000160;CARAMBEI;PR;PARANÁ;SUPR;PARAN�
76965789000187;CARLOPOLIS;PR;PARANÁ;SUPR;PARAN�
76208867000107;CASCAVEL;PR;PARANÁ;SUPR;PARAN�
77001311000108;CASTRO;PR;PARANÁ;SUPR;PARAN�
76208842000103;CATANDUVAS;PR;PARANÁ;SUPR;PARAN�
75845503000167;CENTENARIO DO SUL;PR;PARANÁ;SUPR;PARAN�
76105626000124;CERRO AZUL;PR;PARANÁ;SUPR;PARAN�
76206473000101;CEU AZUL;PR;PARANÁ;SUPR;PARAN�
76995414000160;CHOPINZINHO;PR;PARANÁ;SUPR;PARAN�
76309806000128;CIANORTE;PR;PARANÁ;SUPR;PARAN�
75377200000167;CIDADE GAUCHA;PR;PARANÁ;SUPR;PARAN�
76161199000100;CLEVELANDIA;PR;PARANÁ;SUPR;PARAN�
76105634000170;COLOMBO;PR;PARANÁ;SUPR;PARAN�
76970326000103;COLORADO;PR;PARANÁ;SUPR;PARAN�
75825828000188;CONGONHINHAS;PR;PARANÁ;SUPR;PARAN�
75968412000119;CONSELHEIRO MAIRINCK;PR;PARANÁ;SUPR;PARAN�
76105519000104;CONTENDA;PR;PARANÁ;SUPR;PARAN�
76208826000102;CORBELIA;PR;PARANÁ;SUPR;PARAN�
76331941000170;CORNELIO PROCOPIO;PR;PARANÁ;SUPR;PARAN�
01614415000118;CORONEL DOMINGOS SOARES;PR;PARANÁ;SUPR;PARAN�
76995455000156;CORONEL VIVIDA;PR;PARANÁ;SUPR;PARAN�
80888662000189;CORUMBATAI DO SUL;PR;PARANÁ;SUPR;PARAN�
76339688000109;CRUZ MACHADO;PR;PARANÁ;SUPR;PARAN�
95589230000144;CRUZEIRO DO IGUACU;PR;PARANÁ;SUPR;PARAN�
76381854000127;CRUZEIRO DO OESTE;PR;PARANÁ;SUPR;PARAN�
75731034000155;CRUZEIRO DO SUL;PR;PARANÁ;SUPR;PARAN�
01615393000100;CRUZMALTINA;PR;PARANÁ;SUPR;PARAN�
76417005000186;CURITIBA;PR;PARANÁ;SUPR;PARAN�
76167725000130;CURIUVA;PR;PARANÁ;SUPR;PARAN�
76972082000106;DIAMANTE DO NORTE;PR;PARANÁ;SUPR;PARAN�
95595120000195;DIAMANTE DO SUL;PR;PARANÁ;SUPR;PARAN�
77817476000144;DIAMANTE D'OESTE;PR;PARANÁ;SUPR;PARAN�
76205640000108;DOIS VIZINHOS;PR;PARANÁ;SUPR;PARAN�
78200110000194;DOURADINA;PR;PARANÁ;SUPR;PARAN�
76282714000100;DOUTOR CAMARGO;PR;PARANÁ;SUPR;PARAN�
95422911000113;DOUTOR ULYSSES;PR;PARANÁ;SUPR;PARAN�
76205657000157;ENEAS MARQUES;PR;PARANÁ;SUPR;PARAN�
76950039000131;ENGENHEIRO BELTRAO;PR;PARANÁ;SUPR;PARAN�
95719449000110;ENTRE RIOS DO OESTE;PR;PARANÁ;SUPR;PARAN�
01612269000191;ESPERANCA NOVA;PR;PARANÁ;SUPR;PARAN�
01612634000168;ESPIGAO ALTO DO IGUACU;PR;PARANÁ;SUPR;PARAN�
95640124000148;FAROL;PR;PARANÁ;SUPR;PARAN�
75771295000107;FAXINAL;PR;PARANÁ;SUPR;PARAN�
95422986000102;FAZENDA RIO GRANDE;PR;PARANÁ;SUPR;PARAN�
76950021000130;FENIX;PR;PARANÁ;SUPR;PARAN�
01619323000120;FERNANDES PINHEIRO;PR;PARANÁ;SUPR;PARAN�
78063732000118;FIGUEIRA;PR;PARANÁ;SUPR;PARAN�
95589271000130;FLOR DA SERRA DO SUL;PR;PARANÁ;SUPR;PARAN�
75731000000160;FLORAI;PR;PARANÁ;SUPR;PARAN�
76282706000155;FLORESTA;PR;PARANÁ;SUPR;PARAN�
75845495000159;FLORESTOPOLIS;PR;PARANÁ;SUPR;PARAN�
75772400000114;FLORIDA;PR;PARANÁ;SUPR;PARAN�
76208495000100;FORMOSA DO OESTE;PR;PARANÁ;SUPR;PARAN�
76206606000140;FOZ DO IGUACU;PR;PARANÁ;SUPR;PARAN�
01603719000180;FOZ DO JORDAO;PR;PARANÁ;SUPR;PARAN�
77356665000167;FRANCISCO ALVES;PR;PARANÁ;SUPR;PARAN�
77816510000166;FRANCISCO BELTRAO;PR;PARANÁ;SUPR;PARAN�
75687681000107;GENERAL CARNEIRO;PR;PARANÁ;SUPR;PARAN�
81392656000107;GODOY MOREIRA;PR;PARANÁ;SUPR;PARAN�
78198975000163;GOIOERE;PR;PARANÁ;SUPR;PARAN�
01607627000178;GOIOXIM;PR;PARANÁ;SUPR;PARAN�
75741348000139;GRANDES RIOS;PR;PARANÁ;SUPR;PARAN�
77857183000190;GUAIRA;PR;PARANÁ;SUPR;PARAN�
76238443000187;GUAIRACA;PR;PARANÁ;SUPR;PARAN�
01616255000146;GUAMIRANGA;PR;PARANÁ;SUPR;PARAN�
75443812000100;GUAPIRAMA;PR;PARANÁ;SUPR;PARAN�
75378844000170;GUAPOREMA;PR;PARANÁ;SUPR;PARAN�
75845537000151;GUARACI;PR;PARANÁ;SUPR;PARAN�
76208818000166;GUARANIACU;PR;PARANÁ;SUPR;PARAN�
76178037000176;GUARAPUAVA;PR;PARANÁ;SUPR;PARAN�
76022508000152;GUARAQUECABA;PR;PARANÁ;SUPR;PARAN�
76017474000108;GUARATUBA;PR;PARANÁ;SUPR;PARAN�
95585444000142;HONORIO SERPA;PR;PARANÁ;SUPR;PARAN�
77008068000141;IBAITI;PR;PARANÁ;SUPR;PARAN�
80881931000185;IBEMA;PR;PARANÁ;SUPR;PARAN�
76244961000103;IBIPORA;PR;PARANÁ;SUPR;PARAN�
76247337000160;ICARAIMA;PR;PARANÁ;SUPR;PARAN�
75772525000144;IGUARACU;PR;PARANÁ;SUPR;PARAN�
95595013000167;IGUATU;PR;PARANÁ;SUPR;PARAN�
01613770000172;IMBAU;PR;PARANÁ;SUPR;PARAN�
76175892000123;IMBITUVA;PR;PARANÁ;SUPR;PARAN�
76178029000120;INACIO MARTINS;PR;PARANÁ;SUPR;PARAN�
76970318000167;INAJA;PR;PARANÁ;SUPR;PARAN�
75798355000177;INDIANOPOLIS;PR;PARANÁ;SUPR;PARAN�
76175934000126;IPIRANGA;PR;PARANÁ;SUPR;PARAN�
75738484000170;IPORA;PR;PARANÁ;SUPR;PARAN�
95583555000110;IRACEMA DO OESTE;PR;PARANÁ;SUPR;PARAN�
75654574000182;IRATI;PR;PARANÁ;SUPR;PARAN�
76950088000174;IRETAMA;PR;PARANÁ;SUPR;PARAN�
76970359000153;ITAGUAJE;PR;PARANÁ;SUPR;PARAN�
95725057000164;ITAIPULANDIA;PR;PARANÁ;SUPR;PARAN�
76235738000108;ITAMBARACA;PR;PARANÁ;SUPR;PARAN�
76282698000147;ITAMBE;PR;PARANÁ;SUPR;PARAN�
76995430000152;ITAPEJARA D'OESTE;PR;PARANÁ;SUPR;PARAN�
95422846000126;ITAPERUCU;PR;PARANÁ;SUPR;PARAN�
75458836000133;ITAUNA DO SUL;PR;PARANÁ;SUPR;PARAN�
01612453000131;IVAI;PR;PARANÁ;SUPR;PARAN�
75741330000137;IVAIPORA;PR;PARANÁ;SUPR;PARAN�
95640553000115;IVATE;PR;PARANÁ;SUPR;PARAN�
76285337000154;IVATUBA;PR;PARANÁ;SUPR;PARAN�
75969667000104;JABOTI;PR;PARANÁ;SUPR;PARAN�
76966860000146;JACAREZINHO;PR;PARANÁ;SUPR;PARAN�
75457341000190;JAGUAPITA;PR;PARANÁ;SUPR;PARAN�
76910900000138;JAGUARIAIVA;PR;PARANÁ;SUPR;PARAN�
75771204000125;JANDAIA DO SUL;PR;PARANÁ;SUPR;PARAN�
76402882000183;JANIOPOLIS;PR;PARANÁ;SUPR;PARAN�
75969881000152;JAPIRA;PR;PARANÁ;SUPR;PARAN�
75788349000139;JAPURA;PR;PARANÁ;SUPR;PARAN�
75741363000187;JARDIM ALEGRE;PR;PARANÁ;SUPR;PARAN�
76970383000192;JARDIM OLINDA;PR;PARANÁ;SUPR;PARAN�
76245042000154;JATAIZINHO;PR;PARANÁ;SUPR;PARAN�
77398154000108;JESUITAS;PR;PARANÁ;SUPR;PARAN�
76966845000106;JOAQUIM TAVORA;PR;PARANÁ;SUPR;PARAN�
76408061000154;JUNDIAI DO SUL;PR;PARANÁ;SUPR;PARAN�
78196755000109;JURANDA;PR;PARANÁ;SUPR;PARAN�
75789552000120;JUSSARA;PR;PARANÁ;SUPR;PARAN�
75771238000110;KALORE;PR;PARANÁ;SUPR;PARAN�
76020452000105;LAPA;PR;PARANÁ;SUPR;PARAN�
95684536000180;LARANJAL;PR;PARANÁ;SUPR;PARAN�
76205970000195;LARANJEIRAS DO SUL;PR;PARANÁ;SUPR;PARAN�
75388850000108;LEOPOLIS;PR;PARANÁ;SUPR;PARAN�
95680831000168;LIDIANOPOLIS;PR;PARANÁ;SUPR;PARAN�
80881915000192;LINDOESTE;PR;PARANÁ;SUPR;PARAN�
76972074000151;LOANDA;PR;PARANÁ;SUPR;PARAN�
76970367000108;LOBATO;PR;PARANÁ;SUPR;PARAN�
75771477000170;LONDRINA;PR;PARANÁ;SUPR;PARAN�
80888688000127;LUIZIANA;PR;PARANÁ;SUPR;PARAN�
78600491000107;LUNARDELLI;PR;PARANÁ;SUPR;PARAN�
75845511000103;LUPIONOPOLIS;PR;PARANÁ;SUPR;PARAN�
75654566000136;MALLET;PR;PARANÁ;SUPR;PARAN�
75368928000122;MAMBORE;PR;PARANÁ;SUPR;PARAN�
76285329000108;MANDAGUACU;PR;PARANÁ;SUPR;PARAN�
76285345000109;MANDAGUARI;PR;PARANÁ;SUPR;PARAN�
76105550000137;MANDIRITUBA;PR;PARANÁ;SUPR;PARAN�
01614343000109;MANFRINOPOLIS;PR;PARANÁ;SUPR;PARAN�
77774867000129;MANGUEIRINHA;PR;PARANÁ;SUPR;PARAN�
75740811000128;MANOEL RIBAS;PR;PARANÁ;SUPR;PARAN�
76205814000124;MARECHAL CANDIDO RONDON;PR;PARANÁ;SUPR;PARAN�
76247386000100;MARIA HELENA;PR;PARANÁ;SUPR;PARAN�
76282680000145;MARIALVA;PR;PARANÁ;SUPR;PARAN�
75771303000107;MARILANDIA DO SUL;PR;PARANÁ;SUPR;PARAN�
75971010000173;MARILENA;PR;PARANÁ;SUPR;PARAN�
76404136000129;MARILUZ;PR;PARANÁ;SUPR;PARAN�
76282656000106;MARINGA;PR;PARANÁ;SUPR;PARAN�
76995323000124;MARIOPOLIS;PR;PARANÁ;SUPR;PARAN�
95583571000102;MARIPA;PR;PARANÁ;SUPR;PARAN�
76205665000101;MARMELEIRO;PR;PARANÁ;SUPR;PARAN�
01612552000113;MARQUINHO;PR;PARANÁ;SUPR;PARAN�
75771246000166;MARUMBI;PR;PARANÁ;SUPR;PARAN�
76206465000165;MATELANDIA;PR;PARANÁ;SUPR;PARAN�
76017466000161;MATINHOS;PR;PARANÁ;SUPR;PARAN�
95684510000131;MATO RICO;PR;PARANÁ;SUPR;PARAN�
95548400000142;MAUA DA SERRA;PR;PARANÁ;SUPR;PARAN�
76206481000158;MEDIANEIRA;PR;PARANÁ;SUPR;PARAN�
95719373000123;MERCEDES;PR;PARANÁ;SUPR;PARAN�
75475442000193;MIRADOR;PR;PARANÁ;SUPR;PARAN�
75845529000105;MIRASELVA;PR;PARANÁ;SUPR;PARAN�
78101847000150;MISSAL;PR;PARANÁ;SUPR;PARAN�
76217025000103;MOREIRA SALES;PR;PARANÁ;SUPR;PARAN�
76022490000199;MORRETES;PR;PARANÁ;SUPR;PARAN�
75352062000161;MUNHOZ DE MELO;PR;PARANÁ;SUPR;PARAN�
76970300000165;NOSSA SENHORA DAS GRACAS;PR;PARANÁ;SUPR;PARAN�
76413061000142;NOVA ALIANCA DO IVAI;PR;PARANÁ;SUPR;PARAN�
75827204000108;NOVA AMERICA DA COLINA;PR;PARANÁ;SUPR;PARAN�
76208859000152;NOVA AURORA;PR;PARANÁ;SUPR;PARAN�
77845394000103;NOVA CANTU;PR;PARANÁ;SUPR;PARAN�
75730994000109;NOVA ESPERANCA;PR;PARANÁ;SUPR;PARAN�
95589289000132;NOVA ESPERANCA DO SUDOESTE;PR;PARANÁ;SUPR;PARAN�
75828418000190;NOVA FATIMA;PR;PARANÁ;SUPR;PARAN�
95587648000112;NOVA LARANJEIRAS;PR;PARANÁ;SUPR;PARAN�
81044984000104;NOVA LONDRINA;PR;PARANÁ;SUPR;PARAN�
75799577000104;NOVA OLIMPIA;PR;PARANÁ;SUPR;PARAN�
78103884000105;NOVA PRATA DO IGUACU;PR;PARANÁ;SUPR;PARAN�
95561080000160;NOVA SANTA BARBARA;PR;PARANÁ;SUPR;PARAN�
77116663000109;NOVA SANTA ROSA;PR;PARANÁ;SUPR;PARAN�
80620172000105;NOVA TEBAS;PR;PARANÁ;SUPR;PARAN�
95639472000103;NOVO ITACOLOMI;PR;PARANÁ;SUPR;PARAN�
77721363000140;ORTIGUEIRA;PR;PARANÁ;SUPR;PARAN�
76282672000107;OURIZONA;PR;PARANÁ;SUPR;PARAN�
80880107000100;OURO VERDE DO OESTE;PR;PARANÁ;SUPR;PARAN�
76282664000152;PAICANDU;PR;PARANÁ;SUPR;PARAN�
76161181000108;PALMAS;PR;PARANÁ;SUPR;PARAN�
76179829000165;PALMEIRA;PR;PARANÁ;SUPR;PARAN�
75680025000182;PALMITAL;PR;PARANÁ;SUPR;PARAN�
76208487000164;PALOTINA;PR;PARANÁ;SUPR;PARAN�
75476556000158;PARAISO DO NORTE;PR;PARANÁ;SUPR;PARAN�
76970334000150;PARANACITY;PR;PARANÁ;SUPR;PARAN�
76017458000115;PARANAGUA;PR;PARANÁ;SUPR;PARAN�
76970391000139;PARANAPOEMA;PR;PARANÁ;SUPR;PARAN�
76977768000181;PARANAVAI;PR;PARANÁ;SUPR;PARAN�
95719472000105;PATO BRAGADO;PR;PARANÁ;SUPR;PARAN�
76995448000154;PATO BRANCO;PR;PARANÁ;SUPR;PARAN�
75687954000113;PAULA FREITAS;PR;PARANÁ;SUPR;PARAN�
77007474000190;PAULO FRONTIN;PR;PARANÁ;SUPR;PARAN�
75370148000117;PEABIRU;PR;PARANÁ;SUPR;PARAN�
01612444000140;PEROBAL;PR;PARANÁ;SUPR;PARAN�
81478133000170;PEROLA;PR;PARANÁ;SUPR;PARAN�
75924290000169;PEROLA D'OESTE;PR;PARANÁ;SUPR;PARAN�
76002666000140;PIEN;PR;PARANÁ;SUPR;PARAN�
95423000000100;PINHAIS;PR;PARANÁ;SUPR;PARAN�
95590832000111;PINHAL DE SAO BENTO;PR;PARANÁ;SUPR;PARAN�
76167717000194;PINHALAO;PR;PARANÁ;SUPR;PARAN�
76178011000128;PINHAO;PR;PARANÁ;SUPR;PARAN�
77001329000100;PIRAI DO SUL;PR;PARANÁ;SUPR;PARAN�
76105675000167;PIRAQUARA;PR;PARANÁ;SUPR;PARAN�
76172907000108;PITANGA;PR;PARANÁ;SUPR;PARAN�
95543427000142;PITANGUEIRAS;PR;PARANÁ;SUPR;PARAN�
75461442000134;PLANALTINA DO PARANA;PR;PARANÁ;SUPR;PARAN�
76460526000116;PLANALTO;PR;PARANÁ;SUPR;PARAN�
76175884000187;PONTA GROSSA;PR;PARANÁ;SUPR;PARAN�
01609843000152;PONTAL DO PARANA;PR;PARANÁ;SUPR;PARAN�
80542764000148;PORECATU;PR;PARANÁ;SUPR;PARAN�
76179837000101;PORTO AMAZONAS;PR;PARANÁ;SUPR;PARAN�
01591618000136;PORTO BARREIRO;PR;PARANÁ;SUPR;PARAN�
75461970000193;PORTO RICO;PR;PARANÁ;SUPR;PARAN�
75688366000102;PORTO VITORIA;PR;PARANÁ;SUPR;PARAN�
01613136000130;PRADO FERREIRA;PR;PARANÁ;SUPR;PARAN�
78113834000109;PRANCHITA;PR;PARANÁ;SUPR;PARAN�
76279959000170;PRESIDENTE CASTELO BRANCO;PR;PARANÁ;SUPR;PARAN�
76245059000101;PRIMEIRO DE MAIO;PR;PARANÁ;SUPR;PARAN�
77003424000134;PRUDENTOPOLIS;PR;PARANÁ;SUPR;PARAN�
01619104000141;QUARTO CENTENARIO;PR;PARANÁ;SUPR;PARAN�
76966852000108;QUATIGUA;PR;PARANÁ;SUPR;PARAN�
76105568000139;QUATRO BARRAS;PR;PARANÁ;SUPR;PARAN�
95719381000170;QUATRO PONTES;PR;PARANÁ;SUPR;PARAN�
76205962000149;QUEDAS DO IGUACU;PR;PARANÁ;SUPR;PARAN�
76973692000116;QUERENCIA DO NORTE;PR;PARANÁ;SUPR;PARAN�
76950047000188;QUINTA DO SOL;PR;PARANÁ;SUPR;PARAN�
76002674000197;QUITANDINHA;PR;PARANÁ;SUPR;PARAN�
95725024000114;RAMILANDIA;PR;PARANÁ;SUPR;PARAN�
75829416000116;RANCHO ALEGRE;PR;PARANÁ;SUPR;PARAN�
95640132000194;RANCHO ALEGRE D'OESTE;PR;PARANÁ;SUPR;PARAN�
76205673000140;REALEZA;PR;PARANÁ;SUPR;PARAN�
77774859000182;REBOUCAS;PR;PARANÁ;SUPR;PARAN�
76205681000196;RENASCENCA;PR;PARANÁ;SUPR;PARAN�
01612911000132;RESERVA;PR;PARANÁ;SUPR;PARAN�
01612911000132;RESERVA DO IGUACU;PR;PARANÁ;SUPR;PARAN�
75449579000173;RIBEIRAO CLARO;PR;PARANÁ;SUPR;PARAN�
76968064000142;RIBEIRAO DO PINHAL;PR;PARANÁ;SUPR;PARAN�
75963256000101;RIO AZUL;PR;PARANÁ;SUPR;PARAN�
75771212000171;RIO BOM;PR;PARANÁ;SUPR;PARAN�
95587770000199;RIO BONITO DO IGUACU;PR;PARANÁ;SUPR;PARAN�
01612413000190;RIO BRANCO DO IVAI;PR;PARANÁ;SUPR;PARAN�
76105576000185;RIO BRANCO DO SUL;PR;PARANÁ;SUPR;PARAN�
76002641000147;RIO NEGRO;PR;PARANÁ;SUPR;PARAN�
76288760000108;ROLANDIA;PR;PARANÁ;SUPR;PARAN�
75371401000157;RONCADOR;PR;PARANÁ;SUPR;PARAN�
75380071000166;RONDON;PR;PARANÁ;SUPR;PARAN�
80059264000150;ROSARIO DO IVAI;PR;PARANÁ;SUPR;PARAN�
76958974000144;SABAUDIA;PR;PARANÁ;SUPR;PARAN�
76205699000198;SALGADO FILHO;PR;PARANÁ;SUPR;PARAN�
76920834000187;SALTO DO ITARARE;PR;PARANÁ;SUPR;PARAN�
76205707000104;SALTO DO LONTRA;PR;PARANÁ;SUPR;PARAN�
76235746000146;SANTA AMELIA;PR;PARANÁ;SUPR;PARAN�
76290691000177;SANTA CECILIA DO PAVAO;PR;PARANÁ;SUPR;PARAN�
75462820000102;SANTA CRUZ DE MONTE CASTELO;PR;PARANÁ;SUPR;PARAN�
76291418000167;SANTA FE;PR;PARANÁ;SUPR;PARAN�
76206457000119;SANTA HELENA;PR;PARANÁ;SUPR;PARAN�
78092293000171;SANTA INES;PR;PARANÁ;SUPR;PARAN�
76974823000180;SANTA ISABEL DO IVAI;PR;PARANÁ;SUPR;PARAN�
76205715000142;SANTA IZABEL DO OESTE;PR;PARANÁ;SUPR;PARAN�
95594776000193;SANTA LUCIA;PR;PARANÁ;SUPR;PARAN�
95684544000126;SANTA MARIA DO OESTE;PR;PARANÁ;SUPR;PARAN�
75392019000120;SANTA MARIANA;PR;PARANÁ;SUPR;PARAN�
95641916000137;SANTA MONICA;PR;PARANÁ;SUPR;PARAN�
80882095000153;SANTA TEREZA DO OESTE;PR;PARANÁ;SUPR;PARAN�
75425314000135;SANTA TEREZINHA DE ITAIPU;PR;PARANÁ;SUPR;PARAN�
76920826000130;SANTANA DO ITARARE;PR;PARANÁ;SUPR;PARAN�
76968627000100;SANTO ANTONIO DA PLATINA;PR;PARANÁ;SUPR;PARAN�
75483230000158;SANTO ANTONIO DO CAIUA;PR;PARANÁ;SUPR;PARAN�
75832170000131;SANTO ANTONIO DO PARAISO;PR;PARANÁ;SUPR;PARAN�
75927582000155;SANTO ANTONIO DO SUDOESTE;PR;PARANÁ;SUPR;PARAN�
76970375000146;SANTO INACIO;PR;PARANÁ;SUPR;PARAN�
75498576000120;SAO CARLOS DO IVAI;PR;PARANÁ;SUPR;PARAN�
76290683000120;SAO JERONIMO DA SERRA;PR;PARANÁ;SUPR;PARAN�
76995422000106;SAO JOAO;PR;PARANÁ;SUPR;PARAN�
76238435000130;SAO JOAO DO CAIUA;PR;PARANÁ;SUPR;PARAN�
75741355000130;SAO JOAO DO IVAI;PR;PARANÁ;SUPR;PARAN�
75193516000107;SAO JOAO DO TRIUNFO;PR;PARANÁ;SUPR;PARAN�
76282649000104;SAO JORGE DO IVAI;PR;PARANÁ;SUPR;PARAN�
77870475000163;SAO JORGE DO PATROCINIO;PR;PARANÁ;SUPR;PARAN�
76995380000103;SAO JORGE D'OESTE;PR;PARANÁ;SUPR;PARAN�
76920818000194;SAO JOSE DA BOA VISTA;PR;PARANÁ;SUPR;PARAN�
77819605000133;SAO JOSE DAS PALMEIRAS;PR;PARANÁ;SUPR;PARAN�
76105543000135;SAO JOSE DOS PINHAIS;PR;PARANÁ;SUPR;PARAN�
80909617000163;SAO MANOEL DO PARANA;PR;PARANÁ;SUPR;PARAN�
76021450000122;SAO MATEUS DO SUL;PR;PARANÁ;SUPR;PARAN�
76206499000150;SAO MIGUEL DO IGUACU;PR;PARANÁ;SUPR;PARAN�
95583597000150;SAO PEDRO DO IGUACU;PR;PARANÁ;SUPR;PARAN�
75771311000153;SAO PEDRO DO IVAI;PR;PARANÁ;SUPR;PARAN�
76975259000110;SAO PEDRO DO PARANA;PR;PARANÁ;SUPR;PARAN�
76290659000191;SAO SEBASTIAO DA AMOREIRA;PR;PARANÁ;SUPR;PARAN�
75381178000129;SAO TOME;PR;PARANÁ;SUPR;PARAN�
76167733000187;SAPOPEMA;PR;PARANÁ;SUPR;PARAN�
78200482000110;SARANDI;PR;PARANÁ;SUPR;PARAN�
95585477000192;SAUDADE DO IGUACU;PR;PARANÁ;SUPR;PARAN�
76911676000107;SENGES;PR;PARANÁ;SUPR;PARAN�
01613052000104;SERRANOPOLIS DO IGUACU;PR;PARANÁ;SUPR;PARAN�
75393082000180;SERTANEJA;PR;PARANÁ;SUPR;PARAN�
76245034000108;SERTANOPOLIS;PR;PARANÁ;SUPR;PARAN�
76919083000189;SIQUEIRA CAMPOS;PR;PARANÁ;SUPR;PARAN�
80869886000143;SULINA;PR;PARANÁ;SUPR;PARAN�
01613167000190;TAMARANA;PR;PARANÁ;SUPR;PARAN�
76978519000100;TAMBOARA;PR;PARANÁ;SUPR;PARAN�
76247345000106;TAPEJARA;PR;PARANÁ;SUPR;PARAN�
75801738000157;TAPIRA;PR;PARANÁ;SUPR;PARAN�
75963850000194;TEIXEIRA SOARES;PR;PARANÁ;SUPR;PARAN�
76170240000104;TELEMACO BORBA;PR;PARANÁ;SUPR;PARAN�
75793786000140;TERRA BOA;PR;PARANÁ;SUPR;PARAN�
76978881000181;TERRA RICA;PR;PARANÁ;SUPR;PARAN�
75587204000170;TERRA ROXA;PR;PARANÁ;SUPR;PARAN�
76170257000153;TIBAGI;PR;PARANÁ;SUPR;PARAN�
76105584000121;TIJUCAS DO SUL;PR;PARANÁ;SUPR;PARAN�
76205806000188;TOLEDO;PR;PARANÁ;SUPR;PARAN�
75697094000107;TOMAZINA;PR;PARANÁ;SUPR;PARAN�
78121936000168;TRES BARRAS DO PARANA;PR;PARANÁ;SUPR;PARAN�
68703834000105;TUNAS DO PARANA;PR;PARANÁ;SUPR;PARAN�
76247329000113;TUNEIRAS DO OESTE;PR;PARANÁ;SUPR;PARAN�
77877116000138;TUPASSI;PR;PARANÁ;SUPR;PARAN�
78279973000107;TURVO;PR;PARANÁ;SUPR;PARAN�
76950096000110;UBIRATA;PR;PARANÁ;SUPR;PARAN�
76247378000156;UMUARAMA;PR;PARANÁ;SUPR;PARAN�
75967760000171;UNIAO DA VITORIA;PR;PARANÁ;SUPR;PARAN�
76279975000162;UNIFLOR;PR;PARANÁ;SUPR;PARAN�
75424507000171;URAI;PR;PARANÁ;SUPR;PARAN�
95685798000169;VENTANIA;PR;PARANÁ;SUPR;PARAN�
78101821000101;VERA CRUZ DO OESTE;PR;PARANÁ;SUPR;PARAN�
75636530000120;VERE;PR;PARANÁ;SUPR;PARAN�
95587622000174;VIRMOND;PR;PARANÁ;SUPR;PARAN�
76995463000100;VITORINO;PR;PARANÁ;SUPR;PARAN�
76920800000192;WENCESLAU BRAZ;PR;PARANÁ;SUPR;PARAN�
76247360000154;XAMBRE;PR;PARANÁ;SUPR;PARAN�
29172467000109;ANGRA DOS REIS;RJ;RIO DE JANEIRO;SURJ;RIO DE JANEIRO
36288900000123;APERIBE;RJ;RIO DE JANEIRO;SURJ;RIO DE JANEIRO
28531762000133;ARARUAMA;RJ;RIO DE JANEIRO;SURJ;RIO DE JANEIRO
01616171000102;ARMACAO DOS BUZIOS;RJ;RIO DE JANEIRO;SURJ;RIO DE JANEIRO
27792373000107;ARRAIAL DO CABO;RJ;RIO DE JANEIRO;SURJ;RIO DE JANEIRO
28576080000147;BARRA DO PIRAI;RJ;RIO DE JANEIRO;SURJ;RIO DE JANEIRO
28695658000184;BARRA MANSA;RJ;RIO DE JANEIRO;SURJ;RIO DE JANEIRO
28561041000176;BOM JARDIM;RJ;RIO DE JANEIRO;SURJ;RIO DE JANEIRO
28812972000108;BOM JESUS DO ITABAPOANA;RJ;RIO DE JANEIRO;SURJ;RIO DE JANEIRO
28549483000105;CABO FRIO;RJ;RIO DE JANEIRO;SURJ;RIO DE JANEIRO
29111085000167;CAMBUCI;RJ;RIO DE JANEIRO;SURJ;RIO DE JANEIRO
29116894000161;CAMPOS DOS GOYTACAZES;RJ;RIO DE JANEIRO;SURJ;RIO DE JANEIRO
28645794000160;CANTAGALO;RJ;RIO DE JANEIRO;SURJ;RIO DE JANEIRO
01609497000102;CARAPEBUS;RJ;RIO DE JANEIRO;SURJ;RIO DE JANEIRO
39228739000190;CARDOSO MOREIRA;RJ;RIO DE JANEIRO;SURJ;RIO DE JANEIRO
29115458000178;CASIMIRO DE ABREU;RJ;RIO DE JANEIRO;SURJ;RIO DE JANEIRO
29115466000114;CONCEICAO DE MACABU;RJ;RIO DE JANEIRO;SURJ;RIO DE JANEIRO
28614865000167;CORDEIRO;RJ;RIO DE JANEIRO;SURJ;RIO DE JANEIRO
28564177000130;DUAS BARRAS;RJ;RIO DE JANEIRO;SURJ;RIO DE JANEIRO
29079480000100;ENGENHEIRO PAULO DE FRONTIN;RJ;RIO DE JANEIRO;SURJ;RIO DE JANEIRO
01615882000162;IGUABA GRANDE;RJ;RIO DE JANEIRO;SURJ;RIO DE JANEIRO
30417158000122;ITALVA;RJ;RIO DE JANEIRO;SURJ;RIO DE JANEIRO
28615557000156;ITAOCARA;RJ;RIO DE JANEIRO;SURJ;RIO DE JANEIRO
28916716000152;ITAPERUNA;RJ;RIO DE JANEIRO;SURJ;RIO DE JANEIRO
31846892000170;ITATIAIA;RJ;RIO DE JANEIRO;SURJ;RIO DE JANEIRO
28919637000103;LAJE DO MURIAE;RJ;RIO DE JANEIRO;SURJ;RIO DE JANEIRO
29115474000160;MACAE;RJ;RIO DE JANEIRO;SURJ;RIO DE JANEIRO
01617237000189;MACUCO;RJ;RIO DE JANEIRO;SURJ;RIO DE JANEIRO
29138310000159;MANGARATIBA;RJ;RIO DE JANEIRO;SURJ;RIO DE JANEIRO
28580694000100;MENDES;RJ;RIO DE JANEIRO;SURJ;RIO DE JANEIRO
32415283000129;MIGUEL PEREIRA;RJ;RIO DE JANEIRO;SURJ;RIO DE JANEIRO
29114121000146;MIRACEMA;RJ;RIO DE JANEIRO;SURJ;RIO DE JANEIRO
28920304000196;NATIVIDADE;RJ;RIO DE JANEIRO;SURJ;RIO DE JANEIRO
28606630000123;NOVA FRIBURGO;RJ;RIO DE JANEIRO;SURJ;RIO DE JANEIRO
29172475000147;PARATY;RJ;RIO DE JANEIRO;SURJ;RIO DE JANEIRO
31844889000117;PATY DO ALFERES;RJ;RIO DE JANEIRO;SURJ;RIO DE JANEIRO
01612981000190;PINHEIRAL;RJ;RIO DE JANEIRO;SURJ;RIO DE JANEIRO
29141322000132;PIRAI;RJ;RIO DE JANEIRO;SURJ;RIO DE JANEIRO
28920999000106;PORCIUNCULA;RJ;RIO DE JANEIRO;SURJ;RIO DE JANEIRO
01612355000102;PORTO REAL;RJ;RIO DE JANEIRO;SURJ;RIO DE JANEIRO
39560008000148;QUATIS;RJ;RIO DE JANEIRO;SURJ;RIO DE JANEIRO
31505027000160;QUISSAMA;RJ;RIO DE JANEIRO;SURJ;RIO DE JANEIRO
29178233000160;RESENDE;RJ;RIO DE JANEIRO;SURJ;RIO DE JANEIRO
29051216000168;RIO CLARO;RJ;RIO DE JANEIRO;SURJ;RIO DE JANEIRO
29179454000153;RIO DAS FLORES;RJ;RIO DE JANEIRO;SURJ;RIO DE JANEIRO
39223581000166;RIO DAS OSTRAS;RJ;RIO DE JANEIRO;SURJ;RIO DE JANEIRO
42498733000148;RIO DE JANEIRO;RJ;RIO DE JANEIRO;SURJ;RIO DE JANEIRO
28645760000175;SANTA MARIA MADALENA;RJ;RIO DE JANEIRO;SURJ;RIO DE JANEIRO
29114139000148;SANTO ANTONIO DE PADUA;RJ;RIO DE JANEIRO;SURJ;RIO DE JANEIRO
29111093000103;SAO FIDELIS;RJ;RIO DE JANEIRO;SURJ;RIO DE JANEIRO
01623783000122;SAO FRANCISCO DE ITABAPOANA;RJ;RIO DE JANEIRO;SURJ;RIO DE JANEIRO
29116902000170;SAO JOAO DA BARRA;RJ;RIO DE JANEIRO;SURJ;RIO DE JANEIRO
01614414000173;SAO JOSE DE UBA;RJ;RIO DE JANEIRO;SURJ;RIO DE JANEIRO
28909604000174;SAO PEDRO DA ALDEIA;RJ;RIO DE JANEIRO;SURJ;RIO DE JANEIRO
28645786000113;SAO SEBASTIAO DO ALTO;RJ;RIO DE JANEIRO;SURJ;RIO DE JANEIRO
32147670000121;SAQUAREMA;RJ;RIO DE JANEIRO;SURJ;RIO DE JANEIRO
28741098000157;SILVA JARDIM;RJ;RIO DE JANEIRO;SURJ;RIO DE JANEIRO
29115441000110;TRAJANO DE MORAES;RJ;RIO DE JANEIRO;SURJ;RIO DE JANEIRO
29076130000190;VALENCA;RJ;RIO DE JANEIRO;SURJ;RIO DE JANEIRO
39217831000155;VARRE-SAI;RJ;RIO DE JANEIRO;SURJ;RIO DE JANEIRO
32412819000152;VASSOURAS;RJ;RIO DE JANEIRO;SURJ;RIO DE JANEIRO
32512501000143;VOLTA REDONDA;RJ;RIO DE JANEIRO;SURJ;RIO DE JANEIRO
08097008000120;ACARI;RN;PERNAMBUCO;SUPE;PERNAMBUCO
08294662000123;ACU;RN;PERNAMBUCO;SUPE;PERNAMBUCO
08294688000171;AFONSO BEZERRA;RN;PERNAMBUCO;SUPE;PERNAMBUCO
08357626000161;AGUA NOVA;RN;PERNAMBUCO;SUPE;PERNAMBUCO
08148462000162;ALEXANDRIA;RN;PERNAMBUCO;SUPE;PERNAMBUCO
08348997000187;ALMINO AFONSO;RN;PERNAMBUCO;SUPE;PERNAMBUCO
08184111000107;ALTO DO RODRIGUES;RN;PERNAMBUCO;SUPE;PERNAMBUCO
08085409000160;ANGICOS;RN;PERNAMBUCO;SUPE;PERNAMBUCO
08348989000130;ANTONIO MARTINS;RN;PERNAMBUCO;SUPE;PERNAMBUCO
08349011000193;APODI;RN;PERNAMBUCO;SUPE;PERNAMBUCO
08077265000108;AREIA BRANCA;RN;PERNAMBUCO;SUPE;PERNAMBUCO
;AREZ;RN;PERNAMBUCO;SUPE;PERNAMBUCO
08161341000150;BAIA FORMOSA;RN;PERNAMBUCO;SUPE;PERNAMBUCO
08546103000163;BARAUNA;RN;PERNAMBUCO;SUPE;PERNAMBUCO
08002180000152;BARCELONA;RN;PERNAMBUCO;SUPE;PERNAMBUCO
08110884000149;BENTO FERNANDES;RN;PERNAMBUCO;SUPE;PERNAMBUCO
08142655000106;BOA SAUDE;RN;PERNAMBUCO;SUPE;PERNAMBUCO
01612374000120;BODO;RN;PERNAMBUCO;SUPE;PERNAMBUCO
08002404000126;BOM JESUS;RN;PERNAMBUCO;SUPE;PERNAMBUCO
08161614000167;BREJINHO;RN;PERNAMBUCO;SUPE;PERNAMBUCO
01612375000175;CAICARA DO NORTE;RN;PERNAMBUCO;SUPE;PERNAMBUCO
08351819000105;CAICARA DO RIO DO VENTO;RN;PERNAMBUCO;SUPE;PERNAMBUCO
08096570000139;CAICO;RN;PERNAMBUCO;SUPE;PERNAMBUCO
08084014000142;CAMPO GRANDE;RN;PERNAMBUCO;SUPE;PERNAMBUCO
08358723000179;CAMPO REDONDO;RN;PERNAMBUCO;SUPE;PERNAMBUCO
08365017000154;CANGUARETAMA;RN;PERNAMBUCO;SUPE;PERNAMBUCO
08349102000129;CARAUBAS;RN;PERNAMBUCO;SUPE;PERNAMBUCO
08088254000115;CARNAUBA DOS DANTAS;RN;PERNAMBUCO;SUPE;PERNAMBUCO
08294670000170;CARNAUBAIS;RN;PERNAMBUCO;SUPE;PERNAMBUCO
08004061000139;CEARA-MIRIM;RN;PERNAMBUCO;SUPE;PERNAMBUCO
08173502000126;CERRO CORA;RN;PERNAMBUCO;SUPE;PERNAMBUCO
08158669000118;CORONEL EZEQUIEL;RN;PERNAMBUCO;SUPE;PERNAMBUCO
08355471000124;CORONEL JOAO PESSOA;RN;PERNAMBUCO;SUPE;PERNAMBUCO
08106510000150;CRUZETA;RN;PERNAMBUCO;SUPE;PERNAMBUCO
08109126000100;CURRAIS NOVOS;RN;PERNAMBUCO;SUPE;PERNAMBUCO
08355489000126;DOUTOR SEVERIANO;RN;PERNAMBUCO;SUPE;PERNAMBUCO
08355760000123;ENCANTO;RN;PERNAMBUCO;SUPE;PERNAMBUCO
08086225000114;EQUADOR;RN;PERNAMBUCO;SUPE;PERNAMBUCO
08362287000101;ESPIRITO SANTO;RN;PERNAMBUCO;SUPE;PERNAMBUCO
08204497000171;EXTREMOZ;RN;PERNAMBUCO;SUPE;PERNAMBUCO
08349086000174;FELIPE GUERRA;RN;PERNAMBUCO;SUPE;PERNAMBUCO
01612369000118;FERNANDO PEDROZA;RN;PERNAMBUCO;SUPE;PERNAMBUCO
08181562000190;FLORANIA;RN;PERNAMBUCO;SUPE;PERNAMBUCO
08148439000178;FRANCISCO DANTAS;RN;PERNAMBUCO;SUPE;PERNAMBUCO
08349052000180;FRUTUOSO GOMES;RN;PERNAMBUCO;SUPE;PERNAMBUCO
08110991000177;GALINHOS;RN;PERNAMBUCO;SUPE;PERNAMBUCO
08162687000173;GOIANINHA;RN;PERNAMBUCO;SUPE;PERNAMBUCO
08349094000110;GOVERNADOR DIX-SEPT ROSADO;RN;PERNAMBUCO;SUPE;PERNAMBUCO
08077273000146;GROSSOS;RN;PERNAMBUCO;SUPE;PERNAMBUCO
08184442000147;GUAMARE;RN;PERNAMBUCO;SUPE;PERNAMBUCO
08004525000107;IELMO MARINHO;RN;PERNAMBUCO;SUPE;PERNAMBUCO
08085318000124;IPANGUACU;RN;PERNAMBUCO;SUPE;PERNAMBUCO
08094708000160;IPUEIRA;RN;PERNAMBUCO;SUPE;PERNAMBUCO
01612395000146;ITAJA;RN;PERNAMBUCO;SUPE;PERNAMBUCO
08148553000106;ITAU;RN;PERNAMBUCO;SUPE;PERNAMBUCO
08158800000147;JACANA;RN;PERNAMBUCO;SUPE;PERNAMBUCO
08309239000150;JANDAIRA;RN;PERNAMBUCO;SUPE;PERNAMBUCO
08349003000147;JANDUIS;RN;PERNAMBUCO;SUPE;PERNAMBUCO
08159071000143;JAPI;RN;PERNAMBUCO;SUPE;PERNAMBUCO
08111338000122;JARDIM DE ANGICOS;RN;PERNAMBUCO;SUPE;PERNAMBUCO
08096604000195;JARDIM DE PIRANHAS;RN;PERNAMBUCO;SUPE;PERNAMBUCO
08086662000138;JARDIM DO SERIDO;RN;PERNAMBUCO;SUPE;PERNAMBUCO
08309536000103;JOAO CAMARA;RN;PERNAMBUCO;SUPE;PERNAMBUCO
08148470000109;JOAO DIAS;RN;PERNAMBUCO;SUPE;PERNAMBUCO
08357642000154;JOSE DA PENHA;RN;PERNAMBUCO;SUPE;PERNAMBUCO
08095283000104;JUCURUTU;RN;PERNAMBUCO;SUPE;PERNAMBUCO
04214217000155;JUNDIA;RN;PERNAMBUCO;SUPE;PERNAMBUCO
08142887000164;LAGOA D'ANTA;RN;PERNAMBUCO;SUPE;PERNAMBUCO
08143026000109;LAGOA DE PEDRAS;RN;PERNAMBUCO;SUPE;PERNAMBUCO
08159162000189;LAGOA DE VELHOS;RN;PERNAMBUCO;SUPE;PERNAMBUCO
08182313000110;LAGOA NOVA;RN;PERNAMBUCO;SUPE;PERNAMBUCO
08162869000144;LAGOA SALGADA;RN;PERNAMBUCO;SUPE;PERNAMBUCO
08113466000105;LAJES;RN;PERNAMBUCO;SUPE;PERNAMBUCO
08159394000137;LAJES PINTADAS;RN;PERNAMBUCO;SUPE;PERNAMBUCO
08349045000188;LUCRECIA;RN;PERNAMBUCO;SUPE;PERNAMBUCO
08357600000113;LUIS GOMES;RN;PERNAMBUCO;SUPE;PERNAMBUCO
08234148000100;MACAIBA;RN;PERNAMBUCO;SUPE;PERNAMBUCO
08184434000109;MACAU;RN;PERNAMBUCO;SUPE;PERNAMBUCO
01612383000111;MAJOR SALES;RN;PERNAMBUCO;SUPE;PERNAMBUCO
08357618000115;MARCELINO VIEIRA;RN;PERNAMBUCO;SUPE;PERNAMBUCO
08153462000150;MARTINS;RN;PERNAMBUCO;SUPE;PERNAMBUCO
08170540000125;MAXARANGUAPE;RN;PERNAMBUCO;SUPE;PERNAMBUCO
08349060000126;MESSIAS TARGINO;RN;PERNAMBUCO;SUPE;PERNAMBUCO
08354383000108;MONTANHAS;RN;PERNAMBUCO;SUPE;PERNAMBUCO
08365900000144;MONTE ALEGRE;RN;PERNAMBUCO;SUPE;PERNAMBUCO
08196941000154;MONTE DAS GAMELEIRAS;RN;PERNAMBUCO;SUPE;PERNAMBUCO
08348971000139;MOSSORO;RN;PERNAMBUCO;SUPE;PERNAMBUCO
08241747000143;NATAL;RN;PERNAMBUCO;SUPE;PERNAMBUCO
08167306000149;NISIA FLORESTA;RN;PERNAMBUCO;SUPE;PERNAMBUCO
08144784000133;NOVA CRUZ;RN;PERNAMBUCO;SUPE;PERNAMBUCO
;OLHO-D'AGUA DO BORGES;RN;PERNAMBUCO;SUPE;PERNAMBUCO
08095473000121;OURO BRANCO;RN;PERNAMBUCO;SUPE;PERNAMBUCO
08148454000116;PARANA;RN;PERNAMBUCO;SUPE;PERNAMBUCO
08084691000160;PARAU;RN;PERNAMBUCO;SUPE;PERNAMBUCO
08113631000129;PARAZINHO;RN;PERNAMBUCO;SUPE;PERNAMBUCO
08087561000181;PARELHAS;RN;PERNAMBUCO;SUPE;PERNAMBUCO
08170862000174;PARNAMIRIM;RN;PERNAMBUCO;SUPE;PERNAMBUCO
08144982000105;PASSA E FICA;RN;PERNAMBUCO;SUPE;PERNAMBUCO
08145153000139;PASSAGEM;RN;PERNAMBUCO;SUPE;PERNAMBUCO
08349078000128;PATU;RN;PERNAMBUCO;SUPE;PERNAMBUCO
08148421000176;PAU DOS FERROS;RN;PERNAMBUCO;SUPE;PERNAMBUCO
08113896000127;PEDRA GRANDE;RN;PERNAMBUCO;SUPE;PERNAMBUCO
08113995000109;PEDRA PRETA;RN;PERNAMBUCO;SUPE;PERNAMBUCO
08294654000187;PEDRO AVELINO;RN;PERNAMBUCO;SUPE;PERNAMBUCO
08354896000119;PEDRO VELHO;RN;PERNAMBUCO;SUPE;PERNAMBUCO
08122657000133;PENDENCIAS;RN;PERNAMBUCO;SUPE;PERNAMBUCO
08148488000100;PILOES;RN;PERNAMBUCO;SUPE;PERNAMBUCO
08311904000140;POCO BRANCO;RN;PERNAMBUCO;SUPE;PERNAMBUCO
08358053000190;PORTALEGRE;RN;PERNAMBUCO;SUPE;PERNAMBUCO
01612371000197;PORTO DO MANGUE;RN;PERNAMBUCO;SUPE;PERNAMBUCO
08290223000142;PUREZA;RN;PERNAMBUCO;SUPE;PERNAMBUCO
08357675000102;RAFAEL FERNANDES;RN;PERNAMBUCO;SUPE;PERNAMBUCO
08349037000131;RAFAEL GODEIRO;RN;PERNAMBUCO;SUPE;PERNAMBUCO
08153454000104;RIACHO DA CRUZ;RN;PERNAMBUCO;SUPE;PERNAMBUCO
08357634000108;RIACHO DE SANTANA;RN;PERNAMBUCO;SUPE;PERNAMBUCO
08364655000150;RIACHUELO;RN;PERNAMBUCO;SUPE;PERNAMBUCO
01612393000157;RIO DO FOGO;RN;PERNAMBUCO;SUPE;PERNAMBUCO
08153819000109;RODOLFO FERNANDES;RN;PERNAMBUCO;SUPE;PERNAMBUCO
08078958000107;RUY BARBOSA;RN;PERNAMBUCO;SUPE;PERNAMBUCO
08358889000195;SANTA CRUZ;RN;PERNAMBUCO;SUPE;PERNAMBUCO
01612438000193;SANTA MARIA;RN;PERNAMBUCO;SUPE;PERNAMBUCO
08110439000189;SANTANA DO MATOS;RN;PERNAMBUCO;SUPE;PERNAMBUCO
08088247000113;SANTANA DO SERIDO;RN;PERNAMBUCO;SUPE;PERNAMBUCO
08144800000198;SANTO ANTONIO;RN;PERNAMBUCO;SUPE;PERNAMBUCO
08114514000180;SAO BENTO DO NORTE;RN;PERNAMBUCO;SUPE;PERNAMBUCO
08160467000100;SAO BENTO DO TRAIRI;RN;PERNAMBUCO;SUPE;PERNAMBUCO
08096612000131;SAO FERNANDO;RN;PERNAMBUCO;SUPE;PERNAMBUCO
08154015000116;SAO FRANCISCO DO OESTE;RN;PERNAMBUCO;SUPE;PERNAMBUCO
08079402000135;SAO GONCALO DO AMARANTE;RN;PERNAMBUCO;SUPE;PERNAMBUCO
08095960000194;SAO JOAO DO SABUGI;RN;PERNAMBUCO;SUPE;PERNAMBUCO
08365850000103;SAO JOSE DE MIPIBU;RN;PERNAMBUCO;SUPE;PERNAMBUCO
08146425000115;SAO JOSE DO CAMPESTRE;RN;PERNAMBUCO;SUPE;PERNAMBUCO
08096083000176;SAO JOSE DO SERIDO;RN;PERNAMBUCO;SUPE;PERNAMBUCO
08355463000188;SAO MIGUEL;RN;PERNAMBUCO;SUPE;PERNAMBUCO
01612396000190;SAO MIGUEL DO GOSTOSO;RN;PERNAMBUCO;SUPE;PERNAMBUCO
08079774000161;SAO PAULO DO POTENGI;RN;PERNAMBUCO;SUPE;PERNAMBUCO
08079915000146;SAO PEDRO;RN;PERNAMBUCO;SUPE;PERNAMBUCO
08085417000106;SAO RAFAEL;RN;PERNAMBUCO;SUPE;PERNAMBUCO
08080210000149;SAO TOME;RN;PERNAMBUCO;SUPE;PERNAMBUCO
08308470000129;SAO VICENTE;RN;PERNAMBUCO;SUPE;PERNAMBUCO
08449571000110;SENADOR ELOI DE SOUZA;RN;PERNAMBUCO;SUPE;PERNAMBUCO
08168478000137;SENADOR GEORGINO AVELINO;RN;PERNAMBUCO;SUPE;PERNAMBUCO
08078412000156;SERRA CAIADA;RN;PERNAMBUCO;SUPE;PERNAMBUCO
08146680000168;SERRA DE SAO BENTO;RN;PERNAMBUCO;SUPE;PERNAMBUCO
12755971000120;SERRA DO MEL;RN;PERNAMBUCO;SUPE;PERNAMBUCO
08096372000175;SERRA NEGRA DO NORTE;RN;PERNAMBUCO;SUPE;PERNAMBUCO
08144792000180;SERRINHA;RN;PERNAMBUCO;SUPE;PERNAMBUCO
01613858000194;SERRINHA DOS PINTOS;RN;PERNAMBUCO;SUPE;PERNAMBUCO
08358046000199;SEVERIANO MELO;RN;PERNAMBUCO;SUPE;PERNAMBUCO
08160756000100;SITIO NOVO;RN;PERNAMBUCO;SUPE;PERNAMBUCO
08157810000168;TABOLEIRO GRANDE;RN;PERNAMBUCO;SUPE;PERNAMBUCO
08114753000130;TAIPU;RN;PERNAMBUCO;SUPE;PERNAMBUCO
08159089000145;TANGARA;RN;PERNAMBUCO;SUPE;PERNAMBUCO
08357667000158;TENENTE ANANIAS;RN;PERNAMBUCO;SUPE;PERNAMBUCO
01612382000177;TENENTE LAURENTINO CRUZ;RN;PERNAMBUCO;SUPE;PERNAMBUCO
01622882000190;TIBAU;RN;PERNAMBUCO;SUPE;PERNAMBUCO
08168775000182;TIBAU DO SUL;RN;PERNAMBUCO;SUPE;PERNAMBUCO
08096596000187;TIMBAUBA DOS BATISTAS;RN;PERNAMBUCO;SUPE;PERNAMBUCO
08234155000102;TOUROS;RN;PERNAMBUCO;SUPE;PERNAMBUCO
01612376000110;TRIUNFO POTIGUAR;RN;PERNAMBUCO;SUPE;PERNAMBUCO
08348963000192;UMARIZAL;RN;PERNAMBUCO;SUPE;PERNAMBUCO
08085771000130;UPANEMA;RN;PERNAMBUCO;SUPE;PERNAMBUCO
08168940000104;VARZEA;RN;PERNAMBUCO;SUPE;PERNAMBUCO
01612380000188;VENHA-VER;RN;PERNAMBUCO;SUPE;PERNAMBUCO
08362915000159;VERA CRUZ;RN;PERNAMBUCO;SUPE;PERNAMBUCO
08158198000148;VICOSA;RN;PERNAMBUCO;SUPE;PERNAMBUCO
08169278000107;VILA FLOR;RN;PERNAMBUCO;SUPE;PERNAMBUCO
15834732000154;ALTA FLORESTA D'OESTE;RO;DISTRITO FEDERAL;SUDF;DISTRITO FEDERAL
84744994000140;ALTO ALEGRE DOS PARECIS;RO;DISTRITO FEDERAL;SUDF;DISTRITO FEDERAL
63762025000142;ALTO PARAISO;RO;DISTRITO FEDERAL;SUDF;DISTRITO FEDERAL
15845340000190;ALVORADA D'OESTE;RO;DISTRITO FEDERAL;SUDF;DISTRITO FEDERAL
04104816000116;ARIQUEMES;RO;DISTRITO FEDERAL;SUDF;DISTRITO FEDERAL
01266058000144;BURITIS;RO;DISTRITO FEDERAL;SUDF;DISTRITO FEDERAL
22855159000120;CABIXI;RO;DISTRITO FEDERAL;SUDF;DISTRITO FEDERAL
63762058000192;CACAULANDIA;RO;DISTRITO FEDERAL;SUDF;DISTRITO FEDERAL
04092714000128;CACOAL;RO;DISTRITO FEDERAL;SUDF;DISTRITO FEDERAL
63762033000199;CAMPO NOVO DE RONDONIA;RO;DISTRITO FEDERAL;SUDF;DISTRITO FEDERAL
63761902000160;CANDEIAS DO JAMARI;RO;DISTRITO FEDERAL;SUDF;DISTRITO FEDERAL
63761969000103;CASTANHEIRAS;RO;DISTRITO FEDERAL;SUDF;DISTRITO FEDERAL
04914925000107;CEREJEIRAS;RO;DISTRITO FEDERAL;SUDF;DISTRITO FEDERAL
01587887000129;CHUPINGUAIA;RO;DISTRITO FEDERAL;SUDF;DISTRITO FEDERAL
04391512000187;COLORADO DO OESTE;RO;DISTRITO FEDERAL;SUDF;DISTRITO FEDERAL
63762041000135;CORUMBIARA;RO;DISTRITO FEDERAL;SUDF;DISTRITO FEDERAL
04100020000195;COSTA MARQUES;RO;DISTRITO FEDERAL;SUDF;DISTRITO FEDERAL
84736941000188;CUJUBIM;RO;DISTRITO FEDERAL;SUDF;DISTRITO FEDERAL
04695284000139;ESPIGAO D'OESTE;RO;DISTRITO FEDERAL;SUDF;DISTRITO FEDERAL
63761944000100;GOVERNADOR JORGE TEIXEIRA;RO;DISTRITO FEDERAL;SUDF;DISTRITO FEDERAL
05893631000109;GUAJARA-MIRIM;RO;DISTRITO FEDERAL;SUDF;DISTRITO FEDERAL
63761936000155;ITAPUA DO OESTE;RO;DISTRITO FEDERAL;SUDF;DISTRITO FEDERAL
04279238000159;JARU;RO;DISTRITO FEDERAL;SUDF;DISTRITO FEDERAL
04092672000125;JI-PARANA;RO;DISTRITO FEDERAL;SUDF;DISTRITO FEDERAL
22855142000173;MACHADINHO D'OESTE;RO;DISTRITO FEDERAL;SUDF;DISTRITO FEDERAL
63762074000185;MINISTRO ANDREAZZA;RO;DISTRITO FEDERAL;SUDF;DISTRITO FEDERAL
63787071000104;MIRANTE DA SERRA;RO;DISTRITO FEDERAL;SUDF;DISTRITO FEDERAL
63761985000198;MONTE NEGRO;RO;DISTRITO FEDERAL;SUDF;DISTRITO FEDERAL
15884109000106;NOVA BRASILANDIA D'OESTE;RO;DISTRITO FEDERAL;SUDF;DISTRITO FEDERAL
22855183000160;NOVA MAMORE;RO;DISTRITO FEDERAL;SUDF;DISTRITO FEDERAL
00699197000107;NOVA UNIAO;RO;DISTRITO FEDERAL;SUDF;DISTRITO FEDERAL
63762009000150;NOVO HORIZONTE DO OESTE;RO;DISTRITO FEDERAL;SUDF;DISTRITO FEDERAL
04380507000179;OURO PRETO DO OESTE;RO;DISTRITO FEDERAL;SUDF;DISTRITO FEDERAL
84745363000146;PARECIS;RO;DISTRITO FEDERAL;SUDF;DISTRITO FEDERAL
04092680000171;PIMENTA BUENO;RO;DISTRITO FEDERAL;SUDF;DISTRITO FEDERAL
01592473000198;PIMENTEIRAS DO OESTE;RO;DISTRITO FEDERAL;SUDF;DISTRITO FEDERAL
05903125000145;PORTO VELHO;RO;DISTRITO FEDERAL;SUDF;DISTRITO FEDERAL
04632212000142;PRESIDENTE MEDICI;RO;DISTRITO FEDERAL;SUDF;DISTRITO FEDERAL
84723030000116;PRIMAVERA DE RONDONIA;RO;DISTRITO FEDERAL;SUDF;DISTRITO FEDERAL
63761977000141;RIO CRESPO;RO;DISTRITO FEDERAL;SUDF;DISTRITO FEDERAL
04394805000118;ROLIM DE MOURA;RO;DISTRITO FEDERAL;SUDF;DISTRITO FEDERAL
15845365000194;SANTA LUZIA D'OESTE;RO;DISTRITO FEDERAL;SUDF;DISTRITO FEDERAL
84745389000194;SAO FELIPE D'OESTE;RO;DISTRITO FEDERAL;SUDF;DISTRITO FEDERAL
01254422000156;SAO FRANCISCO DO GUAPORE;RO;DISTRITO FEDERAL;SUDF;DISTRITO FEDERAL
22855167000177;SAO MIGUEL DO GUAPORE;RO;DISTRITO FEDERAL;SUDF;DISTRITO FEDERAL
63761993000134;SERINGUEIRAS;RO;DISTRITO FEDERAL;SUDF;DISTRITO FEDERAL
84722933000182;TEIXEIROPOLIS;RO;DISTRITO FEDERAL;SUDF;DISTRITO FEDERAL
84727601000190;THEOBROMA;RO;DISTRITO FEDERAL;SUDF;DISTRITO FEDERAL
63787097000144;URUPA;RO;DISTRITO FEDERAL;SUDF;DISTRITO FEDERAL
84722917000190;VALE DO ANARI;RO;DISTRITO FEDERAL;SUDF;DISTRITO FEDERAL
63786990000155;VALE DO PARAISO;RO;DISTRITO FEDERAL;SUDF;DISTRITO FEDERAL
04092706000181;VILHENA;RO;DISTRITO FEDERAL;SUDF;DISTRITO FEDERAL
04056206000194;ALTO ALEGRE;RR;DISTRITO FEDERAL;SUDF;DISTRITO FEDERAL
01614081000182;AMAJARI;RR;DISTRITO FEDERAL;SUDF;DISTRITO FEDERAL
05943030000155;BOA VISTA;RR;DISTRITO FEDERAL;SUDF;DISTRITO FEDERAL
04056214000130;BONFIM;RR;DISTRITO FEDERAL;SUDF;DISTRITO FEDERAL
01612682000156;CANTA;RR;DISTRITO FEDERAL;SUDF;DISTRITO FEDERAL
04653408000113;CARACARAI;RR;DISTRITO FEDERAL;SUDF;DISTRITO FEDERAL
01614606000180;CAROEBE;RR;DISTRITO FEDERAL;SUDF;DISTRITO FEDERAL
01613028000167;IRACEMA;RR;DISTRITO FEDERAL;SUDF;DISTRITO FEDERAL
04056198000186;MUCAJAI;RR;DISTRITO FEDERAL;SUDF;DISTRITO FEDERAL
04056222000187;NORMANDIA;RR;DISTRITO FEDERAL;SUDF;DISTRITO FEDERAL
01612675000154;PACARAIMA;RR;DISTRITO FEDERAL;SUDF;DISTRITO FEDERAL
01613031000180;RORAINOPOLIS;RR;DISTRITO FEDERAL;SUDF;DISTRITO FEDERAL
04056248000125;SAO JOAO DA BALIZA;RR;DISTRITO FEDERAL;SUDF;DISTRITO FEDERAL
04056230000123;SAO LUIZ;RR;DISTRITO FEDERAL;SUDF;DISTRITO FEDERAL
01612681000101;UIRAMUTA;RR;DISTRITO FEDERAL;SUDF;DISTRITO FEDERAL
92406495000171;AGUA SANTA;RS;PARANÁ;SUPR;PARAN�
87531976000179;AGUDO;RS;PARANÁ;SUPR;PARAN�
87613253000119;AJURICABA;RS;PARANÁ;SUPR;PARAN�
87612784000197;ALECRIM;RS;PARANÁ;SUPR;PARAN�
92465228000175;ALEGRIA;RS;PARANÁ;SUPR;PARAN�
04215782000137;ALMIRANTE TAMANDARE DO SUL;RS;PARANÁ;SUPR;PARAN�
87612933000118;ALPESTRE;RS;PARANÁ;SUPR;PARAN�
92406057000103;ALTO ALEGRE;RS;PARANÁ;SUPR;PARAN�
92123926000192;ALTO FELIZ;RS;PARANÁ;SUPR;PARAN�
88000906000157;ALVORADA;RS;PARANÁ;SUPR;PARAN�
92411156000183;AMETISTA DO SUL;RS;PARANÁ;SUPR;PARAN�
90483066000172;ANDRE DA ROCHA;RS;PARANÁ;SUPR;PARAN�
87261509000176;ANTA GORDA;RS;PARANÁ;SUPR;PARAN�
87842233000110;ANTONIO PRADO;RS;PARANÁ;SUPR;PARAN�
01612918000154;ARARICA;RS;PARANÁ;SUPR;PARAN�
87613469000184;ARATIBA;RS;PARANÁ;SUPR;PARAN�
87297271000139;ARROIO DO MEIO;RS;PARANÁ;SUPR;PARAN�
91103093000135;ARROIO DO SAL;RS;PARANÁ;SUPR;PARAN�
87590998000100;ARROIO DO TIGRE;RS;PARANÁ;SUPR;PARAN�
88363072000144;ARROIO DOS RATOS;RS;PARANÁ;SUPR;PARAN�
87612750000100;ARVOREZINHA;RS;PARANÁ;SUPR;PARAN�
87613246000117;AUGUSTO PESTANA;RS;PARANÁ;SUPR;PARAN�
92453802000175;AUREA;RS;PARANÁ;SUPR;PARAN�
01611339000197;BALNEARIO PINHAL;RS;PARANÁ;SUPR;PARAN�
91693325000152;BARAO;RS;PARANÁ;SUPR;PARAN�
87613451000182;BARAO DE COTEGIPE;RS;PARANÁ;SUPR;PARAN�
91900365000128;BARAO DO TRIUNFO;RS;PARANÁ;SUPR;PARAN�
94726312000120;BARRA DO GUARITA;RS;PARANÁ;SUPR;PARAN�
88811930000176;BARRA DO RIBEIRO;RS;PARANÁ;SUPR;PARAN�
93539153000192;BARRA DO RIO AZUL;RS;PARANÁ;SUPR;PARAN�
94704004000102;BARRA FUNDA;RS;PARANÁ;SUPR;PARAN�
87613618000105;BARRACAO;RS;PARANÁ;SUPR;PARAN�
87612735000154;BARROS CASSAL;RS;PARANÁ;SUPR;PARAN�
01612292000186;BENJAMIN CONSTANT DO SUL;RS;PARANÁ;SUPR;PARAN�
87849923000109;BENTO GONCALVES;RS;PARANÁ;SUPR;PARAN�
92410562000121;BOA VISTA DAS MISSOES;RS;PARANÁ;SUPR;PARAN�
87612867000186;BOA VISTA DO BURICA;RS;PARANÁ;SUPR;PARAN�
04216132000106;BOA VISTA DO CADEADO;RS;PARANÁ;SUPR;PARAN�
04215199000126;BOA VISTA DO INCRA;RS;PARANÁ;SUPR;PARAN�
01602022000194;BOA VISTA DO SUL;RS;PARANÁ;SUPR;PARAN�
87851200000136;BOM JESUS;RS;PARANÁ;SUPR;PARAN�
90873787000199;BOM PRINCIPIO;RS;PARANÁ;SUPR;PARAN�
94726353000117;BOM PROGRESSO;RS;PARANÁ;SUPR;PARAN�
87242707000192;BOM RETIRO DO SUL;RS;PARANÁ;SUPR;PARAN�
92454818000100;BOQUEIRAO DO LEAO;RS;PARANÁ;SUPR;PARAN�
87613014000169;BOSSOROCA;RS;PARANÁ;SUPR;PARAN�
04216419000136;BOZANO;RS;PARANÁ;SUPR;PARAN�
87613170000120;BRAGA;RS;PARANÁ;SUPR;PARAN�
91693309000160;BROCHIER;RS;PARANÁ;SUPR;PARAN�
88117718000103;BUTIA;RS;PARANÁ;SUPR;PARAN�
88604897000103;CACEQUI;RS;PARANÁ;SUPR;PARAN�
87530978000143;CACHOEIRA DO SUL;RS;PARANÁ;SUPR;PARAN�
87990800000185;CACHOEIRINHA;RS;PARANÁ;SUPR;PARAN�
87613600000103;CACIQUE DOBLE;RS;PARANÁ;SUPR;PARAN�
87613006000112;CAIBATE;RS;PARANÁ;SUPR;PARAN�
87612925000171;CAICARA;RS;PARANÁ;SUPR;PARAN�
92406099000144;CAMARGO;RS;PARANÁ;SUPR;PARAN�
88756929000196;CAMBARA DO SUL;RS;PARANÁ;SUPR;PARAN�
92868868000126;CAMPESTRE DA SERRA;RS;PARANÁ;SUPR;PARAN�
87612859000130;CAMPINA DAS MISSOES;RS;PARANÁ;SUPR;PARAN�
87613444000180;CAMPINAS DO SUL;RS;PARANÁ;SUPR;PARAN�
90832619000155;CAMPO BOM;RS;PARANÁ;SUPR;PARAN�
87613162000183;CAMPO NOVO;RS;PARANÁ;SUPR;PARAN�
92406164000131;CAMPOS BORGES;RS;PARANÁ;SUPR;PARAN�
87568911000106;CANDELARIA;RS;PARANÁ;SUPR;PARAN�
87612842000182;CANDIDO GODOI;RS;PARANÁ;SUPR;PARAN�
88585518000185;CANELA;RS;PARANÁ;SUPR;PARAN�
88577416000118;CANOAS;RS;PARANÁ;SUPR;PARAN�
04218263000122;CANUDOS DO VALE;RS;PARANÁ;SUPR;PARAN�
04215971000100;CAPAO BONITO DO SUL;RS;PARANÁ;SUPR;PARAN�
90836693000140;CAPAO DA CANOA;RS;PARANÁ;SUPR;PARAN�
04213779000184;CAPAO DO CIPO;RS;PARANÁ;SUPR;PARAN�
92122720000148;CAPELA DE SANTANA;RS;PARANÁ;SUPR;PARAN�
94706132000187;CAPITAO;RS;PARANÁ;SUPR;PARAN�
01610503000141;CAPIVARI DO SUL;RS;PARANÁ;SUPR;PARAN�
01614158000114;CARAA;RS;PARANÁ;SUPR;PARAN�
87613535000116;CARAZINHO;RS;PARANÁ;SUPR;PARAN�
88587183000134;CARLOS BARBOSA;RS;PARANÁ;SUPR;PARAN�
93539187000187;CARLOS GOMES;RS;PARANÁ;SUPR;PARAN�
87596623000157;CASCA;RS;PARANÁ;SUPR;PARAN�
90483058000126;CASEIROS;RS;PARANÁ;SUPR;PARAN�
87613063000100;CATUIPE;RS;PARANÁ;SUPR;PARAN�
88830609000139;CAXIAS DO SUL;RS;PARANÁ;SUPR;PARAN�
93539138000144;CENTENARIO;RS;PARANÁ;SUPR;PARAN�
92000223000177;CERRO BRANCO;RS;PARANÁ;SUPR;PARAN�
92005545000109;CERRO GRANDE;RS;PARANÁ;SUPR;PARAN�
11712396000116;CERRO GRANDE DO SUL;RS;PARANÁ;SUPR;PARAN�
87612990000105;CERRO LARGO;RS;PARANÁ;SUPR;PARAN�
87613220000179;CHAPADA;RS;PARANÁ;SUPR;PARAN�
88743604000179;CHARQUEADAS;RS;PARANÁ;SUPR;PARAN�
92450733000146;CHARRUA;RS;PARANÁ;SUPR;PARAN�
87613055000155;CHIAPETTA;RS;PARANÁ;SUPR;PARAN�
01610869000110;CHUVISCA;RS;PARANÁ;SUPR;PARAN�
90256686000179;CIDREIRA;RS;PARANÁ;SUPR;PARAN�
88202437000159;CIRIACO;RS;PARANÁ;SUPR;PARAN�
94706140000123;COLINAS;RS;PARANÁ;SUPR;PARAN�
87613527000170;COLORADO;RS;PARANÁ;SUPR;PARAN�
88437926000190;CONDOR;RS;PARANÁ;SUPR;PARAN�
87708889000144;CONSTANTINA;RS;PARANÁ;SUPR;PARAN�
04217860000132;COQUEIRO BAIXO;RS;PARANÁ;SUPR;PARAN�
94703980000132;COQUEIROS DO SUL;RS;PARANÁ;SUPR;PARAN�
94721388000163;CORONEL BARROS;RS;PARANÁ;SUPR;PARAN�
87613154000137;CORONEL BICACO;RS;PARANÁ;SUPR;PARAN�
04215013000139;CORONEL PILAR;RS;PARANÁ;SUPR;PARAN�
90898487000164;COTIPORA;RS;PARANÁ;SUPR;PARAN�
92411933000190;COXILHA;RS;PARANÁ;SUPR;PARAN�
87613147000135;CRISSIUMAL;RS;PARANÁ;SUPR;PARAN�
01610515000176;CRISTAL DO SUL;RS;PARANÁ;SUPR;PARAN�
88775390000112;CRUZ ALTA;RS;PARANÁ;SUPR;PARAN�
04213529000144;CRUZALTENSE;RS;PARANÁ;SUPR;PARAN�
87297990000150;CRUZEIRO DO SUL;RS;PARANÁ;SUPR;PARAN�
88203088000190;DAVID CANABARRO;RS;PARANÁ;SUPR;PARAN�
94442282000120;DERRUBADAS;RS;PARANÁ;SUPR;PARAN�
91553966000101;DEZESSEIS DE NOVEMBRO;RS;PARANÁ;SUPR;PARAN�
01609404000140;DILERMANDO DE AGUIAR;RS;PARANÁ;SUPR;PARAN�
88254891000153;DOIS IRMAOS;RS;PARANÁ;SUPR;PARAN�
92411115000197;DOIS IRMAOS DAS MISSOES;RS;PARANÁ;SUPR;PARAN�
90221524000103;DOIS LAJEADOS;RS;PARANÁ;SUPR;PARAN�
01640339000115;DOM PEDRO DE ALCANTARA;RS;PARANÁ;SUPR;PARAN�
87488938000180;DONA FRANCISCA;RS;PARANÁ;SUPR;PARAN�
92465210000173;DOUTOR MAURICIO CARDOSO;RS;PARANÁ;SUPR;PARAN�
01613360000121;DOUTOR RICARDO;RS;PARANÁ;SUPR;PARAN�
92324706000127;ELDORADO DO SUL;RS;PARANÁ;SUPR;PARAN�
88349238000178;ENCANTADO;RS;PARANÁ;SUPR;PARAN�
12142963000109;ENGENHO VELHO;RS;PARANÁ;SUPR;PARAN�
92453927000103;ENTRE RIOS DO SUL;RS;PARANÁ;SUPR;PARAN�
89971782000110;ENTRE-IJUIS;RS;PARANÁ;SUPR;PARAN�
92453828000113;EREBANGO;RS;PARANÁ;SUPR;PARAN�
87613477000120;ERECHIM;RS;PARANÁ;SUPR;PARAN�
92406180000124;ERNESTINA;RS;PARANÁ;SUPR;PARAN�
87613436000134;ERVAL GRANDE;RS;PARANÁ;SUPR;PARAN�
87613212000122;ERVAL SECO;RS;PARANÁ;SUPR;PARAN�
88225149000110;ESMERALDA;RS;PARANÁ;SUPR;PARAN�
01613464000136;ESPERANCA DO SUL;RS;PARANÁ;SUPR;PARAN�
87612743000109;ESPUMOSO;RS;PARANÁ;SUPR;PARAN�
92406248000175;ESTACAO;RS;PARANÁ;SUPR;PARAN�
88254883000107;ESTANCIA VELHA;RS;PARANÁ;SUPR;PARAN�
88150495000186;ESTEIO;RS;PARANÁ;SUPR;PARAN�
87246120000151;ESTRELA;RS;PARANÁ;SUPR;PARAN�
01601857000120;ESTRELA VELHA;RS;PARANÁ;SUPR;PARAN�
89971766000127;EUGENIO DE CASTRO;RS;PARANÁ;SUPR;PARAN�
91566893000192;FAGUNDES VARELA;RS;PARANÁ;SUPR;PARAN�
89848949000150;FARROUPILHA;RS;PARANÁ;SUPR;PARAN�
88488341000107;FAXINAL DO SOTURNO;RS;PARANÁ;SUPR;PARAN�
92453851000108;FAXINALZINHO;RS;PARANÁ;SUPR;PARAN�
01607509000160;FAZENDA VILANOVA;RS;PARANÁ;SUPR;PARAN�
87838330000139;FELIZ;RS;PARANÁ;SUPR;PARAN�
87843819000107;FLORES DA CUNHA;RS;PARANÁ;SUPR;PARAN�
01612289000162;FLORIANO PEIXOTO;RS;PARANÁ;SUPR;PARAN�
87612768000102;FONTOURA XAVIER;RS;PARANÁ;SUPR;PARAN�
97228126000150;FORMIGUEIRO;RS;PARANÁ;SUPR;PARAN�
04214401000103;FORQUETINHA;RS;PARANÁ;SUPR;PARAN�
89708051000186;FORTALEZA DOS VALOS;RS;PARANÁ;SUPR;PARAN�
87612917000125;FREDERICO WESTPHALEN;RS;PARANÁ;SUPR;PARAN�
88594999000195;GARIBALDI;RS;PARANÁ;SUPR;PARAN�
87613428000198;GAURAMA;RS;PARANÁ;SUPR;PARAN�
88117726000150;GENERAL CAMARA;RS;PARANÁ;SUPR;PARAN�
92411875000102;GENTIL;RS;PARANÁ;SUPR;PARAN�
87613410000196;GETULIO VARGAS;RS;PARANÁ;SUPR;PARAN�
87613048000153;GIRUA;RS;PARANÁ;SUPR;PARAN�
91338558000137;GLORINHA;RS;PARANÁ;SUPR;PARAN�
88847082000155;GRAMADO;RS;PARANÁ;SUPR;PARAN�
94703964000140;GRAMADO DOS LOUREIROS;RS;PARANÁ;SUPR;PARAN�
94577509000145;GRAMADO XAVIER;RS;PARANÁ;SUPR;PARAN�
87890992000158;GRAVATAI;RS;PARANÁ;SUPR;PARAN�
91566844000150;GUABIJU;RS;PARANÁ;SUPR;PARAN�
88811922000120;GUAIBA;RS;PARANÁ;SUPR;PARAN�
87862397000109;GUAPORE;RS;PARANÁ;SUPR;PARAN�
87613030000151;GUARANI DAS MISSOES;RS;PARANÁ;SUPR;PARAN�
91693283000150;HARMONIA;RS;PARANÁ;SUPR;PARAN�
01617873000100;HERVEIRAS;RS;PARANÁ;SUPR;PARAN�
87612834000136;HORIZONTINA;RS;PARANÁ;SUPR;PARAN�
87613139000199;HUMAITA;RS;PARANÁ;SUPR;PARAN�
92000231000113;IBARAMA;RS;PARANÁ;SUPR;PARAN�
87613592000103;IBIACA;RS;PARANÁ;SUPR;PARAN�
87613584000159;IBIRAIARAS;RS;PARANÁ;SUPR;PARAN�
92406263000113;IBIRAPUITA;RS;PARANÁ;SUPR;PARAN�
87564381000110;IBIRUBA;RS;PARANÁ;SUPR;PARAN�
88379763000136;IGREJINHA;RS;PARANÁ;SUPR;PARAN�
90738196000109;IJUI;RS;PARANÁ;SUPR;PARAN�
88186424000133;ILOPOLIS;RS;PARANÁ;SUPR;PARAN�
90256652000184;IMBE;RS;PARANÁ;SUPR;PARAN�
92454776000108;IMIGRANTE;RS;PARANÁ;SUPR;PARAN�
87612826000190;INDEPENDENCIA;RS;PARANÁ;SUPR;PARAN�
93244606000153;INHACORA;RS;PARANÁ;SUPR;PARAN�
90544511000167;IPE;RS;PARANÁ;SUPR;PARAN�
92453836000160;IPIRANGA DO SUL;RS;PARANÁ;SUPR;PARAN�
87612941000164;IRAI;RS;PARANÁ;SUPR;PARAN�
01605306000134;ITAARA;RS;PARANÁ;SUPR;PARAN�
91573048000144;ITACURUBI;RS;PARANÁ;SUPR;PARAN�
93856862000100;ITAPUCA;RS;PARANÁ;SUPR;PARAN�
04158995000174;ITATI;RS;PARANÁ;SUPR;PARAN�
87613402000140;ITATIBA DO SUL;RS;PARANÁ;SUPR;PARAN�
92457175000140;IVORA;RS;PARANÁ;SUPR;PARAN�
88254909000117;IVOTI;RS;PARANÁ;SUPR;PARAN�
92005560000157;JABOTICABA;RS;PARANÁ;SUPR;PARAN�
04217901000190;JACUIZINHO;RS;PARANÁ;SUPR;PARAN�
87613394000131;JACUTINGA;RS;PARANÁ;SUPR;PARAN�
87572046000163;JAGUARI;RS;PARANÁ;SUPR;PARAN�
92401561000110;JAQUIRANA;RS;PARANÁ;SUPR;PARAN�
01609402000150;JARI;RS;PARANÁ;SUPR;PARAN�
89650121000192;JOIA;RS;PARANÁ;SUPR;PARAN�
88227756000119;JULIO DE CASTILHOS;RS;PARANÁ;SUPR;PARAN�
04215918000109;LAGOA BONITA DO SUL;RS;PARANÁ;SUPR;PARAN�
94704277000149;LAGOA DOS TRES CANTOS;RS;PARANÁ;SUPR;PARAN�
87613626000151;LAGOA VERMELHA;RS;PARANÁ;SUPR;PARAN�
92406289000161;LAGOAO;RS;PARANÁ;SUPR;PARAN�
87297982000103;LAJEADO;RS;PARANÁ;SUPR;PARAN�
92410448000100;LAJEADO DO BUGRE;RS;PARANÁ;SUPR;PARAN�
89030639000123;LIBERATO SALZANO;RS;PARANÁ;SUPR;PARAN�
94707486000146;LINDOLFO COLLOR;RS;PARANÁ;SUPR;PARAN�
92123900000144;LINHA NOVA;RS;PARANÁ;SUPR;PARAN�
87613576000102;MACHADINHO;RS;PARANÁ;SUPR;PARAN�
01613501000106;MAMPITUBA;RS;PARANÁ;SUPR;PARAN�
94436342000100;MAQUINE;RS;PARANÁ;SUPR;PARAN�
93235943000184;MARATA;RS;PARANÁ;SUPR;PARAN�
87599122000124;MARAU;RS;PARANÁ;SUPR;PARAN�
87613287000103;MARCELINO RAMOS;RS;PARANÁ;SUPR;PARAN�
94068418000184;MARIANA PIMENTEL;RS;PARANÁ;SUPR;PARAN�
87613386000195;MARIANO MORO;RS;PARANÁ;SUPR;PARAN�
01607619000121;MARQUES DE SOUZA;RS;PARANÁ;SUPR;PARAN�
88485412000100;MATA;RS;PARANÁ;SUPR;PARAN�
92412808000102;MATO CASTELHANO;RS;PARANÁ;SUPR;PARAN�
94577590000163;MATO LEITAO;RS;PARANÁ;SUPR;PARAN�
04204318000145;MATO QUEIMADO;RS;PARANÁ;SUPR;PARAN�
87613279000167;MAXIMILIANO DE ALMEIDA;RS;PARANÁ;SUPR;PARAN�
91900381000110;MINAS DO LEAO;RS;PARANÁ;SUPR;PARAN�
87613121000197;MIRAGUAI;RS;PARANÁ;SUPR;PARAN�
90221565000191;MONTAURI;RS;PARANÁ;SUPR;PARAN�
01615314000161;MONTE ALEGRE DOS CAMPOS;RS;PARANÁ;SUPR;PARAN�
91987669000174;MONTE BELO DO SUL;RS;PARANÁ;SUPR;PARAN�
90895905000160;MONTENEGRO;RS;PARANÁ;SUPR;PARAN�
92451038000107;MORMACO;RS;PARANÁ;SUPR;PARAN�
93317980000131;MORRINHOS DO SUL;RS;PARANÁ;SUPR;PARAN�
94707627000120;MORRO REUTER;RS;PARANÁ;SUPR;PARAN�
88000922000140;MOSTARDAS;RS;PARANÁ;SUPR;PARAN�
88224712000135;MUCUM;RS;PARANÁ;SUPR;PARAN�
01621714000180;MUITOS CAPOES;RS;PARANÁ;SUPR;PARAN�
92450998000144;MULITERNO;RS;PARANÁ;SUPR;PARAN�
87613519000123;NAO-ME-TOQUE;RS;PARANÁ;SUPR;PARAN�
92411974000186;NICOLAU VERGUEIRO;RS;PARANÁ;SUPR;PARAN�
91567974000107;NONOAI;RS;PARANÁ;SUPR;PARAN�
92402502000167;NOVA ALVORADA;RS;PARANÁ;SUPR;PARAN�
87502902000104;NOVA ARACA;RS;PARANÁ;SUPR;PARAN�
87502894000104;NOVA BASSANO;RS;PARANÁ;SUPR;PARAN�
94704061000183;NOVA BOA VISTA;RS;PARANÁ;SUPR;PARAN�
88600655000141;NOVA BRESCIA;RS;PARANÁ;SUPR;PARAN�
01602258000120;NOVA CANDELARIA;RS;PARANÁ;SUPR;PARAN�
92455393000146;NOVA ESPERANCA DO SUL;RS;PARANÁ;SUPR;PARAN�
91995365000159;NOVA HARTZ;RS;PARANÁ;SUPR;PARAN�
92871532000112;NOVA PADUA;RS;PARANÁ;SUPR;PARAN�
88488358000156;NOVA PALMA;RS;PARANÁ;SUPR;PARAN�
88572748000100;NOVA PETROPOLIS;RS;PARANÁ;SUPR;PARAN�
91618439000138;NOVA PRATA;RS;PARANÁ;SUPR;PARAN�
01611828000149;NOVA RAMADA;RS;PARANÁ;SUPR;PARAN�
91110296000159;NOVA ROMA DO SUL;RS;PARANÁ;SUPR;PARAN�
94309291000148;NOVA SANTA RITA;RS;PARANÁ;SUPR;PARAN�
92410521000135;NOVO BARREIRO;RS;PARANÁ;SUPR;PARAN�
01601856000185;NOVO CABRAIS;RS;PARANÁ;SUPR;PARAN�
88254875000160;NOVO HAMBURGO;RS;PARANÁ;SUPR;PARAN�
94187341000161;NOVO MACHADO;RS;PARANÁ;SUPR;PARAN�
92411172000176;NOVO TIRADENTES;RS;PARANÁ;SUPR;PARAN�
04207526000106;NOVO XINGU;RS;PARANÁ;SUPR;PARAN�
88814181000130;OSORIO;RS;PARANÁ;SUPR;PARAN�
87613568000166;PAIM FILHO;RS;PARANÁ;SUPR;PARAN�
90836701000158;PALMARES DO SUL;RS;PARANÁ;SUPR;PARAN�
88541354000194;PALMEIRA DAS MISSOES;RS;PARANÁ;SUPR;PARAN�
87612909000189;PALMITINHO;RS;PARANÁ;SUPR;PARAN�
88702089000189;PANAMBI;RS;PARANÁ;SUPR;PARAN�
91342667000128;PANTANO GRANDE;RS;PARANÁ;SUPR;PARAN�
87502886000150;PARAI;RS;PARANÁ;SUPR;PARAN�
92000207000184;PARAISO DO SUL;RS;PARANÁ;SUPR;PARAN�
93235950000186;PARECI NOVO;RS;PARANÁ;SUPR;PARAN�
88372883000101;PAROBE;RS;PARANÁ;SUPR;PARAN�
01612364000195;PASSA SETE;RS;PARANÁ;SUPR;PARAN�
94577616000173;PASSO DO SOBRADO;RS;PARANÁ;SUPR;PARAN�
87612537000190;PASSO FUNDO;RS;PARANÁ;SUPR;PARAN�
04215168000175;PAULO BENTO;RS;PARANÁ;SUPR;PARAN�
91693317000106;PAVERAMA;RS;PARANÁ;SUPR;PARAN�
87566188000118;PEJUCARA;RS;PARANÁ;SUPR;PARAN�
92871466000180;PICADA CAFE;RS;PARANÁ;SUPR;PARAN�
92005586000103;PINHAL;RS;PARANÁ;SUPR;PARAN�
04213870000108;PINHAL DA SERRA;RS;PARANÁ;SUPR;PARAN�
94444346000122;PINHAL GRANDE;RS;PARANÁ;SUPR;PARAN�
92411099000132;PINHEIRINHO DO VALE;RS;PARANÁ;SUPR;PARAN�
04213671000191;PINTO BANDEIRA;RS;PARANÁ;SUPR;PARAN�
91553941000108;PIRAPO;RS;PARANÁ;SUPR;PARAN�
87612891000115;PLANALTO;RS;PARANÁ;SUPR;PARAN�
91693333000107;POCO DAS ANTAS;RS;PARANÁ;SUPR;PARAN�
92451152000129;PONTAO;RS;PARANÁ;SUPR;PARAN�
93539161000139;PONTE PRETA;RS;PARANÁ;SUPR;PARAN�
87344016000108;PORTAO;RS;PARANÁ;SUPR;PARAN�
92963560000160;PORTO ALEGRE;RS;PARANÁ;SUPR;PARAN�
87613659000100;PORTO LUCENA;RS;PARANÁ;SUPR;PARAN�
93845519000151;PORTO MAUA;RS;PARANÁ;SUPR;PARAN�
91105452000193;PORTO VERA CRUZ;RS;PARANÁ;SUPR;PARAN�
87613667000148;PORTO XAVIER;RS;PARANÁ;SUPR;PARAN�
92454826000149;POUSO NOVO;RS;PARANÁ;SUPR;PARAN�
94707494000192;PRESIDENTE LUCENA;RS;PARANÁ;SUPR;PARAN�
92454800000109;PROGRESSO;RS;PARANÁ;SUPR;PARAN�
91566885000146;PROTASIO ALVES;RS;PARANÁ;SUPR;PARAN�
88186754000129;PUTINGA;RS;PARANÁ;SUPR;PARAN�
04215994000114;QUATRO IRMAOS;RS;PARANÁ;SUPR;PARAN�
94444122000110;QUEVEDOS;RS;PARANÁ;SUPR;PARAN�
91574764000146;QUINZE DE NOVEMBRO;RS;PARANÁ;SUPR;PARAN�
87613113000140;REDENTORA;RS;PARANÁ;SUPR;PARAN�
92402510000103;RELVADO;RS;PARANÁ;SUPR;PARAN�
87490306000151;RESTINGA SECA;RS;PARANÁ;SUPR;PARAN�
94704103000186;RIO DOS INDIOS;RS;PARANÁ;SUPR;PARAN�
88821079000162;RIO PARDO;RS;PARANÁ;SUPR;PARAN�
92401553000174;RIOZINHO;RS;PARANÁ;SUPR;PARAN�
88187935000170;ROCA SALES;RS;PARANÁ;SUPR;PARAN�
87613204000186;RODEIO BONITO;RS;PARANÁ;SUPR;PARAN�
04203896000167;ROLADOR;RS;PARANÁ;SUPR;PARAN�
90936956000192;ROLANTE;RS;PARANÁ;SUPR;PARAN�
87711503000153;RONDA ALTA;RS;PARANÁ;SUPR;PARAN�
87712212000180;RONDINHA;RS;PARANÁ;SUPR;PARAN�
87612982000150;ROQUE GONZALES;RS;PARANÁ;SUPR;PARAN�
92410422000153;SAGRADA FAMILIA;RS;PARANÁ;SUPR;PARAN�
92399153000171;SALDANHA MARINHO;RS;PARANÁ;SUPR;PARAN�
89658025000190;SALTO DO JACUI;RS;PARANÁ;SUPR;PARAN�
93592731000154;SALVADOR DAS MISSOES;RS;PARANÁ;SUPR;PARAN�
87860763000190;SALVADOR DO SUL;RS;PARANÁ;SUPR;PARAN�
87613543000162;SANANDUVA;RS;PARANÁ;SUPR;PARAN�
88496468000160;SANTA BARBARA DO SUL;RS;PARANÁ;SUPR;PARAN�
04215090000199;SANTA CECILIA DO SUL;RS;PARANÁ;SUPR;PARAN�
94705936000161;SANTA CLARA DO SUL;RS;PARANÁ;SUPR;PARAN�
95440517000108;SANTA CRUZ DO SUL;RS;PARANÁ;SUPR;PARAN�
88488366000100;SANTA MARIA;RS;PARANÁ;SUPR;PARAN�
91995373000103;SANTA MARIA DO HERVAL;RS;PARANÁ;SUPR;PARAN�
88546890000182;SANTA ROSA;RS;PARANÁ;SUPR;PARAN�
91987719000113;SANTA TEREZA;RS;PARANÁ;SUPR;PARAN�
87897740000150;SANTIAGO;RS;PARANÁ;SUPR;PARAN�
87613071000148;SANTO ANGELO;RS;PARANÁ;SUPR;PARAN�
88814199000132;SANTO ANTONIO DA PATRULHA;RS;PARANÁ;SUPR;PARAN�
87612974000104;SANTO ANTONIO DAS MISSOES;RS;PARANÁ;SUPR;PARAN�
92412832000133;SANTO ANTONIO DO PALMA;RS;PARANÁ;SUPR;PARAN�
94704020000197;SANTO ANTONIO DO PLANALTO;RS;PARANÁ;SUPR;PARAN�
87613105000102;SANTO AUGUSTO;RS;PARANÁ;SUPR;PARAN�
87612818000143;SANTO CRISTO;RS;PARANÁ;SUPR;PARAN�
90484296000156;SANTO EXPEDITO DO SUL;RS;PARANÁ;SUPR;PARAN�
92406453000130;SAO DOMINGOS DO SUL;RS;PARANÁ;SUPR;PARAN�
88756879000147;SAO FRANCISCO DE PAULA;RS;PARANÁ;SUPR;PARAN�
88117700000101;SAO JERONIMO;RS;PARANÁ;SUPR;PARAN�
90483082000165;SAO JOAO DA URTIGA;RS;PARANÁ;SUPR;PARAN�
94444247000140;SAO JOAO DO POLESINE;RS;PARANÁ;SUPR;PARAN�
91566851000151;SAO JORGE;RS;PARANÁ;SUPR;PARAN�
92410463000140;SAO JOSE DAS MISSOES;RS;PARANÁ;SUPR;PARAN�
92406511000126;SAO JOSE DO HERVAL;RS;PARANÁ;SUPR;PARAN�
92122753000198;SAO JOSE DO HORTENCIO;RS;PARANÁ;SUPR;PARAN�
94187358000119;SAO JOSE DO INHACORA;RS;PARANÁ;SUPR;PARAN�
87613550000164;SAO JOSE DO OURO;RS;PARANÁ;SUPR;PARAN�
04208358000165;SAO JOSE DO SUL;RS;PARANÁ;SUPR;PARAN�
92868850000124;SAO JOSE DOS AUSENTES;RS;PARANÁ;SUPR;PARAN�
89814693000160;SAO LEOPOLDO;RS;PARANÁ;SUPR;PARAN�
87613022000105;SAO LUIZ GONZAGA;RS;PARANÁ;SUPR;PARAN�
88818299000137;SAO MARCOS;RS;PARANÁ;SUPR;PARAN�
87613097000196;SAO MARTINHO;RS;PARANÁ;SUPR;PARAN�
94444403000173;SAO MARTINHO DA SERRA;RS;PARANÁ;SUPR;PARAN�
89971758000180;SAO MIGUEL DAS MISSOES;RS;PARANÁ;SUPR;PARAN�
87612966000168;SAO NICOLAU;RS;PARANÁ;SUPR;PARAN�
87613642000144;SAO PAULO DAS MISSOES;RS;PARANÁ;SUPR;PARAN�
93235968000188;SAO PEDRO DA SERRA;RS;PARANÁ;SUPR;PARAN�
04229729000195;SAO PEDRO DAS MISSOES;RS;PARANÁ;SUPR;PARAN�
93592715000161;SAO PEDRO DO BUTIA;RS;PARANÁ;SUPR;PARAN�
87489910000168;SAO PEDRO DO SUL;RS;PARANÁ;SUPR;PARAN�
88370879000104;SAO SEBASTIAO DO CAI;RS;PARANÁ;SUPR;PARAN�
97229181000164;SAO SEPE;RS;PARANÁ;SUPR;PARAN�
87613378000149;SAO VALENTIM;RS;PARANÁ;SUPR;PARAN�
92902055000105;SAO VALENTIM DO SUL;RS;PARANÁ;SUPR;PARAN�
94442241000134;SAO VALERIO DO SUL;RS;PARANÁ;SUPR;PARAN�
91984492000152;SAO VENDELINO;RS;PARANÁ;SUPR;PARAN�
87572079000103;SAO VICENTE DO SUL;RS;PARANÁ;SUPR;PARAN�
87366159000102;SAPIRANGA;RS;PARANÁ;SUPR;PARAN�
88185020000125;SAPUCAIA DO SUL;RS;PARANÁ;SUPR;PARAN�
97320030000117;SARANDI;RS;PARANÁ;SUPR;PARAN�
87613196000178;SEBERI;RS;PARANÁ;SUPR;PARAN�
91997056000118;SEDE NOVA;RS;PARANÁ;SUPR;PARAN�
92000215000120;SEGREDO;RS;PARANÁ;SUPR;PARAN�
87613501000121;SELBACH;RS;PARANÁ;SUPR;PARAN�
01611536000106;SENADOR SALGADO FILHO;RS;PARANÁ;SUPR;PARAN�
94068277000108;SENTINELA DO SUL;RS;PARANÁ;SUPR;PARAN�
88597984000180;SERAFINA CORREA;RS;PARANÁ;SUPR;PARAN�
94706033000103;SERIO;RS;PARANÁ;SUPR;PARAN�
87614269000146;SERTAO;RS;PARANÁ;SUPR;PARAN�
94068236000103;SERTAO SANTANA;RS;PARANÁ;SUPR;PARAN�
01612776000125;SETE DE SETEMBRO;RS;PARANÁ;SUPR;PARAN�
87613360000147;SEVERIANO DE ALMEIDA;RS;PARANÁ;SUPR;PARAN�
92457217000143;SILVEIRA MARTINS;RS;PARANÁ;SUPR;PARAN�
94577632000166;SINIMBU;RS;PARANÁ;SUPR;PARAN�
87592861000194;SOBRADINHO;RS;PARANÁ;SUPR;PARAN�
87738530000110;SOLEDADE;RS;PARANÁ;SUPR;PARAN�
01615515000169;TABAI;RS;PARANÁ;SUPR;PARAN�
87615449000142;TAPEJARA;RS;PARANÁ;SUPR;PARAN�
87613493000113;TAPERA;RS;PARANÁ;SUPR;PARAN�
88811948000178;TAPES;RS;PARANÁ;SUPR;PARAN�
97761407000173;TAQUARA;RS;PARANÁ;SUPR;PARAN�
88067780000138;TAQUARI;RS;PARANÁ;SUPR;PARAN�
92403567000127;TAQUARUCU DO SUL;RS;PARANÁ;SUPR;PARAN�
88427018000115;TAVARES;RS;PARANÁ;SUPR;PARAN�
87613089000140;TENENTE PORTELA;RS;PARANÁ;SUPR;PARAN�
90256660000120;TERRA DE AREIA;RS;PARANÁ;SUPR;PARAN�
88661400000199;TEUTONIA;RS;PARANÁ;SUPR;PARAN�
11633668000192;TIO HUGO;RS;PARANÁ;SUPR;PARAN�
94726320000177;TIRADENTES DO SUL;RS;PARANÁ;SUPR;PARAN�
01539271000182;TOROPI;RS;PARANÁ;SUPR;PARAN�
87876801000101;TORRES;RS;PARANÁ;SUPR;PARAN�
88771001000180;TRAMANDAI;RS;PARANÁ;SUPR;PARAN�
94706124000130;TRAVESSEIRO;RS;PARANÁ;SUPR;PARAN�
92453810000111;TRES ARROIOS;RS;PARANÁ;SUPR;PARAN�
91103127000191;TRES CACHOEIRAS;RS;PARANÁ;SUPR;PARAN�
88199971000153;TRES COROAS;RS;PARANÁ;SUPR;PARAN�
87612800000141;TRES DE MAIO;RS;PARANÁ;SUPR;PARAN�
93317998000133;TRES FORQUILHAS;RS;PARANÁ;SUPR;PARAN�
92399112000185;TRES PALMEIRAS;RS;PARANÁ;SUPR;PARAN�
87613188000121;TRES PASSOS;RS;PARANÁ;SUPR;PARAN�
92399211000167;TRINDADE DO SUL;RS;PARANÁ;SUPR;PARAN�
88363189000128;TRIUNFO;RS;PARANÁ;SUPR;PARAN�
87612792000133;TUCUNDUVA;RS;PARANÁ;SUPR;PARAN�
92406438000192;TUNAS;RS;PARANÁ;SUPR;PARAN�
90484320000157;TUPANCI DO SUL;RS;PARANÁ;SUPR;PARAN�
88227764000165;TUPANCIRETA;RS;PARANÁ;SUPR;PARAN�
92122712000100;TUPANDI;RS;PARANÁ;SUPR;PARAN�
87613634000106;TUPARENDI;RS;PARANÁ;SUPR;PARAN�
01611538000103;UBIRETAMA;RS;PARANÁ;SUPR;PARAN�
92902154000197;UNIAO DA SERRA;RS;PARANÁ;SUPR;PARAN�
01613119000100;UNISTALDA;RS;PARANÁ;SUPR;PARAN�
87866745000116;VACARIA;RS;PARANÁ;SUPR;PARAN�
94577574000170;VALE DO SOL;RS;PARANÁ;SUPR;PARAN�
92123918000146;VALE REAL;RS;PARANÁ;SUPR;PARAN�
01624729000100;VALE VERDE;RS;PARANÁ;SUPR;PARAN�
92406206000134;VANINI;RS;PARANÁ;SUPR;PARAN�
87334918000155;VENANCIO AIRES;RS;PARANÁ;SUPR;PARAN�
98661366000106;VERA CRUZ;RS;PARANÁ;SUPR;PARAN�
98671597000109;VERANOPOLIS;RS;PARANÁ;SUPR;PARAN�
01611117000174;VESPASIANO CORREA;RS;PARANÁ;SUPR;PARAN�
87613352000109;VIADUTOS;RS;PARANÁ;SUPR;PARAN�
88000914000101;VIAMAO;RS;PARANÁ;SUPR;PARAN�
87612883000179;VICENTE DUTRA;RS;PARANÁ;SUPR;PARAN�
87613485000177;VICTOR GRAEFF;RS;PARANÁ;SUPR;PARAN�
91566869000153;VILA FLORES;RS;PARANÁ;SUPR;PARAN�
01612386000155;VILA LANGARO;RS;PARANÁ;SUPR;PARAN�
92406115000107;VILA MARIA;RS;PARANÁ;SUPR;PARAN�
94444189000155;VILA NOVA DO SUL;RS;PARANÁ;SUPR;PARAN�
92403583000110;VISTA ALEGRE;RS;PARANÁ;SUPR;PARAN�
91566877000108;VISTA ALEGRE DO PRATA;RS;PARANÁ;SUPR;PARAN�
91997072000100;VISTA GAUCHA;RS;PARANÁ;SUPR;PARAN�
94449030000123;VITORIA DAS MISSOES;RS;PARANÁ;SUPR;PARAN�
04215147000150;WESTFALIA;RS;PARANÁ;SUPR;PARAN�
94436474000124;XANGRI-LA;RS;PARANÁ;SUPR;PARAN�
78511052000110;ABDON BATISTA;SC;PARANÁ;SUPR;PARAN�
83009886000161;ABELARDO LUZ;SC;PARANÁ;SUPR;PARAN�
83102582000144;AGROLANDIA;SC;PARANÁ;SUPR;PARAN�
83102590000190;AGRONOMICA;SC;PARANÁ;SUPR;PARAN�
82939398000190;AGUA DOCE;SC;PARANÁ;SUPR;PARAN�
82804212000196;AGUAS DE CHAPECO;SC;PARANÁ;SUPR;PARAN�
95990180000102;AGUAS FRIAS;SC;PARANÁ;SUPR;PARAN�
82892266000150;AGUAS MORNAS;SC;PARANÁ;SUPR;PARAN�
83102608000154;ALFREDO WAGNER;SC;PARANÁ;SUPR;PARAN�
01614374000160;ALTO BELA VISTA;SC;PARANÁ;SUPR;PARAN�
83024687000122;ANCHIETA;SC;PARANÁ;SUPR;PARAN�
82951195000110;ANGELINA;SC;PARANÁ;SUPR;PARAN�
82777335000185;ANITA GARIBALDI;SC;PARANÁ;SUPR;PARAN�
82892332000192;ANITAPOLIS;SC;PARANÁ;SUPR;PARAN�
82892290000190;ANTONIO CARLOS;SC;PARANÁ;SUPR;PARAN�
79373767000116;APIUNA;SC;PARANÁ;SUPR;PARAN�
95995221000153;ARABUTA;SC;PARANÁ;SUPR;PARAN�
83102228000110;ARAQUARI;SC;PARANÁ;SUPR;PARAN�
82911249000113;ARARANGUA;SC;PARANÁ;SUPR;PARAN�
82928664000180;ARMAZEM;SC;PARANÁ;SUPR;PARAN�
82826462000127;ARROIO TRINTA;SC;PARANÁ;SUPR;PARAN�
95995247000100;ARVOREDO;SC;PARANÁ;SUPR;PARAN�
83102772000161;ASCURRA;SC;PARANÁ;SUPR;PARAN�
83102616000109;ATALANTA;SC;PARANÁ;SUPR;PARAN�
83102624000147;AURORA;SC;PARANÁ;SUPR;PARAN�
01605479000152;BALNEARIO ARROIO DO SILVA;SC;PARANÁ;SUPR;PARAN�
95954509000180;BALNEARIO BARRA DO SUL;SC;PARANÁ;SUPR;PARAN�
83102293000145;BALNEARIO CAMBORIU;SC;PARANÁ;SUPR;PARAN�
01511659000175;BALNEARIO GAIVOTA;SC;PARANÁ;SUPR;PARAN�
83102335000148;BALNEARIO PICARRAS;SC;PARANÁ;SUPR;PARAN�
17243084000197;BALNEARIO RINCAO;SC;PARANÁ;SUPR;PARAN�
01612528000184;BANDEIRANTE;SC;PARANÁ;SUPR;PARAN�
01612527000130;BARRA BONITA;SC;PARANÁ;SUPR;PARAN�
83102830000157;BARRA VELHA;SC;PARANÁ;SUPR;PARAN�
01612888000186;BELA VISTA DO TOLDO;SC;PARANÁ;SUPR;PARAN�
80912108000190;BELMONTE;SC;PARANÁ;SUPR;PARAN�
83102780000108;BENEDITO NOVO;SC;PARANÁ;SUPR;PARAN�
82892308000153;BIGUACU;SC;PARANÁ;SUPR;PARAN�
83108357000115;BLUMENAU;SC;PARANÁ;SUPR;PARAN�
01606852000190;BOCAINA DO SUL;SC;PARANÁ;SUPR;PARAN�
82844754000192;BOM JARDIM DA SERRA;SC;PARANÁ;SUPR;PARAN�
01551148000187;BOM JESUS;SC;PARANÁ;SUPR;PARAN�
01594009000130;BOM JESUS DO OESTE;SC;PARANÁ;SUPR;PARAN�
82777343000121;BOM RETIRO;SC;PARANÁ;SUPR;PARAN�
95815379000102;BOMBINHAS;SC;PARANÁ;SUPR;PARAN�
83102350000196;BOTUVERA;SC;PARANÁ;SUPR;PARAN�
82926551000145;BRACO DO NORTE;SC;PARANÁ;SUPR;PARAN�
95952230000167;BRACO DO TROMBUDO;SC;PARANÁ;SUPR;PARAN�
01613853000161;BRUNOPOLIS;SC;PARANÁ;SUPR;PARAN�
83102343000194;BRUSQUE;SC;PARANÁ;SUPR;PARAN�
83074302000131;CACADOR;SC;PARANÁ;SUPR;PARAN�
82940776000156;CAIBI;SC;PARANÁ;SUPR;PARAN�
95949806000137;CALMON;SC;PARANÁ;SUPR;PARAN�
83102293000145;CAMBORIU;SC;PARANÁ;SUPR;PARAN�
83102749000177;CAMPO ALEGRE;SC;PARANÁ;SUPR;PARAN�
82777319000192;CAMPO BELO DO SUL;SC;PARANÁ;SUPR;PARAN�
83026765000128;CAMPO ERE;SC;PARANÁ;SUPR;PARAN�
82939232000174;CAMPOS NOVOS;SC;PARANÁ;SUPR;PARAN�
82562893000123;CANELINHA;SC;PARANÁ;SUPR;PARAN�
83102384000180;CANOINHAS;SC;PARANÁ;SUPR;PARAN�
01599409000139;CAPAO ALTO;SC;PARANÁ;SUPR;PARAN�
82939406000107;CAPINZAL;SC;PARANÁ;SUPR;PARAN�
95780441000160;CAPIVARI DE BAIXO;SC;PARANÁ;SUPR;PARAN�
82939414000145;CATANDUVAS;SC;PARANÁ;SUPR;PARAN�
83021816000129;CAXAMBU DO SUL;SC;PARANÁ;SUPR;PARAN�
78493343000122;CELSO RAMOS;SC;PARANÁ;SUPR;PARAN�
95991097000158;CERRO NEGRO;SC;PARANÁ;SUPR;PARAN�
01613120000127;CHAPADAO DO LAGEADO;SC;PARANÁ;SUPR;PARAN�
83021808000182;CHAPECO;SC;PARANÁ;SUPR;PARAN�
95778056000188;COCAL DO SUL;SC;PARANÁ;SUPR;PARAN�
83024257000100;CONCORDIA;SC;PARANÁ;SUPR;PARAN�
95990198000104;CORDILHEIRA ALTA;SC;PARANÁ;SUPR;PARAN�
83021824000175;CORONEL FREITAS;SC;PARANÁ;SUPR;PARAN�
95993093000109;CORONEL MARTINS;SC;PARANÁ;SUPR;PARAN�
75438655000145;CORREIA PINTO;SC;PARANÁ;SUPR;PARAN�
83102467000170;CORUPA;SC;PARANÁ;SUPR;PARAN�
82916818000113;CRICIUMA;SC;PARANÁ;SUPR;PARAN�
83021147000195;CUNHA PORA;SC;PARANÁ;SUPR;PARAN�
01612116000144;CUNHATAI;SC;PARANÁ;SUPR;PARAN�
83754044000134;CURITIBANOS;SC;PARANÁ;SUPR;PARAN�
83026138000197;DESCANSO;SC;PARANÁ;SUPR;PARAN�
83026773000174;DIONISIO CERQUEIRA;SC;PARANÁ;SUPR;PARAN�
83102426000183;DONA EMMA;SC;PARANÁ;SUPR;PARAN�
79373775000162;DOUTOR PEDRINHO;SC;PARANÁ;SUPR;PARAN�
01612698000169;ENTRE RIOS;SC;PARANÁ;SUPR;PARAN�
01608905000101;ERMO;SC;PARANÁ;SUPR;PARAN�
82939422000191;ERVAL VELHO;SC;PARANÁ;SUPR;PARAN�
83009910000162;FAXINAL DOS GUEDES;SC;PARANÁ;SUPR;PARAN�
01566621000108;FLOR DO SERTAO;SC;PARANÁ;SUPR;PARAN�
82892282000143;FLORIANOPOLIS;SC;PARANÁ;SUPR;PARAN�
80637424000109;FORMOSA DO SUL;SC;PARANÁ;SUPR;PARAN�
81531162000158;FORQUILHINHA;SC;PARANÁ;SUPR;PARAN�
82947979000174;FRAIBURGO;SC;PARANÁ;SUPR;PARAN�
01616039000109;FREI ROGERIO;SC;PARANÁ;SUPR;PARAN�
83009902000116;GALVAO;SC;PARANÁ;SUPR;PARAN�
82836057000190;GAROPABA;SC;PARANÁ;SUPR;PARAN�
83102848000159;GARUVA;SC;PARANÁ;SUPR;PARAN�
83102244000102;GASPAR;SC;PARANÁ;SUPR;PARAN�
82892373000189;GOVERNADOR CELSO RAMOS;SC;PARANÁ;SUPR;PARAN�
82558149000155;GRAO PARA;SC;PARANÁ;SUPR;PARAN�
82926569000147;GRAVATAL;SC;PARANÁ;SUPR;PARAN�
83102368000198;GUABIRUBA;SC;PARANÁ;SUPR;PARAN�
82821216000182;GUARACIABA;SC;PARANÁ;SUPR;PARAN�
83102475000116;GUARAMIRIM;SC;PARANÁ;SUPR;PARAN�
83027045000187;GUARUJA DO SUL;SC;PARANÁ;SUPR;PARAN�
95990206000112;GUATAMBU;SC;PARANÁ;SUPR;PARAN�
82939430000138;HERVAL D'OESTE;SC;PARANÁ;SUPR;PARAN�
01612745000174;IBIAM;SC;PARANÁ;SUPR;PARAN�
82939448000130;IBICARE;SC;PARANÁ;SUPR;PARAN�
83102418000137;IBIRAMA;SC;PARANÁ;SUPR;PARAN�
82916800000111;ICARA;SC;PARANÁ;SUPR;PARAN�
83102301000153;ILHOTA;SC;PARANÁ;SUPR;PARAN�
82538851000157;IMARUI;SC;PARANÁ;SUPR;PARAN�
82909409000190;IMBITUBA;SC;PARANÁ;SUPR;PARAN�
83102632000193;IMBUIA;SC;PARANÁ;SUPR;PARAN�
83102798000100;INDAIAL;SC;PARANÁ;SUPR;PARAN�
01612744000120;IOMERE;SC;PARANÁ;SUPR;PARAN�
82814260000165;IPIRA;SC;PARANÁ;SUPR;PARAN�
78485554000113;IPORA DO OESTE;SC;PARANÁ;SUPR;PARAN�
95993028000183;IPUACU;SC;PARANÁ;SUPR;PARAN�
82814575000102;IPUMIRIM;SC;PARANÁ;SUPR;PARAN�
80623606000112;IRACEMINHA;SC;PARANÁ;SUPR;PARAN�
82939455000131;IRANI;SC;PARANÁ;SUPR;PARAN�
95990230000151;IRATI;SC;PARANÁ;SUPR;PARAN�
83102558000105;IRINEOPOLIS;SC;PARANÁ;SUPR;PARAN�
83024240000153;ITA;SC;PARANÁ;SUPR;PARAN�
83102517000119;ITAIOPOLIS;SC;PARANÁ;SUPR;PARAN�
83102277000152;ITAJAI;SC;PARANÁ;SUPR;PARAN�
82572207000103;ITAPEMA;SC;PARANÁ;SUPR;PARAN�
82821208000136;ITAPIRANGA;SC;PARANÁ;SUPR;PARAN�
81140303000101;ITAPOA;SC;PARANÁ;SUPR;PARAN�
83102640000130;ITUPORANGA;SC;PARANÁ;SUPR;PARAN�
82939463000188;JABORA;SC;PARANÁ;SUPR;PARAN�
82960758000136;JACINTO MACHADO;SC;PARANÁ;SUPR;PARAN�
82928698000174;JAGUARUNA;SC;PARANÁ;SUPR;PARAN�
83102459000123;JARAGUA DO SUL;SC;PARANÁ;SUPR;PARAN�
80637457000140;JARDINOPOLIS;SC;PARANÁ;SUPR;PARAN�
82939380000199;JOACABA;SC;PARANÁ;SUPR;PARAN�
83169623000110;JOINVILLE;SC;PARANÁ;SUPR;PARAN�
79372553000125;JOSE BOITEUX;SC;PARANÁ;SUPR;PARAN�
01593132000137;JUPIA;SC;PARANÁ;SUPR;PARAN�
82939471000124;LACERDOPOLIS;SC;PARANÁ;SUPR;PARAN�
82777301000190;LAGES;SC;PARANÁ;SUPR;PARAN�
82928706000182;LAGUNA;SC;PARANÁ;SUPR;PARAN�
95993077000116;LAJEADO GRANDE;SC;PARANÁ;SUPR;PARAN�
83102657000197;LAURENTINO;SC;PARANÁ;SUPR;PARAN�
82558909000124;LAURO MULLER;SC;PARANÁ;SUPR;PARAN�
83074310000188;LEBON REGIS;SC;PARANÁ;SUPR;PARAN�
82924390000150;LEOBERTO LEAL;SC;PARANÁ;SUPR;PARAN�
78510112000180;LINDOIA DO SUL;SC;PARANÁ;SUPR;PARAN�
83102665000133;LONTRAS;SC;PARANÁ;SUPR;PARAN�
83102319000155;LUIZ ALVES;SC;PARANÁ;SUPR;PARAN�
01613428000172;LUZERNA;SC;PARANÁ;SUPR;PARAN�
95992020000100;MACIEIRA;SC;PARANÁ;SUPR;PARAN�
83102509000172;MAFRA;SC;PARANÁ;SUPR;PARAN�
82845744000171;MAJOR GERCINO;SC;PARANÁ;SUPR;PARAN�
83102392000127;MAJOR VIEIRA;SC;PARANÁ;SUPR;PARAN�
82915026000124;MARACAJA;SC;PARANÁ;SUPR;PARAN�
82821190000172;MARAVILHA;SC;PARANÁ;SUPR;PARAN�
78509072000156;MAREMA;SC;PARANÁ;SUPR;PARAN�
83102483000162;MASSARANDUBA;SC;PARANÁ;SUPR;PARAN�
83102566000151;MATOS COSTA;SC;PARANÁ;SUPR;PARAN�
82837741000196;MELEIRO;SC;PARANÁ;SUPR;PARAN�
95952248000169;MIRIM DOCE;SC;PARANÁ;SUPR;PARAN�
83021832000111;MODELO;SC;PARANÁ;SUPR;PARAN�
83028415000109;MONDAI;SC;PARANÁ;SUPR;PARAN�
95996104000104;MONTE CARLO;SC;PARANÁ;SUPR;PARAN�
83102525000165;MONTE CASTELO;SC;PARANÁ;SUPR;PARAN�
83000323000102;MORRO DA FUMACA;SC;PARANÁ;SUPR;PARAN�
95782785000108;MORRO GRANDE;SC;PARANÁ;SUPR;PARAN�
83102855000150;NAVEGANTES;SC;PARANÁ;SUPR;PARAN�
83021840000168;NOVA ERECHIM;SC;PARANÁ;SUPR;PARAN�
95990131000170;NOVA ITABERABA;SC;PARANÁ;SUPR;PARAN�
82925025000160;NOVA TRENTO;SC;PARANÁ;SUPR;PARAN�
82916826000160;NOVA VENEZA;SC;PARANÁ;SUPR;PARAN�
95990115000187;NOVO HORIZONTE;SC;PARANÁ;SUPR;PARAN�
82926544000143;ORLEANS;SC;PARANÁ;SUPR;PARAN�
75326066000175;OTACILIO COSTA;SC;PARANÁ;SUPR;PARAN�
82777228000157;OURO;SC;PARANÁ;SUPR;PARAN�
80913031000172;OURO VERDE;SC;PARANÁ;SUPR;PARAN�
01614376000159;PAIAL;SC;PARANÁ;SUPR;PARAN�
01608820000123;PAINEL;SC;PARANÁ;SUPR;PARAN�
82892316000108;PALHOCA;SC;PARANÁ;SUPR;PARAN�
83028639000102;PALMA SOLA;SC;PARANÁ;SUPR;PARAN�
01610566000106;PALMEIRA;SC;PARANÁ;SUPR;PARAN�
85361863000147;PALMITOS;SC;PARANÁ;SUPR;PARAN�
83102533000101;PAPANDUVA;SC;PARANÁ;SUPR;PARAN�
80912009000108;PARAISO;SC;PARANÁ;SUPR;PARAN�
95782793000154;PASSO DE TORRES;SC;PARANÁ;SUPR;PARAN�
95993085000162;PASSOS MAIA;SC;PARANÁ;SUPR;PARAN�
82892365000132;PAULO LOPES;SC;PARANÁ;SUPR;PARAN�
82928680000172;PEDRAS GRANDES;SC;PARANÁ;SUPR;PARAN�
83102327000100;PENHA;SC;PARANÁ;SUPR;PARAN�
82815085000120;PERITIBA;SC;PARANÁ;SUPR;PARAN�
16780795000138;PESCARIA BRAVA;SC;PARANÁ;SUPR;PARAN�
83102673000180;PETROLANDIA;SC;PARANÁ;SUPR;PARAN�
83021857000115;PINHALZINHO;SC;PARANÁ;SUPR;PARAN�
82827148000169;PINHEIRO PRETO;SC;PARANÁ;SUPR;PARAN�
82815481000158;PIRATUBA;SC;PARANÁ;SUPR;PARAN�
95990255000155;PLANALTO ALEGRE;SC;PARANÁ;SUPR;PARAN�
83102251000104;POMERODE;SC;PARANÁ;SUPR;PARAN�
83755850000127;PONTE ALTA;SC;PARANÁ;SUPR;PARAN�
95991287000175;PONTE ALTA DO NORTE;SC;PARANÁ;SUPR;PARAN�
82777236000101;PONTE SERRADA;SC;PARANÁ;SUPR;PARAN�
82575812000120;PORTO BELO;SC;PARANÁ;SUPR;PARAN�
83102541000158;PORTO UNIAO;SC;PARANÁ;SUPR;PARAN�
83102681000126;POUSO REDONDO;SC;PARANÁ;SUPR;PARAN�
82913211000180;PRAIA GRANDE;SC;PARANÁ;SUPR;PARAN�
82777244000140;PRESIDENTE CASTELLO BRANCO;SC;PARANÁ;SUPR;PARAN�
83102434000120;PRESIDENTE GETULIO;SC;PARANÁ;SUPR;PARAN�
83102699000128;PRESIDENTE NEREU;SC;PARANÁ;SUPR;PARAN�
01612836000100;PRINCESA;SC;PARANÁ;SUPR;PARAN�
83021865000161;QUILOMBO;SC;PARANÁ;SUPR;PARAN�
82892357000196;RANCHO QUEIMADO;SC;PARANÁ;SUPR;PARAN�
83074294000123;RIO DAS ANTAS;SC;PARANÁ;SUPR;PARAN�
83102707000136;RIO DO CAMPO;SC;PARANÁ;SUPR;PARAN�
83102715000182;RIO DO OESTE;SC;PARANÁ;SUPR;PARAN�
83102574000106;RIO DO SUL;SC;PARANÁ;SUPR;PARAN�
83102806000118;RIO DOS CEDROS;SC;PARANÁ;SUPR;PARAN�
82926585000130;RIO FORTUNA;SC;PARANÁ;SUPR;PARAN�
83102756000179;RIO NEGRINHO;SC;PARANÁ;SUPR;PARAN�
95991071000100;RIO RUFINO;SC;PARANÁ;SUPR;PARAN�
95988309000148;RIQUEZA;SC;PARANÁ;SUPR;PARAN�
83102814000164;RODEIO;SC;PARANÁ;SUPR;PARAN�
82821182000126;ROMELANDIA;SC;PARANÁ;SUPR;PARAN�
83102723000129;SALETE;SC;PARANÁ;SUPR;PARAN�
01612844000156;SALTINHO;SC;PARANÁ;SUPR;PARAN�
82827353000124;SALTO VELOSO;SC;PARANÁ;SUPR;PARAN�
95780458000117;SANGAO;SC;PARANÁ;SUPR;PARAN�
85997237000141;SANTA CECILIA;SC;PARANÁ;SUPR;PARAN�
80912140000175;SANTA HELENA;SC;PARANÁ;SUPR;PARAN�
82926593000186;SANTA ROSA DE LIMA;SC;PARANÁ;SUPR;PARAN�
80989965000198;SANTA ROSA DO SUL;SC;PARANÁ;SUPR;PARAN�
95951323000177;SANTA TEREZINHA;SC;PARANÁ;SUPR;PARAN�
01612847000190;SANTA TEREZINHA DO PROGRESSO;SC;PARANÁ;SUPR;PARAN�
01612781000138;SANTIAGO DO SUL;SC;PARANÁ;SUPR;PARAN�
82892324000146;SANTO AMARO DA IMPERATRIZ;SC;PARANÁ;SUPR;PARAN�
86051398000100;SAO BENTO DO SUL;SC;PARANÁ;SUPR;PARAN�
01612812000150;SAO BERNARDINO;SC;PARANÁ;SUPR;PARAN�
82892340000139;SAO BONIFACIO;SC;PARANÁ;SUPR;PARAN�
82945718000115;SAO CARLOS;SC;PARANÁ;SUPR;PARAN�
95991261000127;SAO CRISTOVAO DO SUL;SC;PARANÁ;SUPR;PARAN�
83009894000108;SAO DOMINGOS;SC;PARANÁ;SUPR;PARAN�
83102269000106;SAO FRANCISCO DO SUL;SC;PARANÁ;SUPR;PARAN�
82925652000100;SAO JOAO BATISTA;SC;PARANÁ;SUPR;PARAN�
95954442000183;SAO JOAO DO ITAPERIU;SC;PARANÁ;SUPR;PARAN�
80911936000103;SAO JOAO DO OESTE;SC;PARANÁ;SUPR;PARAN�
82547274000160;SAO JOAO DO SUL;SC;PARANÁ;SUPR;PARAN�
82561093000198;SAO JOAQUIM;SC;PARANÁ;SUPR;PARAN�
82892274000105;SAO JOSE;SC;PARANÁ;SUPR;PARAN�
83026781000110;SAO JOSE DO CEDRO;SC;PARANÁ;SUPR;PARAN�
82777327000139;SAO JOSE DO CERRITO;SC;PARANÁ;SUPR;PARAN�
83021873000108;SAO LOURENCO DO OESTE;SC;PARANÁ;SUPR;PARAN�
82926536000105;SAO LUDGERO;SC;PARANÁ;SUPR;PARAN�
82836818000103;SAO MARTINHO;SC;PARANÁ;SUPR;PARAN�
11463599000116;SAO MIGUEL DA BOA VISTA;SC;PARANÁ;SUPR;PARAN�
82821174000180;SAO MIGUEL DO OESTE;SC;PARANÁ;SUPR;PARAN�
01613101000109;SAO PEDRO DE ALCANTARA;SC;PARANÁ;SUPR;PARAN�
83021881000154;SAUDADES;SC;PARANÁ;SUPR;PARAN�
11290534000116;SCHROEDER;SC;PARANÁ;SUPR;PARAN�
83024505000113;SEARA;SC;PARANÁ;SUPR;PARAN�
80622319000198;SERRA ALTA;SC;PARANÁ;SUPR;PARAN�
82929407000162;SIDEROPOLIS;SC;PARANÁ;SUPR;PARAN�
82963216000117;SOMBRIO;SC;PARANÁ;SUPR;PARAN�
95990107000130;SUL BRASIL;SC;PARANÁ;SUPR;PARAN�
82765488000102;TAIO;SC;PARANÁ;SUPR;PARAN�
82827999000101;TANGARA;SC;PARANÁ;SUPR;PARAN�
01566620000155;TIGRINHOS;SC;PARANÁ;SUPR;PARAN�
82577636000165;TIJUCAS;SC;PARANÁ;SUPR;PARAN�
82915232000134;TIMBE DO SUL;SC;PARANÁ;SUPR;PARAN�
83102764000115;TIMBO;SC;PARANÁ;SUPR;PARAN�
78497492000160;TIMBO GRANDE;SC;PARANÁ;SUPR;PARAN�
83102400000135;TRES BARRAS;SC;PARANÁ;SUPR;PARAN�
01614019000190;TREVISO;SC;PARANÁ;SUPR;PARAN�
82928672000126;TREZE DE MAIO;SC;PARANÁ;SUPR;PARAN�
82777251000141;TREZE TILIAS;SC;PARANÁ;SUPR;PARAN�
83102731000175;TROMBUDO CENTRAL;SC;PARANÁ;SUPR;PARAN�
82928656000133;TUBARAO;SC;PARANÁ;SUPR;PARAN�
78486198000152;TUNAPOLIS;SC;PARANÁ;SUPR;PARAN�
82548983000160;TURVO;SC;PARANÁ;SUPR;PARAN�
78505591000146;UNIAO DO OESTE;SC;PARANÁ;SUPR;PARAN�
82843582000132;URUBICI;SC;PARANÁ;SUPR;PARAN�
78492576000100;URUPEMA;SC;PARANÁ;SUPR;PARAN�
82930181000110;URUSSANGA;SC;PARANÁ;SUPR;PARAN�
83009928000164;VARGEAO;SC;PARANÁ;SUPR;PARAN�
95995130000118;VARGEM;SC;PARANÁ;SUPR;PARAN�
95996187000131;VARGEM BONITA;SC;PARANÁ;SUPR;PARAN�
83102376000134;VIDAL RAMOS;SC;PARANÁ;SUPR;PARAN�
83039842000184;VIDEIRA;SC;PARANÁ;SUPR;PARAN�
79372520000185;VITOR MEIRELES;SC;PARANÁ;SUPR;PARAN�
83102442000176;WITMARSUM;SC;PARANÁ;SUPR;PARAN�
83009860000113;XANXERE;SC;PARANÁ;SUPR;PARAN�
83009878000115;XAVANTINA;SC;PARANÁ;SUPR;PARAN�
82854670000130;XAXIM;SC;PARANÁ;SUPR;PARAN�
01612387000108;ZORTEA;SC;PARANÁ;SUPR;PARAN�
13118435000187;AMPARO DE SAO FRANCISCO;SE;BAHIA;SUBA;BAHIA
13000609000102;AQUIDABA;SE;BAHIA;SUBA;BAHIA
13128780003702;ARACAJU;SE;BAHIA;SUBA;BAHIA
13095260000130;ARAUA;SE;BAHIA;SUBA;BAHIA
13100995000104;AREIA BRANCA;SE;BAHIA;SUBA;BAHIA
13128863000190;BARRA DOS COQUEIROS;SE;BAHIA;SUBA;BAHIA
13097068000182;BOQUIM;SE;BAHIA;SUBA;BAHIA
13110903000177;BREJO GRANDE;SE;BAHIA;SUBA;BAHIA
13134614000108;CAMPO DO BRITO;SE;BAHIA;SUBA;BAHIA
13115381000104;CANHOBA;SE;BAHIA;SUBA;BAHIA
13120225000123;CANINDE DE SAO FRANCISCO;SE;BAHIA;SUBA;BAHIA
13119961000161;CAPELA;SE;BAHIA;SUBA;BAHIA
13099882000136;CARIRA;SE;BAHIA;SUBA;BAHIA
13108535000122;CARMOPOLIS;SE;BAHIA;SUBA;BAHIA
13117601000120;CEDRO DE SAO JOAO;SE;BAHIA;SUBA;BAHIA
13096029000160;CRISTINAPOLIS;SE;BAHIA;SUBA;BAHIA
13112289000182;CUMBE;SE;BAHIA;SUBA;BAHIA
13108733000196;DIVINA PASTORA;SE;BAHIA;SUBA;BAHIA
13097050000180;ESTANCIA;SE;BAHIA;SUBA;BAHIA
13112511000147;FEIRA NOVA;SE;BAHIA;SUBA;BAHIA
13100102000120;FREI PAULO;SE;BAHIA;SUBA;BAHIA
13112669000117;GARARU;SE;BAHIA;SUBA;BAHIA
13108899000102;GENERAL MAYNARD;SE;BAHIA;SUBA;BAHIA
;GRACCHO CARDOSO;SE;BAHIA;SUBA;BAHIA
13111224000112;ILHA DAS FLORES;SE;BAHIA;SUBA;BAHIA
13097894000121;INDIAROBA;SE;BAHIA;SUBA;BAHIA
13104740000110;ITABAIANA;SE;BAHIA;SUBA;BAHIA
13098181000182;ITABAIANINHA;SE;BAHIA;SUBA;BAHIA
13113063000104;ITABI;SE;BAHIA;SUBA;BAHIA
13128889000139;ITAPORANGA D'AJUDA;SE;BAHIA;SUBA;BAHIA
13093786000180;JAPARATUBA;SE;BAHIA;SUBA;BAHIA
13115910000161;JAPOATA;SE;BAHIA;SUBA;BAHIA
13124052000111;LAGARTO;SE;BAHIA;SUBA;BAHIA
13120613000104;LARANJEIRAS;SE;BAHIA;SUBA;BAHIA
13103684000107;MACAMBIRA;SE;BAHIA;SUBA;BAHIA
13115993000199;MALHADA DOS BOIS;SE;BAHIA;SUBA;BAHIA
13104757000177;MALHADOR;SE;BAHIA;SUBA;BAHIA
13109350000132;MARUIM;SE;BAHIA;SUBA;BAHIA
13104112000134;MOITA BONITA;SE;BAHIA;SUBA;BAHIA
13113287000108;MONTE ALEGRE DE SERGIPE;SE;BAHIA;SUBA;BAHIA
13094222000162;MURIBECA;SE;BAHIA;SUBA;BAHIA
13111679000138;NEOPOLIS;SE;BAHIA;SUBA;BAHIA
13101308000175;NOSSA SENHORA APARECIDA;SE;BAHIA;SUBA;BAHIA
13113626000156;NOSSA SENHORA DA GLORIA;SE;BAHIA;SUBA;BAHIA
13094446000174;NOSSA SENHORA DAS DORES;SE;BAHIA;SUBA;BAHIA
13113766000124;NOSSA SENHORA DE LOURDES;SE;BAHIA;SUBA;BAHIA
13128814000158;NOSSA SENHORA DO SOCORRO;SE;BAHIA;SUBA;BAHIA
13112222000148;PACATUBA;SE;BAHIA;SUBA;BAHIA
13100482000101;PEDRA MOLE;SE;BAHIA;SUBA;BAHIA
13098736000196;PEDRINHAS;SE;BAHIA;SUBA;BAHIA
13100680000167;PINHAO;SE;BAHIA;SUBA;BAHIA
13095039000181;PIRAMBU;SE;BAHIA;SUBA;BAHIA
13114004000142;POCO REDONDO;SE;BAHIA;SUBA;BAHIA
13106935000107;POCO VERDE;SE;BAHIA;SUBA;BAHIA
13131982000100;PORTO DA FOLHA;SE;BAHIA;SUBA;BAHIA
13117320000178;PROPRIA;SE;BAHIA;SUBA;BAHIA
13107180000157;RIACHAO DO DANTAS;SE;BAHIA;SUBA;BAHIA
13128897000185;RIACHUELO;SE;BAHIA;SUBA;BAHIA
13104427000181;RIBEIROPOLIS;SE;BAHIA;SUBA;BAHIA
13109756000115;ROSARIO DO CATETE;SE;BAHIA;SUBA;BAHIA
13107453000163;SALGADO;SE;BAHIA;SUBA;BAHIA
13098942000104;SANTA LUZIA DO ITANHY;SE;BAHIA;SUBA;BAHIA
13109954000189;SANTA ROSA DE LIMA;SE;BAHIA;SUBA;BAHIA
32846347000146;SANTANA DO SAO FRANCISCO;SE;BAHIA;SUBA;BAHIA
13110218000140;SANTO AMARO DAS BROTAS;SE;BAHIA;SUBA;BAHIA
13128855000144;SAO CRISTOVAO;SE;BAHIA;SUBA;BAHIA
13104732000173;SAO DOMINGOS;SE;BAHIA;SUBA;BAHIA
13118435000187;SAO FRANCISCO;SE;BAHIA;SUBA;BAHIA
13114533000146;SAO MIGUEL DO ALEIXO;SE;BAHIA;SUBA;BAHIA
13108089000156;SIMAO DIAS;SE;BAHIA;SUBA;BAHIA
13110408000168;SIRIRI;SE;BAHIA;SUBA;BAHIA
13118591000148;TELHA;SE;BAHIA;SUBA;BAHIA
13119300000136;TOBIAS BARRETO;SE;BAHIA;SUBA;BAHIA
13099205000118;TOMAR DO GERU;SE;BAHIA;SUBA;BAHIA
13099395000173;UMBAUBA;SE;BAHIA;SUBA;BAHIA
46425229000179;AGUAI;SP;SÃO PAULO;SUSP;S�O PAULO
44831733000143;AGUAS DA PRATA;SP;SÃO PAULO;SUSP;S�O PAULO
46439683000189;AGUAS DE LINDOIA;SP;SÃO PAULO;SUSP;S�O PAULO
46634226000145;AGUAS DE SANTA BARBARA;SP;SÃO PAULO;SUSP;S�O PAULO
45739174000109;AGUAS DE SAO PEDRO;SP;SÃO PAULO;SUSP;S�O PAULO
46137444000174;AGUDOS;SP;SÃO PAULO;SUSP;S�O PAULO
67360420000150;ALAMBARI;SP;SÃO PAULO;SUSP;S�O PAULO
45298569000113;ALTINOPOLIS;SP;SÃO PAULO;SUSP;S�O PAULO
58987629000157;ALUMINIO;SP;SÃO PAULO;SUSP;S�O PAULO
44518488000119;ALVARO DE CARVALHO;SP;SÃO PAULO;SUSP;S�O PAULO
44518405000191;ALVINLANDIA;SP;SÃO PAULO;SUSP;S�O PAULO
45781176000166;AMERICANA;SP;SÃO PAULO;SUSP;S�O PAULO
43465459000173;AMPARO;SP;SÃO PAULO;SUSP;S�O PAULO
46634234000191;ANGATUBA;SP;SÃO PAULO;SUSP;S�O PAULO
46634135000100;ANHEMBI;SP;SÃO PAULO;SUSP;S�O PAULO
46634242000138;APIAI;SP;SÃO PAULO;SUSP;S�O PAULO
58993577000121;ARACARIGUAMA;SP;SÃO PAULO;SUSP;S�O PAULO
46634069000178;ARACOIABA DA SERRA;SP;SÃO PAULO;SUSP;S�O PAULO
45323474000102;ARAMINA;SP;SÃO PAULO;SUSP;S�O PAULO
46634176000104;ARANDU;SP;SÃO PAULO;SUSP;S�O PAULO
46137428000181;AREALVA;SP;SÃO PAULO;SUSP;S�O PAULO
46634515000144;AREIOPOLIS;SP;SÃO PAULO;SUSP;S�O PAULO
45735552000186;ARTUR NOGUEIRA;SP;SÃO PAULO;SUSP;S�O PAULO
56901275000150;ARUJA;SP;SÃO PAULO;SUSP;S�O PAULO
46179941000135;ASSIS;SP;SÃO PAULO;SUSP;S�O PAULO
45279635000108;ATIBAIA;SP;SÃO PAULO;SUSP;S�O PAULO
46137436000128;AVAI;SP;SÃO PAULO;SUSP;S�O PAULO
46634168000150;AVARE;SP;SÃO PAULO;SUSP;S�O PAULO
44553790000108;BALBINOS;SP;SÃO PAULO;SUSP;S�O PAULO
46634424000109;BARAO DE ANTONINA;SP;SÃO PAULO;SUSP;S�O PAULO
46181376000140;BARIRI;SP;SÃO PAULO;SUSP;S�O PAULO
46172888000140;BARRA BONITA;SP;SÃO PAULO;SUSP;S�O PAULO
67360396000159;BARRA DO CHAPEU;SP;SÃO PAULO;SUSP;S�O PAULO
46634317000180;BARRA DO TURVO;SP;SÃO PAULO;SUSP;S�O PAULO
44780609000104;BARRETOS;SP;SÃO PAULO;SUSP;S�O PAULO
46523015000135;BARUERI;SP;SÃO PAULO;SUSP;S�O PAULO
45299104000187;BATATAIS;SP;SÃO PAULO;SUSP;S�O PAULO
46137410000180;BAURU;SP;SÃO PAULO;SUSP;S�O PAULO
44563591000180;BERNARDINO DE CAMPOS;SP;SÃO PAULO;SUSP;S�O PAULO
68020916000147;BERTIOGA;SP;SÃO PAULO;SUSP;S�O PAULO
46523288000180;BIRITIBA MIRIM;SP;SÃO PAULO;SUSP;S�O PAULO
44498988000136;BOCAINA;SP;SÃO PAULO;SUSP;S�O PAULO
46634143000156;BOFETE;SP;SÃO PAULO;SUSP;S�O PAULO
46634499000190;BOITUVA;SP;SÃO PAULO;SUSP;S�O PAULO
52359692000162;BOM JESUS DOS PERDOES;SP;SÃO PAULO;SUSP;S�O PAULO
60123064000101;BOM SUCESSO DE ITARARE;SP;SÃO PAULO;SUSP;S�O PAULO
46189734000161;BORACEIA;SP;SÃO PAULO;SUSP;S�O PAULO
54724802000173;BOREBI;SP;SÃO PAULO;SUSP;S�O PAULO
46634101000115;BOTUCATU;SP;SÃO PAULO;SUSP;S�O PAULO
46352746000165;BRAGANCA PAULISTA;SP;SÃO PAULO;SUSP;S�O PAULO
45301652000102;BRODOWSKI;SP;SÃO PAULO;SUSP;S�O PAULO
46634382000106;BURI;SP;SÃO PAULO;SUSP;S�O PAULO
45323698000114;BURITIZAL;SP;SÃO PAULO;SUSP;S�O PAULO
46137469000178;CABRALIA PAULISTA;SP;SÃO PAULO;SUSP;S�O PAULO
46634432000155;CABREUVA;SP;SÃO PAULO;SUSP;S�O PAULO
45767829000152;CACONDE;SP;SÃO PAULO;SUSP;S�O PAULO
46186375000199;CAFELANDIA;SP;SÃO PAULO;SUSP;S�O PAULO
46523064000178;CAIEIRAS;SP;SÃO PAULO;SUSP;S�O PAULO
46523023000181;CAJAMAR;SP;SÃO PAULO;SUSP;S�O PAULO
64037815000128;CAJATI;SP;SÃO PAULO;SUSP;S�O PAULO
45227337000174;CAJURU;SP;SÃO PAULO;SUSP;S�O PAULO
67360404000167;CAMPINA DO MONTE ALEGRE;SP;SÃO PAULO;SUSP;S�O PAULO
51885242000140;CAMPINAS;SP;SÃO PAULO;SUSP;S�O PAULO
45780095000141;CAMPO LIMPO PAULISTA;SP;SÃO PAULO;SUSP;S�O PAULO
46787644000172;CAMPOS NOVOS PAULISTA;SP;SÃO PAULO;SUSP;S�O PAULO
46585956000101;CANANEIA;SP;SÃO PAULO;SUSP;S�O PAULO
46179958000192;CANDIDO MOTA;SP;SÃO PAULO;SUSP;S�O PAULO
57264517000105;CANITAR;SP;SÃO PAULO;SUSP;S�O PAULO
46634259000195;CAPAO BONITO;SP;SÃO PAULO;SUSP;S�O PAULO
46634077000114;CAPELA DO ALTO;SP;SÃO PAULO;SUSP;S�O PAULO
44723674000190;CAPIVARI;SP;SÃO PAULO;SUSP;S�O PAULO
46482840000139;CARAGUATATUBA;SP;SÃO PAULO;SUSP;S�O PAULO
44892693000140;CARAPICUIBA;SP;SÃO PAULO;SUSP;S�O PAULO
45735479000142;CASA BRANCA;SP;SÃO PAULO;SUSP;S�O PAULO
44229805000187;CASSIA DOS COQUEIROS;SP;SÃO PAULO;SUSP;S�O PAULO
46634184000142;CERQUEIRA CESAR;SP;SÃO PAULO;SUSP;S�O PAULO
46634614000126;CERQUILHO;SP;SÃO PAULO;SUSP;S�O PAULO
46634572000123;CESARIO LANGE;SP;SÃO PAULO;SUSP;S�O PAULO
45732013000193;CHARQUEADA;SP;SÃO PAULO;SUSP;S�O PAULO
44563575000198;CHAVANTES;SP;SÃO PAULO;SUSP;S�O PAULO
45291234000173;COLINA;SP;SÃO PAULO;SUSP;S�O PAULO
52381720000148;COLOMBIA;SP;SÃO PAULO;SUSP;S�O PAULO
45331188000199;CONCHAL;SP;SÃO PAULO;SUSP;S�O PAULO
46634119000117;CONCHAS;SP;SÃO PAULO;SUSP;S�O PAULO
44660272000193;CORDEIROPOLIS;SP;SÃO PAULO;SUSP;S�O PAULO
46634192000199;CORONEL MACEDO;SP;SÃO PAULO;SUSP;S�O PAULO
44730331000152;COSMOPOLIS;SP;SÃO PAULO;SUSP;S�O PAULO
46523049000120;COTIA;SP;SÃO PAULO;SUSP;S�O PAULO
45228319000107;CRAVINHOS;SP;SÃO PAULO;SUSP;S�O PAULO
45307980000108;CRISTAIS PAULISTA;SP;SÃO PAULO;SUSP;S�O PAULO
46179966000139;CRUZALIA;SP;SÃO PAULO;SUSP;S�O PAULO
47492806000108;CUBATAO;SP;SÃO PAULO;SUSP;S�O PAULO
46523247000193;DIADEMA;SP;SÃO PAULO;SUSP;S�O PAULO
46435921000188;DIVINOLANDIA;SP;SÃO PAULO;SUSP;S�O PAULO
45671120000159;DOIS CORREGOS;SP;SÃO PAULO;SUSP;S�O PAULO
46137485000160;DUARTINA;SP;SÃO PAULO;SUSP;S�O PAULO
46940888000143;DUMONT;SP;SÃO PAULO;SUSP;S�O PAULO
44470300000100;ECHAPORA;SP;SÃO PAULO;SUSP;S�O PAULO
45089885000185;ELDORADO;SP;SÃO PAULO;SUSP;S�O PAULO
44723740000121;ELIAS FAUSTO;SP;SÃO PAULO;SUSP;S�O PAULO
46523114000117;EMBU DAS ARTES;SP;SÃO PAULO;SUSP;S�O PAULO
46523148000101;EMBU-GUACU;SP;SÃO PAULO;SUSP;S�O PAULO
67996363000108;ENGENHEIRO COELHO;SP;SÃO PAULO;SUSP;S�O PAULO
45739083000173;ESPIRITO SANTO DO PINHAL;SP;SÃO PAULO;SUSP;S�O PAULO
57264509000169;ESPIRITO SANTO DO TURVO;SP;SÃO PAULO;SUSP;S�O PAULO
67168856000141;ESTIVA GERBI;SP;SÃO PAULO;SUSP;S�O PAULO
46223707000168;FARTURA;SP;SÃO PAULO;SUSP;S�O PAULO
01612848000134;FERNAO;SP;SÃO PAULO;SUSP;S�O PAULO
46523197000144;FERRAZ DE VASCONCELOS;SP;SÃO PAULO;SUSP;S�O PAULO
44493575000169;FLORINEA;SP;SÃO PAULO;SUSP;S�O PAULO
47970769000104;FRANCA;SP;SÃO PAULO;SUSP;S�O PAULO
46523072000114;FRANCISCO MORATO;SP;SÃO PAULO;SUSP;S�O PAULO
46523080000160;FRANCO DA ROCHA;SP;SÃO PAULO;SUSP;S�O PAULO
44518389000137;GALIA;SP;SÃO PAULO;SUSP;S�O PAULO
44518371000135;GARCA;SP;SÃO PAULO;SUSP;S�O PAULO
44528842000196;GETULINA;SP;SÃO PAULO;SUSP;S�O PAULO
44529592000109;GUAIMBE;SP;SÃO PAULO;SUSP;S�O PAULO
48344014000159;GUAIRA;SP;SÃO PAULO;SUSP;S�O PAULO
46634275000188;GUAPIARA;SP;SÃO PAULO;SUSP;S�O PAULO
45353299000104;GUARA;SP;SÃO PAULO;SUSP;S�O PAULO
46187506000152;GUARANTA;SP;SÃO PAULO;SUSP;S�O PAULO
46523262000131;GUARAREMA;SP;SÃO PAULO;SUSP;S�O PAULO
46634267000131;GUAREI;SP;SÃO PAULO;SUSP;S�O PAULO
44959021000104;GUARUJA;SP;SÃO PAULO;SUSP;S�O PAULO
46319000000150;GUARULHOS;SP;SÃO PAULO;SUSP;S�O PAULO
67172437000183;HOLAMBRA;SP;SÃO PAULO;SUSP;S�O PAULO
67995027000132;HORTOLANDIA;SP;SÃO PAULO;SUSP;S�O PAULO
46137477000114;IACANGA;SP;SÃO PAULO;SUSP;S�O PAULO
57263949000100;IARAS;SP;SÃO PAULO;SUSP;S�O PAULO
46211694000107;IBIRAREMA;SP;SÃO PAULO;SUSP;S�O PAULO
45321460000150;IBITINGA;SP;SÃO PAULO;SUSP;S�O PAULO
46634531000137;IBIUNA;SP;SÃO PAULO;SUSP;S�O PAULO
44498467000189;IGARACU DO TIETE;SP;SÃO PAULO;SUSP;S�O PAULO
45324290000167;IGARAPAVA;SP;SÃO PAULO;SUSP;S�O PAULO
46694147000120;IGARATA;SP;SÃO PAULO;SUSP;S�O PAULO
45550167000164;IGUAPE;SP;SÃO PAULO;SUSP;S�O PAULO
64037872000107;ILHA COMPRIDA;SP;SÃO PAULO;SUSP;S�O PAULO
46482865000132;ILHABELA;SP;SÃO PAULO;SUSP;S�O PAULO
44733608000109;INDAIATUBA;SP;SÃO PAULO;SUSP;S�O PAULO
44563583000134;IPAUSSU;SP;SÃO PAULO;SUSP;S�O PAULO
46634085000160;IPERO;SP;SÃO PAULO;SUSP;S�O PAULO
46634283000124;IPORANGA;SP;SÃO PAULO;SUSP;S�O PAULO
49556863000139;IPUA;SP;SÃO PAULO;SUSP;S�O PAULO
45786159000111;IRACEMAPOLIS;SP;SÃO PAULO;SUSP;S�O PAULO
46634374000160;ITABERA;SP;SÃO PAULO;SUSP;S�O PAULO
46634200000105;ITAI;SP;SÃO PAULO;SUSP;S�O PAULO
44496313000158;ITAJU;SP;SÃO PAULO;SUSP;S�O PAULO
46578498000175;ITANHAEM;SP;SÃO PAULO;SUSP;S�O PAULO
67360362000164;ITAOCA;SP;SÃO PAULO;SUSP;S�O PAULO
46523130000100;ITAPECERICA DA SERRA;SP;SÃO PAULO;SUSP;S�O PAULO
46634291000170;ITAPETININGA;SP;SÃO PAULO;SUSP;S�O PAULO
46634358000177;ITAPEVA;SP;SÃO PAULO;SUSP;S�O PAULO
46523031000128;ITAPEVI;SP;SÃO PAULO;SUSP;S�O PAULO
45281144000100;ITAPIRA;SP;SÃO PAULO;SUSP;S�O PAULO
67360438000151;ITAPIRAPUA PAULISTA;SP;SÃO PAULO;SUSP;S�O PAULO
46634408000116;ITAPORANGA;SP;SÃO PAULO;SUSP;S�O PAULO
46189726000115;ITAPUI;SP;SÃO PAULO;SUSP;S�O PAULO
46316600000164;ITAQUAQUECETUBA;SP;SÃO PAULO;SUSP;S�O PAULO
46634390000152;ITARARE;SP;SÃO PAULO;SUSP;S�O PAULO
46578522000176;ITARIRI;SP;SÃO PAULO;SUSP;S�O PAULO
50122571000177;ITATIBA;SP;SÃO PAULO;SUSP;S�O PAULO
46634127000163;ITATINGA;SP;SÃO PAULO;SUSP;S�O PAULO
45317955000105;ITIRAPUA;SP;SÃO PAULO;SUSP;S�O PAULO
45735461000140;ITOBI;SP;SÃO PAULO;SUSP;S�O PAULO
46634440000100;ITU;SP;SÃO PAULO;SUSP;S�O PAULO
45780061000157;ITUPEVA;SP;SÃO PAULO;SUSP;S�O PAULO
46710422000151;ITUVERAVA;SP;SÃO PAULO;SUSP;S�O PAULO
52382702000180;JABORANDI;SP;SÃO PAULO;SUSP;S�O PAULO
46582185000190;JACUPIRANGA;SP;SÃO PAULO;SUSP;S�O PAULO
46410866000171;JAGUARIUNA;SP;SÃO PAULO;SUSP;S�O PAULO
46522991000173;JANDIRA;SP;SÃO PAULO;SUSP;S�O PAULO
44229821000170;JARDINOPOLIS;SP;SÃO PAULO;SUSP;S�O PAULO
45780079000159;JARINU;SP;SÃO PAULO;SUSP;S�O PAULO
46195079000154;JAU;SP;SÃO PAULO;SUSP;S�O PAULO
45353315000150;JERIQUARA;SP;SÃO PAULO;SUSP;S�O PAULO
45290418000119;JOANOPOLIS;SP;SÃO PAULO;SUSP;S�O PAULO
44518496000165;JULIO MESQUITA;SP;SÃO PAULO;SUSP;S�O PAULO
01612150000119;JUMIRIM;SP;SÃO PAULO;SUSP;S�O PAULO
45780103000150;JUNDIAI;SP;SÃO PAULO;SUSP;S�O PAULO
46585964000140;JUQUIA;SP;SÃO PAULO;SUSP;S�O PAULO
46523155000103;JUQUITIBA;SP;SÃO PAULO;SUSP;S�O PAULO
46634606000180;LARANJAL PAULISTA;SP;SÃO PAULO;SUSP;S�O PAULO
46200846000176;LENCOIS PAULISTA;SP;SÃO PAULO;SUSP;S�O PAULO
45132495000140;LIMEIRA;SP;SÃO PAULO;SUSP;S�O PAULO
45678000000183;LINDOIA;SP;SÃO PAULO;SUSP;S�O PAULO
44531788000138;LINS;SP;SÃO PAULO;SUSP;S�O PAULO
18009906000132;LOUVEIRA;SP;SÃO PAULO;SUSP;S�O PAULO
44518504000173;LUCIANOPOLIS;SP;SÃO PAULO;SUSP;S�O PAULO
44518397000183;LUPERCIO;SP;SÃO PAULO;SUSP;S�O PAULO
44544880000132;LUTECIA;SP;SÃO PAULO;SUSP;S�O PAULO
46200853000178;MACATUBA;SP;SÃO PAULO;SUSP;S�O PAULO
45944428000120;MAIRINQUE;SP;SÃO PAULO;SUSP;S�O PAULO
46523163000150;MAIRIPORA;SP;SÃO PAULO;SUSP;S�O PAULO
46223749000107;MANDURI;SP;SÃO PAULO;SUSP;S�O PAULO
44494136000170;MARACAI;SP;SÃO PAULO;SUSP;S�O PAULO
44477909000100;MARILIA;SP;SÃO PAULO;SUSP;S�O PAULO
46522959000198;MAUA;SP;SÃO PAULO;SUSP;S�O PAULO
45353307000104;MIGUELOPOLIS;SP;SÃO PAULO;SUSP;S�O PAULO
46199253000137;MINEIROS DO TIETE;SP;SÃO PAULO;SUSP;S�O PAULO
46583654000196;MIRACATU;SP;SÃO PAULO;SUSP;S�O PAULO
44763928000101;MOCOCA;SP;SÃO PAULO;SUSP;S�O PAULO
46523270000188;MOGI DAS CRUZES;SP;SÃO PAULO;SUSP;S�O PAULO
45301264000113;MOGI GUACU;SP;SÃO PAULO;SUSP;S�O PAULO
45332095000189;MOGI MIRIM;SP;SÃO PAULO;SUSP;S�O PAULO
44723765000125;MOMBUCA;SP;SÃO PAULO;SUSP;S�O PAULO
46578506000183;MONGAGUA;SP;SÃO PAULO;SUSP;S�O PAULO
52846144000167;MONTE ALEGRE DO SUL;SP;SÃO PAULO;SUSP;S�O PAULO
45787652000156;MONTE MOR;SP;SÃO PAULO;SUSP;S�O PAULO
45345899000112;MORRO AGUDO;SP;SÃO PAULO;SUSP;S�O PAULO
45755238000165;MORUNGABA;SP;SÃO PAULO;SUSP;S�O PAULO
68319987000145;MOTUCA;SP;SÃO PAULO;SUSP;S�O PAULO
45279643000154;NAZARE PAULISTA;SP;SÃO PAULO;SUSP;S�O PAULO
60123072000158;NOVA CAMPINA;SP;SÃO PAULO;SUSP;S�O PAULO
45781184000102;NOVA ODESSA;SP;SÃO PAULO;SUSP;S�O PAULO
46754388000117;NUPORANGA;SP;SÃO PAULO;SUSP;S�O PAULO
44482248000101;OCAUCU;SP;SÃO PAULO;SUSP;S�O PAULO
46223764000147;OLEO;SP;SÃO PAULO;SUSP;S�O PAULO
44482552000159;ORIENTE;SP;SÃO PAULO;SUSP;S�O PAULO
45351749000111;ORLANDIA;SP;SÃO PAULO;SUSP;S�O PAULO
46523171000104;OSASCO;SP;SÃO PAULO;SUSP;S�O PAULO
44544898000134;OSCAR BRESSANE;SP;SÃO PAULO;SUSP;S�O PAULO
53415717000160;OURINHOS;SP;SÃO PAULO;SUSP;S�O PAULO
44543981000199;PALMITAL;SP;SÃO PAULO;SUSP;S�O PAULO
44547305000193;PARAGUACU PAULISTA;SP;SÃO PAULO;SUSP;S�O PAULO
44937365000112;PARANAPANEMA;SP;SÃO PAULO;SUSP;S�O PAULO
46634150000158;PARDINHO;SP;SÃO PAULO;SUSP;S�O PAULO
45685120000108;PARIQUERA-ACU;SP;SÃO PAULO;SUSP;S�O PAULO
45318185000115;PATROCINIO PAULISTA;SP;SÃO PAULO;SUSP;S�O PAULO
45751435000106;PAULINIA;SP;SÃO PAULO;SUSP;S�O PAULO
01614826000103;PAULISTANIA;SP;SÃO PAULO;SUSP;S�O PAULO
46189718000179;PEDERNEIRAS;SP;SÃO PAULO;SUSP;S�O PAULO
45290426000165;PEDRA BELA;SP;SÃO PAULO;SUSP;S�O PAULO
45318466000178;PEDREGULHO;SP;SÃO PAULO;SUSP;S�O PAULO
46410775000136;PEDREIRA;SP;SÃO PAULO;SUSP;S�O PAULO
64614381000181;PEDRINHAS PAULISTA;SP;SÃO PAULO;SUSP;S�O PAULO
46578530000112;PEDRO DE TOLEDO;SP;SÃO PAULO;SUSP;S�O PAULO
46634622000172;PEREIRAS;SP;SÃO PAULO;SUSP;S�O PAULO
46578514000120;PERUIBE;SP;SÃO PAULO;SUSP;S�O PAULO
46634457000159;PIEDADE;SP;SÃO PAULO;SUSP;S�O PAULO
46634473000141;PILAR DO SUL;SP;SÃO PAULO;SUSP;S�O PAULO
45623600000144;PINHALZINHO;SP;SÃO PAULO;SUSP;S�O PAULO
45279627000161;PIRACAIA;SP;SÃO PAULO;SUSP;S�O PAULO
46341038000129;PIRACICABA;SP;SÃO PAULO;SUSP;S�O PAULO
46223699000150;PIRAJU;SP;SÃO PAULO;SUSP;S�O PAULO
44555027000116;PIRAJUI;SP;SÃO PAULO;SUSP;S�O PAULO
46523007000199;PIRAPORA DO BOM JESUS;SP;SÃO PAULO;SUSP;S�O PAULO
45731650000145;PIRASSUNUNGA;SP;SÃO PAULO;SUSP;S�O PAULO
46137451000176;PIRATININGA;SP;SÃO PAULO;SUSP;S�O PAULO
45370707000128;PITANGUEIRAS;SP;SÃO PAULO;SUSP;S�O PAULO
44543999000190;PLATINA;SP;SÃO PAULO;SUSP;S�O PAULO
55021455000185;POA;SP;SÃO PAULO;SUSP;S�O PAULO
44483444000109;POMPEIA;SP;SÃO PAULO;SUSP;S�O PAULO
46227849000101;PONGAI;SP;SÃO PAULO;SUSP;S�O PAULO
45352267000186;PONTAL;SP;SÃO PAULO;SUSP;S�O PAULO
46634580000170;PORANGABA;SP;SÃO PAULO;SUSP;S�O PAULO
46634481000198;PORTO FELIZ;SP;SÃO PAULO;SUSP;S�O PAULO
45339363000194;PORTO FERREIRA;SP;SÃO PAULO;SUSP;S�O PAULO
46177531000155;PRAIA GRANDE;SP;SÃO PAULO;SUSP;S�O PAULO
01576782000174;PRATANIA;SP;SÃO PAULO;SUSP;S�O PAULO
44555688000141;PRESIDENTE ALVES;SP;SÃO PAULO;SUSP;S�O PAULO
01612145000106;QUADRA;SP;SÃO PAULO;SUSP;S�O PAULO
44723757000189;RAFARD;SP;SÃO PAULO;SUSP;S�O PAULO
44556033000198;REGINOPOLIS;SP;SÃO PAULO;SUSP;S�O PAULO
45685872000179;REGISTRO;SP;SÃO PAULO;SUSP;S�O PAULO
45318581000142;RESTINGA;SP;SÃO PAULO;SUSP;S�O PAULO
46634325000127;RIBEIRA;SP;SÃO PAULO;SUSP;S�O PAULO
46634366000113;RIBEIRAO BRANCO;SP;SÃO PAULO;SUSP;S�O PAULO
45318789000161;RIBEIRAO CORRENTE;SP;SÃO PAULO;SUSP;S�O PAULO
46211702000115;RIBEIRAO DO SUL;SP;SÃO PAULO;SUSP;S�O PAULO
67360446000106;RIBEIRAO GRANDE;SP;SÃO PAULO;SUSP;S�O PAULO
46522967000134;RIBEIRAO PIRES;SP;SÃO PAULO;SUSP;S�O PAULO
56024581000156;RIBEIRAO PRETO;SP;SÃO PAULO;SUSP;S�O PAULO
45318995000171;RIFAINA;SP;SÃO PAULO;SUSP;S�O PAULO
44826840000183;RIO DAS PEDRAS;SP;SÃO PAULO;SUSP;S�O PAULO
46522975000180;RIO GRANDE DA SERRA;SP;SÃO PAULO;SUSP;S�O PAULO
46634416000162;RIVERSUL;SP;SÃO PAULO;SUSP;S�O PAULO
44534089000141;SABINO;SP;SÃO PAULO;SUSP;S�O PAULO
46756029000107;SALES OLIVEIRA;SP;SÃO PAULO;SUSP;S�O PAULO
46523296000126;SALESOPOLIS;SP;SÃO PAULO;SUSP;S�O PAULO
66831959000187;SALTINHO;SP;SÃO PAULO;SUSP;S�O PAULO
46634507000106;SALTO;SP;SÃO PAULO;SUSP;S�O PAULO
46634093000107;SALTO DE PIRAPORA;SP;SÃO PAULO;SUSP;S�O PAULO
46211686000160;SALTO GRANDE;SP;SÃO PAULO;SUSP;S�O PAULO
46422408000152;SANTA BARBARA D'OESTE;SP;SÃO PAULO;SUSP;S�O PAULO
46694121000181;SANTA BRANCA;SP;SÃO PAULO;SUSP;S�O PAULO
01611007000102;SANTA CRUZ DA ESPERANCA;SP;SÃO PAULO;SUSP;S�O PAULO
46371654000122;SANTA CRUZ DAS PALMEIRAS;SP;SÃO PAULO;SUSP;S�O PAULO
46231890000143;SANTA CRUZ DO RIO PARDO;SP;SÃO PAULO;SUSP;S�O PAULO
56900848000121;SANTA ISABEL;SP;SÃO PAULO;SUSP;S�O PAULO
45749819000194;SANTA RITA DO PASSA QUATRO;SP;SÃO PAULO;SUSP;S�O PAULO
45368545000193;SANTA ROSA DE VITERBO;SP;SÃO PAULO;SUSP;S�O PAULO
46522983000127;SANTANA DE PARNAIBA;SP;SÃO PAULO;SUSP;S�O PAULO
46522942000130;SANTO ANDRE;SP;SÃO PAULO;SUSP;S�O PAULO
45302130000117;SANTO ANTONIO DA ALEGRIA;SP;SÃO PAULO;SUSP;S�O PAULO
45331196000135;SANTO ANTONIO DE POSSE;SP;SÃO PAULO;SUSP;S�O PAULO
45739091000110;SANTO ANTONIO DO JARDIM;SP;SÃO PAULO;SUSP;S�O PAULO
58200015000183;SANTOS;SP;SÃO PAULO;SUSP;S�O PAULO
46523239000147;SAO BERNARDO DO CAMPO;SP;SÃO PAULO;SUSP;S�O PAULO
59307595000175;SAO CAETANO DO SUL;SP;SÃO PAULO;SUSP;S�O PAULO
46429379000150;SAO JOAO DA BOA VISTA;SP;SÃO PAULO;SUSP;S�O PAULO
59851543000165;SAO JOAQUIM DA BARRA;SP;SÃO PAULO;SUSP;S�O PAULO
59851600000106;SAO JOSE DA BELA VISTA;SP;SÃO PAULO;SUSP;S�O PAULO
45741659000137;SAO JOSE DO RIO PARDO;SP;SÃO PAULO;SUSP;S�O PAULO
59058131000172;SAO LOURENCO DA SERRA;SP;SÃO PAULO;SUSP;S�O PAULO
46634523000190;SAO MANUEL;SP;SÃO PAULO;SUSP;S�O PAULO
46634333000173;SAO MIGUEL ARCANJO;SP;SÃO PAULO;SUSP;S�O PAULO
46395000000139;SAO PAULO;SP;SÃO PAULO;SUSP;S�O PAULO
46415998000196;SAO PEDRO;SP;SÃO PAULO;SUSP;S�O PAULO
44567014000167;SAO PEDRO DO TURVO;SP;SÃO PAULO;SUSP;S�O PAULO
70946009000175;SAO ROQUE;SP;SÃO PAULO;SUSP;S�O PAULO
46482832000192;SAO SEBASTIAO;SP;SÃO PAULO;SUSP;S�O PAULO
45741527000105;SAO SEBASTIAO DA GRAMA;SP;SÃO PAULO;SUSP;S�O PAULO
46177523000109;SAO VICENTE;SP;SÃO PAULO;SUSP;S�O PAULO
46634341000110;SARAPUI;SP;SÃO PAULO;SUSP;S�O PAULO
46223731000105;SARUTAIA;SP;SÃO PAULO;SUSP;S�O PAULO
44229839000171;SERRA AZUL;SP;SÃO PAULO;SUSP;S�O PAULO
44847663000111;SERRA NEGRA;SP;SÃO PAULO;SUSP;S�O PAULO
44229813000123;SERRANA;SP;SÃO PAULO;SUSP;S�O PAULO
45371820000128;SERTAOZINHO;SP;SÃO PAULO;SUSP;S�O PAULO
46587275000174;SETE BARRAS;SP;SÃO PAULO;SUSP;S�O PAULO
46444063000138;SOCORRO;SP;SÃO PAULO;SUSP;S�O PAULO
46634044000174;SOROCABA;SP;SÃO PAULO;SUSP;S�O PAULO
45787660000100;SUMARE;SP;SÃO PAULO;SUSP;S�O PAULO
46523056000121;SUZANO;SP;SÃO PAULO;SUSP;S�O PAULO
46523122000163;TABOAO DA SERRA;SP;SÃO PAULO;SUSP;S�O PAULO
46223723000150;TAGUAI;SP;SÃO PAULO;SUSP;S�O PAULO
46373445000118;TAMBAU;SP;SÃO PAULO;SUSP;S�O PAULO
46634465000103;TAPIRAI;SP;SÃO PAULO;SUSP;S�O PAULO
45742707000101;TAPIRATIBA;SP;SÃO PAULO;SUSP;S�O PAULO
46634218000107;TAQUARITUBA;SP;SÃO PAULO;SUSP;S�O PAULO
60123049000163;TAQUARIVAI;SP;SÃO PAULO;SUSP;S�O PAULO
64614449000122;TARUMA;SP;SÃO PAULO;SUSP;S�O PAULO
46634564000187;TATUI;SP;SÃO PAULO;SUSP;S�O PAULO
46223756000109;TEJUPA;SP;SÃO PAULO;SUSP;S�O PAULO
45709896000110;TERRA ROXA;SP;SÃO PAULO;SUSP;S�O PAULO
46634598000171;TIETE;SP;SÃO PAULO;SUSP;S�O PAULO
46223715000104;TIMBURI;SP;SÃO PAULO;SUSP;S�O PAULO
67363416000145;TORRE DE PEDRA;SP;SÃO PAULO;SUSP;S�O PAULO
67160481000173;TUIUTI;SP;SÃO PAULO;SUSP;S�O PAULO
46231882000105;UBIRAJARA;SP;SÃO PAULO;SUSP;S�O PAULO
44556207000112;URU;SP;SÃO PAULO;SUSP;S�O PAULO
45787678000102;VALINHOS;SP;SÃO PAULO;SUSP;S�O PAULO
67160507000183;VARGEM;SP;SÃO PAULO;SUSP;S�O PAULO
46248837000155;VARGEM GRANDE DO SUL;SP;SÃO PAULO;SUSP;S�O PAULO
51455087000122;VARGEM GRANDE PAULISTA;SP;SÃO PAULO;SUSP;S�O PAULO
45780087000103;VARZEA PAULISTA;SP;SÃO PAULO;SUSP;S�O PAULO
72887078000180;VERA CRUZ;SP;SÃO PAULO;SUSP;S�O PAULO
46446696000185;VINHEDO;SP;SÃO PAULO;SUSP;S�O PAULO
45709912000175;VIRADOURO;SP;SÃO PAULO;SUSP;S�O PAULO
46634051000176;VOTORANTIM;SP;SÃO PAULO;SUSP;S�O PAULO
37425451000180;ABREULANDIA;TO;BAHIA;SUBA;BAHIA
01634074000142;AGUIARNOPOLIS;TO;BAHIA;SUBA;BAHIA
25042219000184;ALIANCA DO TOCANTINS;TO;BAHIA;SUBA;BAHIA
01138551000189;ALMAS;TO;BAHIA;SUBA;BAHIA
01800242000122;ALVORADA;TO;BAHIA;SUBA;BAHIA
00237362000109;ANANAS;TO;BAHIA;SUBA;BAHIA
25064098000171;ANGICO;TO;BAHIA;SUBA;BAHIA
25086638000118;APARECIDA DO RIO NEGRO;TO;BAHIA;SUBA;BAHIA
25063884000154;ARAGOMINAS;TO;BAHIA;SUBA;BAHIA
02070621000177;ARAGUACEMA;TO;BAHIA;SUBA;BAHIA
02391407000112;ARAGUACU;TO;BAHIA;SUBA;BAHIA
01830793000139;ARAGUAINA;TO;BAHIA;SUBA;BAHIA
25063892000109;ARAGUANA;TO;BAHIA;SUBA;BAHIA
01237403000111;ARAGUATINS;TO;BAHIA;SUBA;BAHIA
00237370000147;ARAPOEMA;TO;BAHIA;SUBA;BAHIA
01125780000169;ARRAIAS;TO;BAHIA;SUBA;BAHIA
00237206000130;AUGUSTINOPOLIS;TO;BAHIA;SUBA;BAHIA
01067107000110;AURORA DO TOCANTINS;TO;BAHIA;SUBA;BAHIA
00766725000195;AXIXA DO TOCANTINS;TO;BAHIA;SUBA;BAHIA
02401248000190;BABACULANDIA;TO;BAHIA;SUBA;BAHIA
01612819000172;BANDEIRANTES DO TOCANTINS;TO;BAHIA;SUBA;BAHIA
01612818000128;BARRA DO OURO;TO;BAHIA;SUBA;BAHIA
24851453000190;BARROLANDIA;TO;BAHIA;SUBA;BAHIA
25086596000115;BERNARDO SAYAO;TO;BAHIA;SUBA;BAHIA
37420775000126;BOM JESUS DO TOCANTINS;TO;BAHIA;SUBA;BAHIA
37420718000147;BRASILANDIA DO TOCANTINS;TO;BAHIA;SUBA;BAHIA
02884153000174;BREJINHO DE NAZARE;TO;BAHIA;SUBA;BAHIA
25061722000187;BURITI DO TOCANTINS;TO;BAHIA;SUBA;BAHIA
25064064000187;CACHOEIRINHA;TO;BAHIA;SUBA;BAHIA
25063959000105;CAMPOS LINDOS;TO;BAHIA;SUBA;BAHIA
37344397000149;CARIRI DO TOCANTINS;TO;BAHIA;SUBA;BAHIA
25063868000161;CARMOLANDIA;TO;BAHIA;SUBA;BAHIA
25064023000190;CARRASCO BONITO;TO;BAHIA;SUBA;BAHIA
24851487000184;CASEARA;TO;BAHIA;SUBA;BAHIA
37420676000144;CENTENARIO;TO;BAHIA;SUBA;BAHIA
01613086000190;CHAPADA DA NATIVIDADE;TO;BAHIA;SUBA;BAHIA
01625984000169;CHAPADA DE AREIA;TO;BAHIA;SUBA;BAHIA
01795483000120;COLINAS DO TOCANTINS;TO;BAHIA;SUBA;BAHIA
02070746000105;COLMEIA;TO;BAHIA;SUBA;BAHIA
33255043000177;COMBINADO;TO;BAHIA;SUBA;BAHIA
01067149000150;CONCEICAO DO TOCANTINS;TO;BAHIA;SUBA;BAHIA
;COUTO DE MAGALHAES;TO;BAHIA;SUBA;BAHIA
01067156000152;CRISTALANDIA;TO;BAHIA;SUBA;BAHIA
01612821000141;CRIXAS DO TOCANTINS;TO;BAHIA;SUBA;BAHIA
25064072000123;DARCINOPOLIS;TO;BAHIA;SUBA;BAHIA
01138957000161;DIANOPOLIS;TO;BAHIA;SUBA;BAHIA
24851461000136;DIVINOPOLIS DO TOCANTINS;TO;BAHIA;SUBA;BAHIA
02070563000181;DOIS IRMAOS DO TOCANTINS;TO;BAHIA;SUBA;BAHIA
01351667000100;DUERE;TO;BAHIA;SUBA;BAHIA
25064080000170;ESPERANTINA;TO;BAHIA;SUBA;BAHIA
00114801000188;FATIMA;TO;BAHIA;SUBA;BAHIA
00003848000174;FIGUEIROPOLIS;TO;BAHIA;SUBA;BAHIA
00766709000100;FILADELFIA;TO;BAHIA;SUBA;BAHIA
11429603000120;FORMOSO DO ARAGUAIA;TO;BAHIA;SUBA;BAHIA
25086612000170;GOIANORTE;TO;BAHIA;SUBA;BAHIA
01832476000151;GOIATINS;TO;BAHIA;SUBA;BAHIA
02070548000133;GUARAI;TO;BAHIA;SUBA;BAHIA
01803618000152;GURUPI;TO;BAHIA;SUBA;BAHIA
01613094000137;IPUEIRAS;TO;BAHIA;SUBA;BAHIA
02411726000142;ITACAJA;TO;BAHIA;SUBA;BAHIA
01395458000150;ITAGUATINS;TO;BAHIA;SUBA;BAHIA
37425683000139;ITAPIRATINS;TO;BAHIA;SUBA;BAHIA
02739753000149;ITAPORA DO TOCANTINS;TO;BAHIA;SUBA;BAHIA
37344413000101;JAU DO TOCANTINS;TO;BAHIA;SUBA;BAHIA
37426509000100;JUARINA;TO;BAHIA;SUBA;BAHIA
26753137000100;LAGOA DA CONFUSAO;TO;BAHIA;SUBA;BAHIA
37420916000100;LAGOA DO TOCANTINS;TO;BAHIA;SUBA;BAHIA
37420650000104;LAJEADO;TO;BAHIA;SUBA;BAHIA
01618402000117;LAVANDEIRA;TO;BAHIA;SUBA;BAHIA
02070571000128;LIZARDA;TO;BAHIA;SUBA;BAHIA
01631059000140;LUZINOPOLIS;TO;BAHIA;SUBA;BAHIA
24851479000138;MARIANOPOLIS DO TOCANTINS;TO;BAHIA;SUBA;BAHIA
26753129000164;MATEIROS;TO;BAHIA;SUBA;BAHIA
25064015000144;MAURILANDIA DO TOCANTINS;TO;BAHIA;SUBA;BAHIA
02070357000171;MIRACEMA DO TOCANTINS;TO;BAHIA;SUBA;BAHIA
02070720000159;MIRANORTE;TO;BAHIA;SUBA;BAHIA
01067891000166;MONTE DO CARMO;TO;BAHIA;SUBA;BAHIA
01613093000192;MONTE SANTO DO TOCANTINS;TO;BAHIA;SUBA;BAHIA
25063876000108;MURICILANDIA;TO;BAHIA;SUBA;BAHIA
01809474000141;NATIVIDADE;TO;BAHIA;SUBA;BAHIA
00766691000139;NAZARE;TO;BAHIA;SUBA;BAHIA
00001602000163;NOVA OLINDA;TO;BAHIA;SUBA;BAHIA
24851495000120;NOVA ROSALANDIA;TO;BAHIA;SUBA;BAHIA
01067933000169;NOVO ACORDO;TO;BAHIA;SUBA;BAHIA
33266248000158;NOVO ALEGRE;TO;BAHIA;SUBA;BAHIA
33265943000103;NOVO JARDIM;TO;BAHIA;SUBA;BAHIA
01629809000140;OLIVEIRA DE FATIMA;TO;BAHIA;SUBA;BAHIA
24851511000185;PALMAS;TO;BAHIA;SUBA;BAHIA
25064049000139;PALMEIRANTE;TO;BAHIA;SUBA;BAHIA
25064056000130;PALMEIRAS DO TOCANTINS;TO;BAHIA;SUBA;BAHIA
00007401000173;PALMEIROPOLIS;TO;BAHIA;SUBA;BAHIA
00299180000154;PARAISO DO TOCANTINS;TO;BAHIA;SUBA;BAHIA
01126556000191;PARANA;TO;BAHIA;SUBA;BAHIA
25063991000182;PAU D'ARCO;TO;BAHIA;SUBA;BAHIA
02070589000120;PEDRO AFONSO;TO;BAHIA;SUBA;BAHIA
02396166000102;PEIXE;TO;BAHIA;SUBA;BAHIA
25086604000123;PEQUIZEIRO;TO;BAHIA;SUBA;BAHIA
02155331000126;PINDORAMA DO TOCANTINS;TO;BAHIA;SUBA;BAHIA
25063942000140;PIRAQUE;TO;BAHIA;SUBA;BAHIA
01189497000109;PIUM;TO;BAHIA;SUBA;BAHIA
01067966000109;PONTE ALTA DO BOM JESUS;TO;BAHIA;SUBA;BAHIA
01067974000155;PONTE ALTA DO TOCANTINS;TO;BAHIA;SUBA;BAHIA
33254558000152;PORTO ALEGRE DO TOCANTINS;TO;BAHIA;SUBA;BAHIA
00299198000156;PORTO NACIONAL;TO;BAHIA;SUBA;BAHIA
25061789000111;PRAIA NORTE;TO;BAHIA;SUBA;BAHIA
01785492000130;PRESIDENTE KENNEDY;TO;BAHIA;SUBA;BAHIA
01615883000107;PUGMIL;TO;BAHIA;SUBA;BAHIA
37421146000110;RECURSOLANDIA;TO;BAHIA;SUBA;BAHIA
25063926000157;RIACHINHO;TO;BAHIA;SUBA;BAHIA
33262536000134;RIO DA CONCEICAO;TO;BAHIA;SUBA;BAHIA
37420932000101;RIO DOS BOIS;TO;BAHIA;SUBA;BAHIA
00000729000168;RIO SONO;TO;BAHIA;SUBA;BAHIA
25086828000135;SAMPAIO;TO;BAHIA;SUBA;BAHIA
37344355000108;SANDOLANDIA;TO;BAHIA;SUBA;BAHIA
25063918000100;SANTA FE DO ARAGUAIA;TO;BAHIA;SUBA;BAHIA
37421039000192;SANTA MARIA DO TOCANTINS;TO;BAHIA;SUBA;BAHIA
01613127000149;SANTA RITA DO TOCANTINS;TO;BAHIA;SUBA;BAHIA
24851503000139;SANTA ROSA DO TOCANTINS;TO;BAHIA;SUBA;BAHIA
25086844000128;SANTA TEREZA DO TOCANTINS;TO;BAHIA;SUBA;BAHIA
01634030000112;SANTA TEREZINHA DO TOCANTINS;TO;BAHIA;SUBA;BAHIA
25063983000136;SAO BENTO DO TOCANTINS;TO;BAHIA;SUBA;BAHIA
26753145000157;SAO FELIX DO TOCANTINS;TO;BAHIA;SUBA;BAHIA
25064007000106;SAO MIGUEL DO TOCANTINS;TO;BAHIA;SUBA;BAHIA
37344371000109;SAO SALVADOR DO TOCANTINS;TO;BAHIA;SUBA;BAHIA
00766733000131;SAO SEBASTIAO DO TOCANTINS;TO;BAHIA;SUBA;BAHIA
25043449000168;SAO VALERIO;TO;BAHIA;SUBA;BAHIA
00114819000180;SILVANOPOLIS;TO;BAHIA;SUBA;BAHIA
00766717000149;SITIO NOVO DO TOCANTINS;TO;BAHIA;SUBA;BAHIA
37344439000141;SUCUPIRA;TO;BAHIA;SUBA;BAHIA
37421112000126;TABOCAO;TO;BAHIA;SUBA;BAHIA
02306900000197;TAGUATINGA;TO;BAHIA;SUBA;BAHIA
33261694000170;TAIPAS DO TOCANTINS;TO;BAHIA;SUBA;BAHIA
01612820000105;TALISMA;TO;BAHIA;SUBA;BAHIA
02070712000102;TOCANTINIA;TO;BAHIA;SUBA;BAHIA
01224716000135;TOCANTINOPOLIS;TO;BAHIA;SUBA;BAHIA
01613619000134;TUPIRAMA;TO;BAHIA;SUBA;BAHIA
37420692000137;TUPIRATINS;TO;BAHIA;SUBA;BAHIA
00001636000158;WANDERLANDIA;TO;BAHIA;SUBA;BAHIA
02087211000139;XAMBIOA;TO;BAHIA;SUBA;BAHIA
